:020000040800F2
:1000000000000220D97D0008297E0008498E0008E2
:10001000297E0008297E0008297E000800000000D3
:10002000000000000000000000000000116A01084C
:10003000297E000800000000B16A0108156B010864
:10004000297E0008297E0008297E0008297E0008F4
:10005000297E0008297E00086D810008297E00089D
:100060008981000897810008297E0008297E000800
:10007000297E0008297E0008297E0008297E0008C4
:10008000297E0008297E0008297E0008297E0008B4
:10009000297E0008297E0008297E0008297E0008A4
:1000A000297E0008297E0008297E0008297E000894
:1000B000297E0008A5810008297E0008297E000805
:1000C000297E0008297E0008297E0008297E000874
:1000D000297E00089D860008297E00083D8A0008C8
:1000E000297E0008297E0008297E0008297E000854
:1000F00031F20008297E0008297E00085D8600088C
:10010000297E0008297E0008297E0008297E000833
:10011000297E0008297E0008297E0008297E000823
:10012000297E0008297E0008297E0008297E000813
:10013000297E00084DF20008297E0008297E00086B
:10014000297E0008297E0008297E0008297E0008F3
:10015000297E0008297E0008297E0008297E0008E3
:10016000297E0008297E0008297E0008297E0008D3
:10017000297E0008297E0008297E00080000000072
:10018000297E0008297E0008297E0008297E0008B3
:10019000297E0008297E0008297E00080000000052
:0C01A000297E0008297E0008297E000846
:1001C0000348044B834202D0034B03B118477047E6
:1001D0008C3E00208C3E0020000000000548064BAD
:1001E0001B1AD90F01EBA301491002D0034B03B135
:1001F000184770478C3E00208C3E00200000000015
:1002000010B5064C237843B9FFF7DAFF044B13B15E
:100210000448AFF300800123237010BD8C3E002002
:10022000000000009CAC010808B5044B1BB1044958
:100230000448AFF30080BDE80840CFE700000000AD
:10024000903E00209CAC0108830730B547D0541E77
:10025000002A3ED0CAB2034601E0013C39D303F87C
:10026000012B9D07F9D1032C2CD9CDB205EB052527
:100270000F2C05EB054535D9A4F1100222F00F0C27
:1002800003F1100EE6444FEA121C1A46C2E900556B
:10029000C2E9025510327245F8D10CF1010214F096
:1002A0000C0F03EB021204F00F0C13D0ACF104039B
:1002B00023F003030433134442F8045B9342FBD15D
:1002C0000CF003042CB1C9B21C4403F8011BA34277
:1002D000FBD130BD64461346002CF4D1F9E7034648
:1002E0001446C0E71A46A446E0E700BF70B50F4BBE
:1002F0000F4DAB42A3EB050607D0B610002455F80E
:10030000043B01349847A642F9D81AF0C7FC094DBE
:10031000094B5E1BAB424FEAA60606D0002455F8F7
:10032000043B01349847A642F9D870BD78CF010844
:1003300078CF010878CF010880CF0108002301465B
:100340001A46184600F014B838B5074D074C2C1B58
:10035000A41005D0013C55F8043D9847002CF9D174
:10036000BDE838401AF0A0BC84CF010880CF010856
:1003700070B4164D2C681CB365681F2D23DC38B98A
:10038000AB1C0135656044F82310002070BC704739
:1003900004EB850C0228CCF88820D4F888614FF053
:1003A000010202FA05F246EA0206C4F88861CCF8B6
:1003B0000831E5D1D4F88C311343C4F88C31DFE730
:1003C000034C2C60D8E74FF0FF30DFE7A83E002059
:1003D000AC3E002000207047024A0349034800F069
:1003E0000BB900BF80060020410E000898060020CF
:1003F0000C4B4168994210B5044601D000F020FD35
:10040000A168094B994202D0204600F019FDE1682D
:10041000064B994204D02046BDE8104000F010BDC4
:1004200010BD00BF3C400020A44000200C41002033
:10043000002070472DE9F8432A4C2B49DFF8BC9087
:10044000DFF8BC80294FC4F83811002504230822A6
:10045000294604F15C00264EE360C4E90055C4E976
:100460000455A5606566A561FFF7EEFE214B636745
:100470000822294604F1C400C4E90749C4E90987F0
:10048000C4E91A55C4E91E552567C4F8CC50C4F810
:100490008050E662FFF7D8FE174BC4F8DC302946DF
:1004A00004F16803082204F59670C4F88430C4E9A6
:1004B0002298C4E92476C4E93455C4E93855C4F80F
:1004C000D850C4F83451C4F8E850FFF7BDFE04F129
:1004D000D003C4E93C98C4E93E76C4F8EC30BDE8EA
:1004E000F88300BF3C400020D9030008550F0008E6
:1004F000790F00080900010012000200ED0E00084B
:10050000150F0008F8B5254BD3F838310646002BF7
:100510003CD0234FD7E90134013B04D51DE05A1CE0
:1005200004F1680419D0B4F90C50013B002DF6D148
:100530001C4BE360C4E90155C4E9045565662560B8
:10054000A5610822294604F15C00FFF77DFEC4E99D
:100550000C55C4E911552046F8BD3D680DB12F4634
:10056000D8E74FF4D671304600F068F8044680B101
:100570000423C0E900530C302946A0604FF4D07228
:100580002546FFF761FE3C602F46C3E7FFF752FFA9
:10059000BFE70C2338603360DDE700BF3C4000203C
:1005A000800600200100FFFF436B03B17047044B3E
:1005B000044AD3F838314263002BF7D13AE700BF41
:1005C0003C400020F1030008704700BF704700BFA7
:1005D000024A0349002000F00FB800BF8006002047
:1005E000D5030008024A0349002000F005B800BF07
:1005F00080060020310400082DE9F84307468846AC
:1006000016464FF00009D6E90154013D10D4A389E4
:10061000012B08D9B4F90E3001332146384602D0F7
:10062000C04749EA0009013D6B1C04F16804EED1A2
:100630003668002EE7D14846BDE8F8832DE9F04F33
:1006400001F10B05162D83B0064623D8102900F2C0
:10065000AF8000F0ABFC102518230220C04F3B44B4
:10066000A3F108025C68944200F024816368E268A8
:10067000A16823F00303CA602344304691605A689E
:1006800042F001025A6000F093FC0834204603B0A7
:10069000BDE8F08F35F0070500F18A80A94200F22D
:1006A000878000F083FCB5F5FC7FC0F06B816B0A9E
:1006B00000F08280042B00F22381AB0903F13900A2
:1006C00003F1380EC300A64F3B44A3F1080C5C684D
:1006D000A44507D10DE0002AE16880F2E5808C4551
:1006E00007D00C46636823F003035A1B0F2AF2DD80
:1006F0007046DFF870823C69444500F0C280636850
:1007000023F0030CACEB05030F2B00F33F81002B10
:10071000C7E9048880F22A81BCF5007FD7F804E09D
:1007200080F0CE804FEADC0101314FEA5C1C0123EE
:1007300003FA0CF357F83120A2604EEA030E07EBE0
:10074000C103083BE360C7F804E047F83140D460D8
:1007500083104FF0010C0CFA03FCF44532D81CEA6C
:100760000E0F08D120F003004FEA4C0C1CEA0E0FCC
:1007700000F10400F8D007EBC00AD6468146DEF847
:100780000C300BE0596821F003014A1B0F2A1C466C
:10079000DB6800F3C180002A80F2D5809E45F1D14C
:1007A00009F1010919F0030F0EF1080EE7D116E166
:1007B0000C233360002469E74FF4007340204FF0AE
:1007C0003F0E80E7BC68636823F00309A94503D3A3
:1007D000A9EB05030F2B57DCDFF88CB1DBF8002009
:1007E00004EB09031032082002EB0508009300F027
:1007F0006FFBD7F808140131024605D008F1FF3825
:100800008044414201EA080841463046019200F026
:10081000D1FBB0F1FF3F019A824600F0D280009BED
:10082000834200F2CC80DBF804104144CBF8041082
:10083000084602F1FF3C40F0F4801AEA0C0F40F049
:10084000F080D7F808A0C84448F00100CAF80400B6
:10085000DBF82C208A42DBF8302038BFCBF82C1094
:100860008A4238BFCBF83010544620F00308A84520
:10087000A8EB050301D30F2B06DC304600F098FBF4
:1008800098E7D7F804E063E7621943F0010345F005
:10089000010565603046BA60536000F089FB08349A
:1008A000204603B0BDE8F08FA2682344D1603046F3
:1008B0008A60E4E6DC68A3427FF4D8AE023018E731
:1008C000BCF5206F4FEA5C2272D3142A00F2088133
:1008D00002F15C03DB005B32F918FB5808399942DE
:1008E00003D1E4E09B68994204D05A6822F00302E5
:1008F0006245F7D8D968C4E902318C60DC6027E72B
:10090000142B61D9542B00F2F4802B0B03F16F00F0
:1009100003F16E0EC300D6E6D4F808C0304666195F
:1009200045F001056560CCF80C30C3F808C042F012
:100930000103C7E90466C6E902887360625000F0EB
:1009400037FB0834A2E6214430464A6842F00102EF
:100950004A6054F8082FD3609A6000F029FB95E6AE
:10096000B8070020C007002078410020A44430468A
:10097000DCF8043043F00103CCF8043000F018FB3D
:10098000083483E6E80805F1080367E6621943F0D6
:10099000010145F0010565603046C7E90422C2E95E
:1009A0000288516044F80C3000F002FB08346DE618
:1009B0004FEA9C1202F13903DB0038328CE7BC426B
:1009C00028D0BC68606850E703F15C0003F15B0E5F
:1009D000C30078E65AF80839534540F0D78010F044
:1009E000030F00F1FF30F5D17B6823EA0C037B6035
:1009F0004FEA4C0C9C453FF6E5AEBCF1000F04D12C
:100A0000E0E64FEA4C0C09F104091CEA030FF8D0A8
:100A10004846B0E6DBF804004044CBF8040002F19D
:100A2000FF3CD7F8081401316DD0009BAAEB0303FB
:100A30001844CBF804001AF00703009341D0C3F127
:100A400008018A44D0440A4408EA0C01521A02EA16
:100A50000C013046019100F0ADFA421C6FD00199B3
:100A6000A0EB0A0000EB0108DBF80420C7F808A09F
:100A700048F001001144BC42CAF80400CBF804104D
:100A80003FF4E6AEB9F10F0F40D96268A9F10C004E
:100A900020F0070002F001020243626005232218E1
:100AA0000F28C2E9013352D8DAF80400D0E69210D8
:100AB0004FF0010C0CFA02F24EEA020EC7F804E005
:100AC00019E70AEB080101EA0C01521A02EA0C01CB
:100AD0003046019100F06EFA431CC0D10099C3E783
:100AE000542A17D84FEA1C3202F16F03DB006E3232
:100AF000F2E6B3F5AA7F17D8EB0B03F1780003F108
:100B0000770EC300DFE5C7F808A494E70123CAF80D
:100B10000430B2E6B2F5AA7F23D84FEADC3202F104
:100B20007803DB007732D7E640F25452934223D861
:100B3000AB0C03F17D0003F17C0EC300C3E5009B09
:100B4000A3F108029044A8EB0A0800218CE704F105
:100B50000801304600F078F8DBF80410D7F808A058
:100B6000A2E740F254539A420CD84FEA9C4202F159
:100B70007D03DB007C32AFE64FF47E737F204FF0C5
:100B80007E0EA0E54FF47E737E22A5E67B682FE7FC
:100B90002DE9F84306460820894600F099F9DFF868
:100BA000A4800546304600F001FAD8F808305F68A6
:100BB00027F00307A7F11104A4EB09042C44B4FBAC
:100BC000F5F4013C05FB04F4A54208DC00213046A5
:100BD00000F0F0F9D8F808303B44984205D0304690
:100BE00000F0E6F90020BDE8F8836142304600F0ED
:100BF000E1F901300FD0114AD8F808303F1B47F017
:100C000001075F60136830461B1B136000F0D0F9CA
:100C10000120BDE8F8830021304600F0CBF9D8F878
:100C20000820831A0F2BDADD43F001035360044BD5
:100C300002491B68C01A0860D1E700BF7C41002050
:100C4000C00B0020B807002000297CD02DE9F0411E
:100C50000C46804600F0AAF954F8043C754FA4F104
:100C6000080523F001016818BE684268864222F038
:100C7000030200F08380DE07426000EB020C33D4F5
:100C800054F8084CDCF804302D1B2144AC6807F103
:100C9000080C644503F0010364D0D5F80CE0C4F8F7
:100CA0000CE0CEF80840002B00F0818041F00103F9
:100CB0006B600160B1F5007F22D27868CB08012219
:100CC000490901338A40024357F833107A6007EB31
:100CD000C302083AC5E9021247F83350CD604046D6
:100CE000BDE8F04100F064B9DCF80430DB072BD537
:100CF00041F00103B1F5007F44F8043C0160DCD30E
:100D0000B1F5206F4FEA512353D28B0903F139001B
:100D100003F13802C300F818FB580838984203D191
:100D200061E09B68984204D05A6822F003028A422C
:100D3000F7D8D868C5E902308560DD604046BDE877
:100D4000F04100F035B97047114407F1080C836891
:100D500063453FD0C268DA60936041F001036B6085
:100D60006950A7E7002B5FD10A44D0E90213CB609A
:100D7000996042F001036B60AA50B0E7DB070A44B8
:100D800007D454F8083CED1A1A44D5E90213CB6095
:100D9000996042F001036B60274BBD601B68934272
:100DA0009DD8264B40461968FFF7F2FE97E711449D
:100DB000CDE7142B08D9542B1DD80B0B03F16F0072
:100DC00003F16E02C300A6E703F15C0003F15B02CE
:100DD000C300A0E741F00103C7E90455C5E902CC0F
:100DE0006B6069507BE779689210012404FA02F283
:100DF0000A437A609EE7B3F5AA7F06D8CB0B03F1CE
:100E0000780003F17702C30085E740F25452934221
:100E100006D88B0C03F17D0003F17C02C3007AE756
:100E20004FF47E737E2276E741F001036B60016030
:100E300055E700BFB8070020C40B00207841002010
:100E400070B539B106460C4608B1436B83B3B4F9AB
:100E50000C3013B90025284670BD2146304600F0FD
:100E6000CDF8E36A054633B1E1693046984700287A
:100E7000B8BF4FF0FF35A3891B061CD4216B41B1CD
:100E800004F14003994202D03046FFF7DDFE002313
:100E90002363616C21B13046FFF7D6FE0023636403
:100EA000FFF792FB0023A381FFF790FB284670BD5C
:100EB000FFF77AFBCBE721693046FFF7C5FEDDE798
:100EC000024B01461868FFF7BBBF00BF9006002029
:100ED000082802D14FF48050704708B500F064F93B
:100EE000162303604FF0FF3008BD00BF10B50C465D
:100EF000B1F90E1000F05EF9002803DB236D034406
:100F0000236510BDA38923F48053A38110BD00BFC6
:100F1000002070472DE9F0410C46B1F90C101F4636
:100F2000CB05054616460BD421F48051A1813B46E2
:100F3000B4F90E1032462846BDE8F04100F020B862
:100F4000B4F90E100223002200F04AF9B4F90C1093
:100F5000EAE700BF10B50C46B1F90E1000F040F9F9
:100F6000B4F90C30421C0EBF23F4805343F4805379
:100F70002065A38110BD00BFB1F90E1000F02CB8A0
:100F800038B50C46084D8446114620461A460023C3
:100F90002B60644619F07DFE431C00D038BD2B68E1
:100FA000002BFBD0236038BDAC410020704700BF50
:100FB000704700BF38B5074D0022044608462A6036
:100FC00006F0F0FE431C00D038BD2B68002BFBD090
:100FD000236038BDAC41002038B5074D00220446DF
:100FE00008462A6019F052FE431C00D038BD2B6819
:100FF000002BFBD0236038BDAC410020B1F90C20A0
:101000002DE9F04116070C4680464ED4496842F45B
:1010100000630029A38163DDA56A002D42D0002171
:1010200012F48052D8F80060C8F80010E16964D169
:1010300001234046A847451C02466ED0B4F90C3047
:10104000A56AE169580705D56368D21A236B0BB10D
:10105000E36BD21A00234046A847431C4FD1D8F86F
:101060000010B4F90C301D2940D8314ACA40D707C6
:101070003CD52269226023F40062A281DD044FF096
:101080000002626001D5002945D0216BC8F80060DC
:1010900041B104F14003994202D04046FFF7D4FD2C
:1010A000002323630020BDE8F0810E69002EF9D0F3
:1010B0000D680E6092070CBF4B690023AD1B8B605F
:1010C0000BE02B463246E169676A4046B847B0F10B
:1010D000000CA5EB0C05664406DD002DF1DCE1E714
:1010E000E16B002998DCDDE7B4F90C3043F04003F4
:1010F000A3814FF0FF30BDE8F081226DA2E7B4F983
:101100000C302269226023F40062A281DB044FF0DC
:1011100000026260B9D52065B7E7D8F80030002B2F
:101120008CD01D2B01D0162BDED1C8F80060B9E79A
:101130000100402010B5044682B008B1436B53B1A2
:10114000B1F90C0008B902B010BD204602B0BDE8EC
:101150001040FFF753BF0191FFF726FA0199EFE71F
:10116000A0B138B50C4B1D6804460DB16B6B4BB18B
:10117000B4F90C0000B938BD21462846BDE8384016
:10118000FFF73CBF2846FFF70FFAF1E7034A04498F
:101190000448FFF731BA00BF900600208006002007
:1011A0003511000898060020014B1868704700BFF1
:1011B0009006002038B50C46084D8446114620465E
:1011C0001A4600232B60644619F062FD431C00D0D0
:1011D00038BD2B68002BFBD0236038BDAC4100200C
:1011E00038B50C46084D8446114620461A46002361
:1011F0002B60644619F04BFD431C00D038BD2B68B2
:10120000002BFBD0236038BDAC4100200000000063
:1012100000000000000000000000000000000000CE
:1012200000000000000000000000000000000000BE
:1012300000000000000000000000000000000000AE
:1012400030B490F800F020F007016FF0000C10F0BF
:10125000070491F820F040F048804FF000046FF050
:101260000700D1E9002391F840F000F1080082FA6C
:101270004CF2A4FA8CF283FA4CF3A2FA8CF34BBB37
:10128000D1E9022382FA4CF200F10800A4FA8CF2B0
:1012900083FA4CF3A2FA8CF3E3B9D1E9042382FA7E
:1012A0004CF200F10800A4FA8CF283FA4CF3A2FA93
:1012B0008CF37BB9D1E9062301F1200182FA4CF2CB
:1012C00000F10800A4FA8CF283FA4CF3A2FA8CF332
:1012D000002BC6D0002A04BF04301A4612BAB2FA54
:1012E00082F200EBD20030BC7047D1E9002304F059
:1012F0000305C4F100004FEAC50514F0040F91F88E
:1013000040F00CFA05F562EA05021CBF63EA05032A
:1013100062464FF00004AAE700B50B4C256814465E
:10132000EE681A4685B003460D464CB10749009554
:10133000CDE901143046064900F0AAF800F092F811
:1013400004490C46F3E700BF9006002034BD0108B5
:1013500044BD010840BD010808B513460022FFF74F
:10136000DBFF00BF88420ED98B1883420BD900EBFC
:10137000020C002A6ED0624613F801CD02F801CDAE
:101380009942F9D170470F2A0FD8034602F1FF3C6A
:10139000002A5FD00CF1010C013B8C4411F8012BA9
:1013A00003F8012F6145F9D1704740EA01039B071B
:1013B00051D1A2F1100370B501F1200C23F00F05FB
:1013C00001F1100E00F11004AC441B095EF8105C32
:1013D00044F8105C5EF80C5C44F80C5C5EF8085C49
:1013E00044F8085C5EF8045C44F8045C0EF1100EEE
:1013F000E64504F11004E9D1013312F00C0F01EBC2
:10140000031102F00F0400EB031328D0043C24F076
:1014100003064FEA940C1E441C1F8E465EF8045BC4
:1014200044F8045FB442F9D10CF1010402F0030264
:1014300003EB840301EB840102F1FF3C4AB10CF1A0
:10144000010C013B8C4411F8012B03F8012F61457D
:10145000F9D170BD704702F1FF3C03469AE722467E
:10146000EAE700BF08B5062000F088FA012006F080
:10147000A7FC00BF0CB400B583B004AB53F8042B39
:10148000019302F0C5FF03B05DF804EB02B07047B2
:101490000EB410B583B005AB064C53F8042B019382
:1014A0000146206802F0B4FF03B0BDE8104003B06D
:1014B000704700BF90060020032A30B415D941EAD6
:1014C0000004A40784460B4604D0541E0FE0043ADF
:1014D000032A08D91946604653F8044B5CF8045BAC
:1014E000A542F4D0F1E760461946541E7AB1431E76
:1014F0000139021901E09A4209D013F8010F11F8DD
:1015000001CF6045F7D0A0EB0C0030BC7047002045
:1015100030BC704708B410B5002A9DB0044636DBD5
:101520004FF40273ADF814304FF000031B93029197
:10153000069120AB17D0013A4FF6FF710492079243
:10154000ADF816101F9A019302A901F069FD421C23
:1015500001DA8B232360029B00221A701DB0BDE8C4
:10156000104001B070474FF6FF7104920792ADF83A
:1015700016101F9A019302A901F052FD431C01DAD3
:101580008B2323601DB0BDE8104001B070478B2352
:1015900003604FF0FF30F5E70CB410B5214B002984
:1015A0001C689CB038DB4FF000034FF402721B93B1
:1015B000ADF81420029006901FAB18D001394FF6F9
:1015C000FF7204910791ADF8162002A91E9A0193AB
:1015D000204601F025FD421C01DA8B232360029B8B
:1015E00000221A701CB0BDE8104002B070474FF6E0
:1015F000FF7204910791ADF8162002A91E9A01937B
:10160000204601F00DFD431C01DA8B2323601CB042
:10161000BDE8104002B070478B2323604FF0FF30CD
:10162000F5E700BF90060020024B01461868FFF75F
:1016300005B800BF90060020024B01461868FFF76E
:1016400003BB00BF90060020844641EA000313F06C
:1016500003036DD1403A41D351F8043B40F8043BB9
:1016600051F8043B40F8043B51F8043B40F8043B7C
:1016700051F8043B40F8043B51F8043B40F8043B6C
:1016800051F8043B40F8043B51F8043B40F8043B5C
:1016900051F8043B40F8043B51F8043B40F8043B4C
:1016A00051F8043B40F8043B51F8043B40F8043B3C
:1016B00051F8043B40F8043B51F8043B40F8043B2C
:1016C00051F8043B40F8043B51F8043B40F8043B1C
:1016D00051F8043B40F8043B403ABDD2303211D3BC
:1016E00051F8043B40F8043B51F8043B40F8043BFC
:1016F00051F8043B40F8043B51F8043B40F8043BEC
:10170000103AEDD20C3205D351F8043B40F8043BBB
:10171000043AF9D2043208D0D2071CBF11F8013BB9
:1017200000F8013B01D30B8803806046704700BF7F
:10173000082A13D38B078DD010F003038AD0C3F18E
:101740000403D21ADB071CBF11F8013B00F8013B70
:1017500080D331F8023B20F8023B7BE7043AD9D32F
:10176000013A11F8013B00F8013BF9D20B78037004
:101770004B7843708B788370604670470CB410B51B
:101780009CB01EAB029106916FF00041049107914D
:10179000084953F8042B0591002402A901931B94D6
:1017A00001F03EFC029B1C701CB0BDE8104002B072
:1017B000704700BF0802FFFF0EB430B59CB06FF059
:1017C00000411FAB049107910A4953F8042B029082
:1017D00000240690084D0868019302A905951B9402
:1017E00001F01EFC029B1C701CB0BDE8304003B031
:1017F000704700BF900600200802FFFF0EB400B53E
:1018000082B003AB816853F8042B019300F05CF9BC
:1018100002B05DF804EB03B0704700BF0FB400B531
:10182000074983B004AB086853F8042B816801931F
:1018300000F04AF903B05DF804EB04B0704700BF54
:101840009006002038B5D0F818410CB1002038BD02
:1018500080210546FEF7F2FE0246C5F8180130B1B8
:10186000031F7C3243F8044F9342FBD1EEE74FF065
:10187000FF3038BD30B51F2983B0054609D8D0F8F0
:1018800018310C4653B153F8240043F8242003B018
:1018900030BD162303604FF0FF30F8E7802101923E
:1018A000FEF7CCFE019AC5F8180103460028F2D0D5
:1018B000011F00F17C05002041F8040FA942FBD173
:1018C000E1E700BF1F2938B505461FD8D0F8182119
:1018D0000C466AB152F8213053B1012B06D0591C85
:1018E00010D0002142F8241020469847002038BD2F
:1018F000284602F08BFD224601462846BDE83840C6
:1019000002F06EBD16230360012038BD162303606C
:101910004FF0FF3038BD00BF1F292CD838B5D0F8A4
:1019200018310C460546A3B153F8242003EB840379
:101930004AB1511C0BD0012A07D0002520461D605A
:101940009047284638BD012038BD032038BD02200D
:1019500038BD8021FEF772FE0346C5F8180138B184
:10196000021F00217C3042F8041F8242FBD1DBE7DA
:101970004FF0FF3038BD4FF0FF30704738B5144B93
:101980001F281D681ED8D5F81821044662B152F8E8
:1019900020304BB1012B05D0591C0FD0002142F84B
:1019A00020109847002038BD284602F02FFD22461F
:1019B00001462846BDE8384002F012BD16232B60D0
:1019C000012038BD16232B604FF0FF3038BD00BF1B
:1019D00090060020124B1F2870B51E6809D8D6F853
:1019E000183104460D464BB153F8240043F82450F7
:1019F00070BD162333604FF0FF3070BD802130463C
:101A0000FEF71CFE0346C6F818010028F3D0021F9B
:101A100000217C3042F8041F8242FBD1E4E700BF82
:101A20009006002038B50C4B1D68D5F818410CB154
:101A3000002038BD80212846FEF700FEC5F81801B9
:101A400038B1031F00F17C0243F8044F9342FBD1ED
:101A5000EEE74FF0FF3038BD9006002038B5184B48
:101A60001F281D6828D80446D5F81801A0B150F8E1
:101A7000243000EB84004BB15A1C0BD0012B07D053
:101A80000025056020469847284638BD012038BD0E
:101A9000032038BD022038BD80212846FEF7CEFD48
:101AA000C5F8180140B1031F00F17C01002243F882
:101AB000042F8B42FBD1DAE74FF0FF3038BD00BF77
:101AC00090060020000000002DE9F04FBFB01C463A
:101AD0000491914609930546089005F011F80368B2
:101AE00010931846FFF7ACFB0F901DB16B6B002BEA
:101AF00001F020800499B1F90C204B6E900405D4BC
:101B000042F4005223F400538A814B669F0401F192
:101B10003E81049AB2F90C301E0740F1DD80126953
:101B2000002A00F0D98003F01A030A2B00F0E380AA
:101B30009FED817B0023CDE92233CDE911338DED7B
:101B40000C7B2EAA0E93219292460693CB469BF8CD
:101B50000030002B00F064815C4604E014F8013F83
:101B6000002B00F04181252BF8D1B4EB0B0540F0A0
:101B70003E812378002B00F053814FF000038DF855
:101B8000673000276378059704F1010B4FF0FF39A8
:101B90000BF1010B9846A8F12003582B00F24D8160
:101BA000DFE813F083024B014B017E024B014B0136
:101BB0004B014B014B014B01460278024B01510294
:101BC00056024B017302590059005900590059003F
:101BD00059005900590059004B014B014B014B0171
:101BE0004B014B014B014B014B014B016800C601FE
:101BF0004B01C6014B014B014B014B01AE024B01A6
:101C00004B01B8004B014B014B014B014B01CE0086
:101C10004B014B0152064B014B014B014B014B0158
:101C20004B014B014B014B014B01A0026A00C60165
:101C3000C601C6019B026A004B014B018E024B019B
:101C4000EA02BA00D902D4024B01B3024B01D00020
:101C50004B014B017206A8F1300300221BF8018BE7
:101C600002EB820203EB4202A8F13003092BF5D903
:101C7000059290E747F01007BD0640F1B281099B3D
:101C8000073323F007031A46596852F8083B0992B4
:101C90000A460029C0F2B781B9F1000F9DF86740EC
:101CA000C0F2B88127F08001029153EA020140F0AE
:101CB000B0810121B9F1000F40F05383002940F0B9
:101CC000F18417F00103079300F0318530238DF87C
:101CD000B7300DF1B70573E0049D0898294604F06C
:101CE00013F9002841F05380B5F90C3003F01A03C2
:101CF0000A2B7FF41DAF049BB3F90E30002BFFF6C7
:101D000017AF0499089823464A463FB0BDE8F04F04
:101D100001F0FAB847F0100717F0200200F05281E6
:101D2000099B073323F0070319465A6851F8083B0B
:101D30000991002114E000BF000000000000000035
:101D400047F0100717F0200200F03281099B07339B
:101D500023F0070319465A6851F8083B09910121FD
:101D60000024B9F1000F8DF8674006DB27F08000F2
:101D7000029053EA02009DD0029F012900F04A819F
:101D8000022900F0F8822EAD03F00701DB0843EAD8
:101D90004273D208303153EA0206284605F8011D85
:101DA000F2D1FB0740F1F582302900F0F2823023B6
:101DB000023805F8013C2EAB1B1A02970793054623
:101DC000079B4B45B8BF4B46039300230B9314B1BD
:101DD000039B01330393029B13F002033FD0039B49
:101DE0000233039302233AE0B4EB0B0518D0239B94
:101DF0002B442393229B0133072BCAE900B522937E
:101E000005DC0AF1080A069B2B440693B1E6049907
:101E1000089821AA04F006F930B90DF1B80AF2E7E2
:101E2000239B002B40F00487049B9B895B0600F1F9
:101E3000AE8706983FB0BDE8F08FB8F1000FEFD045
:101E400000238DF8673001238DF89080039307936A
:101E500024AD4FF000090297CDF82C904B46029A22
:101E6000239C12F084020A9205D1059A0399561A0E
:101E7000002E00F3FE829DF867208AB1229A0DF1B0
:101E8000670101320134CAF80010072A4FF001013E
:101E900023942292CAF8041000F326830AF1080A58
:101EA00083B1229A1AA901320234CAF80010072A13
:101EB0004FF0020123942292CAF8041000F3228307
:101EC0000AF1080A0A9B802B00F0CA81079BA9EB44
:101ED0000306002E00F30682029BDE0500F1598105
:101EE000079BCAF804301C44229BCAF800500133F7
:101EF000072B2394229300F365820AF1080A029BC0
:101F00005A0705D5059B039A9D1A002D00F30683F9
:101F1000DDE9052303998A42ACBF9B185B18069341
:101F2000002C40F03B82002322930DF1B80A0EE60C
:101F3000099B073323F00703B3EC027B55EC174BE7
:101F4000099325F0004315938DED147ADDE9140112
:101F5000BD4B4FF0FF328DED0C7B05F0E5FE002808
:101F600040F0F083DDE91401B74B4FF0FF3205F08C
:101F7000BDFE002840F0E6830022002320462946CB
:101F800005F0AAFE002840F03D869DF86740AF4D61
:101F900027F080030293AE4BB8F1470FD8BF1D4620
:101FA0004FF00009032303930793CDF82C900EE71D
:101FB000099951F8043B099117F0100100F0BA8318
:101FC0000121CDE6099951F8043B099117F0100160
:101FD0007FF4AFAE17F040023FF4ABAE0A469BB2BF
:101FE000A7E6099AFC0652F8043B099206D4780643
:101FF00004D543F3C03211461BB24AE6DA17114644
:102000000029BFF649AE5B4262EB42022D2401215A
:10201000A7E6029F0A2B72F1000180F001853033A0
:102020008DF8B7300123029707930DF1B705C7E686
:10203000099B53F8042B0592002A80F27383059ABA
:102040000993524205929BF8003047F004079FE540
:102050005A4612F8018BB8F12A0F00F02287A8F136
:102060003003092B98BF4FF0000900F2A18612F847
:10207000018B09EB890903EB4909A8F13003092B0E
:10208000F5D949EAE979934685E59BF8003047F0B0
:1020900080077DE52B238DF867309BF8003077E5CE
:1020A0009BF8003047F0010772E59DF867209BF828
:1020B0000030002A7FF46CAD20228DF8672067E5A0
:1020C0009BF800306C2B03BF9BF8013047F02007D2
:1020D0000BF1010B47F010075AE59BF8003047F071
:1020E000400755E5099B00228DF8672053F8042B23
:1020F000099301238DF890200393079324ADA8E65C
:102100009BF8003047F0080742E5099C54F8045B4F
:1021100000268DF86760002D00F0C583B9F1000F2F
:10212000C0F21A854A463146284600F029FF0028A9
:1021300000F03286431B079323EAE3730994B14608
:102140009DF86740029703930B9640E69BF800309A
:1021500047F020071CE5099A52F8043B099247F61C
:102160003002ADF868203B4A119247F00207002286
:1021700002214FF07808F3E5BD0640F15C83099B2E
:10218000069A1B681A60D2175A60099B0433099398
:10219000DDE4B8F1650F40F32181DDE90C01002297
:1021A000002305F08FFD002800F0F581229B2A4ACC
:1021B000CAF80020013301340122072B2394229313
:1021C000CAF8042000F3A9840AF1080A1B9B0E9A9E
:1021D000934280F2A2820F9B109A1C44CAE900230A
:1021E000229B23940133072B229300F350830AF19F
:1021F000080A0E9B5D1E002D7FF781AE102D229BDD
:10220000164F40F3D480DDF82080DDF810901026C2
:1022100005E00AF1080A103D102D40F3C880013393
:102220001034072BCAE90076CDE92234F1DD21AA6A
:102230004946404603F0F6FE00287FF4F5ADDDE99F
:1022400022340DF1B80AE6E7FFFFEF7F78BD010801
:1022500074BD010898BD0108B4BD01082CAE010889
:10226000059B039A9E1A002E7FF730AE102E229BFC
:10227000AF4F24DD52462146AA46089C049D04E047
:10228000103E102E02F1080216DD0133103110202D
:10229000072BCDE9223117605060F1DD21AA2946D4
:1022A000204603F0BFFE00287FF4BEAD103E102E86
:1022B000DDE922312EAAE8DC55460C469246013370
:1022C0003444072BCDE92234CAF80070CAF8046000
:1022D00000F33584079BA9EB0306002E0AF1080AD8
:1022E0007FF7FAAD102E229B914F2CDD52462146EE
:1022F000B246089C2E464FF01009049D06E0AAF154
:10230000100ABAF1100F02F1080218DD01338848F3
:102310001031072BC2E90009CDE92231EFDD21AAF6
:102320002946204603F07EFE00287FF47DADAAF109
:10233000100ABAF1100FDDE922312EAAE6DC35468B
:102340000C465646924601333444072BCDE92234DD
:10235000CAF80070CAF8046000F3D2810AF1080AD2
:10236000BAE50129029F4FF000033FF458AE02295D
:102370001A467FF408AD11982EAD03F00F011B092A
:10238000415C05F8011D43EA0273120953EA020198
:10239000F3D12EAB5B1B0297079311E504990898C4
:1023A00021AA03F03FFE00283FF4BDAD3CE5013318
:1023B0002C44072BCAF80070CAF80450CDE9223427
:1023C0007FF79BAD0499089821AA03F02BFE002803
:1023D0007FF42AAD239C0DF1B80A90E50E9B229E56
:1023E000012B04F1010406F101060AF1080840F38B
:1023F0003E810123072ECDE92264CAF80050CAF8B5
:10240000043000F3F3820F9B109A01361C44072E10
:10241000C8E90023CDE9226400F3F58208F1080839
:102420000E9BDDE90C0103F1FF390022002305F0CA
:1024300049FC002840F03B81013601354C44072E11
:10244000CDE92264C8F80050C8F8049000F31D815B
:1024500008F10808129BC8F8043001361C44072E06
:102460001DABCDE92264C8F80030ABDC08F1080AE6
:1024700045E5102E229A2F4F28DD51462046CA46A8
:10248000089C1393A946049D04E0103E102E01F110
:10249000080116DD013210301023072ACDE9222071
:1024A0000F604B60F1DD21AA2946204603F0BAFDFA
:1024B00000287FF4B9AC103E102EDDE922202EA9B1
:1024C000E8DC139B4D460446D1468A46013234442B
:1024D000072ACDE92224CAF80070CAF8046000F384
:1024E000D9820AF1080AC6E404990898139321AA2C
:1024F00003F098FD00287FF497AC239C139B0DF10B
:10250000B80ACDE40499089821AA03F08BFD0028AD
:102510007FF48AAC239C0DF1B80AD3E4102D229BE2
:10252000044F25DDDDF82080DDF81090102608E04E
:102530002CAE01081CAE0108103D102D0AF1080A4E
:1025400016DD01331034072BCAE90076CDE92234B9
:10255000F2DD21AA4946404603F064FD00287FF4DD
:1025600063AC103D102DDDE922340DF1B80AE8DC32
:1025700001332C44072BCAE90075CDE922347FF7DB
:10258000C7AC0499089821AA03F04CFD00287FF4F9
:102590004BAC239CBCE41B99002940F38A820B9F1F
:1025A0000E9B9F42A8BF1F46002F0BDD229B0133CD
:1025B0003C44072BCAE900572394229300F3C983B4
:1025C0000AF1080A0B9E002FA8BFF61B002E00F38D
:1025D00074811B9B0E9A9342C0F29E81029AD0078F
:1025E00000F19A810E9A0B99D31A561A9E42A8BFEF
:1025F0001E46002E0EDD229ACAF8046001320D44F8
:102600003444072ACAF800502394229200F3AD8381
:102610000AF1080A002EACBF9D1B1D46002D7FF756
:102620006EAC102D229BB84F7FF7C1AEDDF8208035
:10263000DDF81090102605E00AF1080A103D102D73
:102640007FF7B5AE01331034072BCAE90076CDE928
:102650002234F1DD21AA4946404603F0E3FC00287C
:102660007FF4E2ABDDE922340DF1B80AE6E7029B24
:10267000D9073FF5BEAE0123072ECDE92264CAF883
:102680000050CAF804307FF7E5AE0499089821AAF3
:1026900003F0C8FC00287FF4C7ABDDE922640DF12C
:1026A000B808D7E6CDF81C902EADFFF789BB0E9B7E
:1026B000012B7FF7CFAE112B934F40F38982DDF8CA
:1026C00020A0102507E008F10808A9F11009B9F1C8
:1026D000100F40F37D8201361034072EC8E90075D3
:1026E000CDE92264EFDD049921AA504603F09AFC5B
:1026F00000287FF499ABDDE922640DF1B808E4E726
:102700000499089821AA03F08DFC00287FF48CAB73
:10271000239C0DF1B80AFFF7DFBB029BDD077FF5B5
:10272000EEAB58E509939BF80030FFF731BA2EADB8
:10273000FFF746BB17F040021CBF0A469BB20121BF
:10274000FFF70EBBDDE90C0102460B4605F0ECFA83
:10275000002840F06E83B9F1FF3F28F0200600F01A
:102760001383472E04D1B9F1000F08BF4FF00109C0
:10277000DDE90C0147F4807200290292C0F2C682A2
:102780009DED0C7B8DED167B00230A93B8F1650F50
:1027900000F0998200F3D582B8F1450F00F09382E2
:1027A0001FAB01931CAB009302219DED160B089803
:1027B0001BAB4A4602F066FCF907054640F1C080B3
:1027C00000EB0904DDE916010022002305F07AFA86
:1027D000002840F029821F9BA34206D230215A1CB8
:1027E0001F9219701F9B9C42F9D81B9A0B925B1B7E
:1027F000472E0E9300F0A980B8F1660F40F0BC8020
:102800000B9A07F00103002A43EA090340F35783B8
:10281000002B40F034830B9B039307934FF0660823
:102820000A9B002B00F06C822D238DF867304FF04F
:102830000009FFF7CDBAFC067DD478067BD5099B4D
:10284000069A1B681A80A0E4304B119317F02002FF
:1028500000F0BE80099B073323F0070319465A682E
:1028600051F8083B0991F90740F1AF8053EA0201A2
:1028700000F0AB8030218DF868108DF8698047F04A
:1028800002070221FFF76CBA214B1193DEE704998E
:10289000089821AA03F0C6FB00287FF4C5AA239C50
:1028A0000DF1B80AA5E44B46062B28BF0623194DA7
:1028B000079309940393FFF7CCBA102E229B124F73
:1028C00040F393812246DDF82090049C4FF01008DD
:1028D00005E00AF1080A103E102E40F3858101330D
:1028E0001032072BCAE90078CDE92232F1DD21AAA6
:1028F0002146484603F096FB00287FF495AADDE9BF
:1029000022320DF1B80AE6E72CAE010884BD0108B9
:1029100098BD0108ACBD01080F9A10991444CAE98A
:102920000012229A23940132072A229200F3FC819A
:102930000AF1080A56E6099B069A1B681A6024E405
:102940001F9B1B1A0E931B9B0B930B9BDA1C11DB1B
:1029500099450FDB0E9B0B9A934200F34F82FE07C3
:102960000B9B00F1778223EAE372039207934FF007
:10297000670855E7A8F102080B9B8DF87480591E73
:1029800000291B91B6BFC3F101012B232D23092977
:102990008DF8753000F35381302330318DF8763067
:1029A00004238DF8771012930E9A129B012A134478
:1029B000079340F31A82079B0F9A1344079323EA65
:1029C000E373039300230B932AE70221FFF7C8B9AF
:1029D000099951F8043B099117F010017FF443AFB6
:1029E00017F040021CBF9BB20A463CE704990898C6
:1029F00021AA03F017FB00287FF416AADDE9226460
:102A00000DF1B808FFE40499089821AA03F00AFB25
:102A100000287FF409AADDE922640DF1B808FFE47B
:102A2000CDE90287BD4E2EAD4FF0050E991841F14C
:102A30000001A6FB010727F0030000EB9700091A2D
:102A4000581A9846944662F100034FF0CC3202FBCC
:102A500000F206FB0322A0FB063003F0010702444C
:102A6000A7FB0E074018B8F10A0F4FEA530300F115
:102A700030007CF1000C43EAC27305F8010D4FEA07
:102A80005202D3D2DDE902872EAB5B1B029707937C
:102A9000FFF796B904990898139321AA03F0C2FA94
:102AA00000287FF4C1A9239C139B0DF1B80AFFF7FE
:102AB000E2B9229B9A4ACAF800200133013401226C
:102AC000072B23942293CAF8042000F3A0800AF174
:102AD000080A002946D1029B0E9A03F00103134312
:102AE0003FF40DAA0F9B10991A19CAE90013229BF3
:102AF00023920133072B229300F3CB800AF1080ABB
:102B00000E99CAF8005001338C18072BCDE92234F6
:102B1000CAF804107FF7F1A954E40499089821AA8F
:102B200003F080FA00287FF47FA9239C0DF1B80AF6
:102B3000FFF74CBB0898FDF737FDFEF7DBBF0499A4
:102B4000089821AA03F06EFA00287FF46DA9239C4F
:102B50000DF1B80AFFF7BAB92846FEF771FB034634
:102B6000FFF7E9BA0F9B10981A19CAE90003229BD4
:102B700023920133072B229300F38B800AF1080A7A
:102B80000029BDDA4E421031664F80F21681DDF821
:102B90002080DDF81090102405E00AF1080A103EAC
:102BA000102E40F30A8101331032072BCAE900745A
:102BB000CDE92232F1DD21AA4946404603F032FA3E
:102BC00000287FF431A9DDE922320DF1B80AE6E7E9
:102BD00001364C44072ECDE92264C8F80070C8F8CD
:102BE00004907FF735AC50E5144601333444072B8D
:102BF000CDE92234CAF80070CAF8046057DC0AF143
:102C0000080AE6E42D248DF86740FFF7C0B904995F
:102C1000089821AA03F006FA00287FF405A91B9959
:102C2000239C0DF1B80A54E71B9A0B922346DEE56C
:102C30000499089821AA03F0F5F9FFF7F5B80DF10A
:102C40008304364E23461846A6FB0123DB0803EB1C
:102C50008302A1EB4202303200F8012C0A46632ABB
:102C6000194600F1FF33EEDC303103F8011C831EFE
:102C7000A34280F021810DF1750213F8011B02F8C7
:102C8000011FA342F9D13EAB181AA0F171031293B0
:102C90008AE60499089821AA03F0C4F900287FF471
:102CA000C3A8DDE922321B990DF1B80A68E704993F
:102CB000089821AA03F0B6F900287FF4B5A8239C50
:102CC0000DF1B80A85E409F1010303930221039C85
:102CD00008981FAB01931CAB009322469DED160B89
:102CE0001BAB02F0CFF9B8F1660F054604447FF440
:102CF00069AD2B78302B00F08E801B9B1C4461E566
:102D0000DDF828909DF86740FFF761B801F10043B6
:102D100017932D2316900A9338E500BFCDCCCCCC69
:102D2000B4BD01082CAE01080499089821AA03F04B
:102D300079F900287FF478A81B9B239C0DF1B80A31
:102D400050E4B8F1660F7FF42BADCDF80C90032161
:102D5000BDE70499089821AA03F064F900287FF4DC
:102D600063A8239C0DF1B80A2CE40499089821AAC1
:102D700003F058F900287FF457A81B9B0E9A239C58
:102D8000D31A0DF1B80A45E44FF00609F0E44FF00C
:102D9000FF330693FFF74DB80994CDF80C90CDF8AA
:102DA0001C909DF86740029781460B90FFF70FB883
:102DB00093464FF00009FEF7EEBE01333244072B75
:102DC000CDE92232CAF80070CAF804607FF796AEE7
:102DD0000499089821AA03F025F900287FF424A873
:102DE000DDE922320DF1B80A8AE617F001020B92F2
:102DF0007FF4E1AD23EAE373039311E5DDE90E32DD
:102E000013440B9A0793002A2DDD23EAE3730393FF
:102E10004FF0670804E5DDE916010022002304F005
:102E200051FF002837D01B9B0B931C44631B0E9350
:102E3000E6E40D9B2B4D002BB8BF2D2427F080031B
:102E40000293A8BF9DF86740274BB8BF8DF8674035
:102E5000FFF7A2B80F9A1344079323EAE37303938F
:102E60004FF06708DCE40B9B079AC3F101031A4497
:102E700022EAE273079203934FF06708D0E40F9BB6
:102E800009EB030808EB0203079323EAE3730393B8
:102E90004FF06608C4E4039BC3F101031B931C4479
:102EA00090E409999BF8013051F8049B09919346ED
:102EB00049EAE979FEF76CBE0223129374E52BB957
:102EC000012303934FF066080793A9E40F9B03F1D6
:102ED000010808EB0903079323EAE37303934FF018
:102EE00066089DE480BD01087CBD010810B4054C56
:102EF0008446134620685DF8044B0A466146FEF797
:102F0000E3BD00BF9006002070B50C468989ADF581
:102F10008D6D21F00201ADF80C101AA900910491F9
:102F20004FF4806102910591616E1991E189ADF8CC
:102F30000E10E1690791616A0991002106916946C5
:102F40000646FEF7C1FD051E07DB69463046FEF763
:102F5000F1F8002818BF4FF0FF35BDF80C305B06C4
:102F600003D5A38943F04003A38128460DF58D6D59
:102F700070BD00BF00000000000000000000000065
:102F800001F0FF01102A2BDB10F0070F08D010F81A
:102F9000013B013A8B422DD010F0070F42B3F6D11E
:102FA000F0B441EA012141EA014122F007047FF037
:102FB00000070023F0E80256083C85EA010586EA8E
:102FC000010685FA47F5A3FA87F586FA47F6A5FACA
:102FD00087F68EB9EED1F0BC01F0FF0102F00702D6
:102FE00032B110F8013B013A83EA010313B1F8D181
:102FF0000020704701387047002D06BF3546033862
:10300000073815F0010F07D1013015F4807F02BF9A
:10301000013015F4C03F0130F0BC0138704700BFEB
:103020002DE9F04FBFB00C460791924609930890E6
:1030300003F066FD036810931846FEF701F9A389B3
:103040000F901E0603D52369002B00F0A8869FED84
:10305000A47B0023CDE92233CDE911338DED0C7B28
:103060002EAA0E93219291460593D3469BF80030E9
:10307000002B00F042815C4604E014F8013F002B75
:1030800000F01981252BF8D1B4EB0B0540F0168127
:103090002378002B00F031814FF000038DF867306A
:1030A00000276378049704F1010B4FF0FF3A0BF10E
:1030B000010B9846A8F12003582B00F22B81DFE882
:1030C00013F05202290129014D0229012901290188
:1030D000290129012901150247022901200225029F
:1030E000290142025900590059005900590059005C
:1030F00059005900590029012901290129012901F3
:10310000290129012901290129016800A4012901B6
:10311000A40129012901290129017D02290129018F
:10312000950029012901290129012901A600290168
:10313000290146062901290129012901290129011D
:1031400029012901290129016F026A00A401A401B2
:10315000A4016A026A00290129015D022901B9025C
:103160009700A802A302290182022901A8002901CF
:1031700029016606A8F1300300221BF8018B02EB3F
:10318000820203EB4202A8F13003092BF5D9049225
:1031900090E747F01007BD0640F17781099B0733A0
:1031A00023F007031A46596852F8083B09920A4669
:1031B0000029C0F29581BAF1000F9DF8674007DB46
:1031C00027F08001029153EA020100F0B283029FCE
:1031D0000A2B72F1000180F06D8630338DF8B73024
:1031E0000123029706930DF1B70550E047F0100751
:1031F00017F0200200F06081099B073323F00703DA
:1032000019465A6851F8083B099100210FE047F030
:10321000100717F0200200F04581099B073323F0C7
:10322000070319465A6851F8083B09910121002407
:10323000BAF1000F8DF8674007DB27F0800002909D
:1032400053EA020000F07683029F0129C0D00229D0
:1032500000F0F1822EAD03F00701DB0843EA427370
:10326000D208303153EA0206284605F8011DF2D192
:10327000FB0740F1EE82302900F0EB823023023868
:1032800005F8013C2EAB1B1A029706930546069BD8
:103290005345B8BF5346039300230B9314B1039BCC
:1032A00001330393029B13F0020345D0039B0233C7
:1032B0000393022340E0B4EB0B051ED0239B2B4469
:1032C0002393229B0133072BC9E900B522930BDC22
:1032D00009F10809059B2B440593D9E6AFF300805B
:1032E0000000000000000000DDE9071021AA02F044
:1032F0006DFE30B90DF1B809ECE7239B002B40F0CF
:103300003C87079B9B895B0601F10C8005983FB0C9
:10331000BDE8F08FB8F1000FEFD000238DF86730D3
:1033200001238DF890800393069324AD4FF0000A9B
:103330000297CDF82CA05346029A239C12F08402E7
:103340000A9205D1DDE90312561A002E00F3048318
:103350009DF867208AB1229A0DF16701013201348C
:10336000C9F80010072A4FF0010123942292C9F8EE
:10337000041000F32A8309F1080983B1229A1AA9DB
:1033800001320234C9F80010072A4FF002012394D9
:103390002292C9F8041000F3268309F108090A9B58
:1033A000802B00F0BD81069BAAEB0306002E00F3E4
:1033B000F981029BDE0500F14A81069BC9F80430C1
:1033C0001C44229BC9F800500133072B23942293FD
:1033D00000F3588209F10809029B5A0705D5DDE977
:1033E00003239D1A002D00F30A83DDE904230399CA
:1033F0008A42ACBF9B185B180593002C40F02E82CC
:10340000002322930DF1B80930E6099B073323F01E
:103410000703B3EC027B55EC174B099325F00043EF
:1034200015938DED147ADDE91401B74B4FF0FF329F
:103430008DED0C7B04F078FC002840F01084DDE971
:103440001401B14B4FF0FF3204F050FC002840F063
:103450000684002200232046294604F03DFC002873
:1034600040F025869DF86740A84D27F08003029321
:10347000A74BB8F1470FD8BF1D464FF0000A0323F2
:1034800003930693CDF82CA008E7099AFC0652F89E
:10349000043B09921FD478061DD543F3C032114670
:1034A0001BB285E6099951F8043B099117F0100108
:1034B00000F0CD830121BAE6099951F8043B099146
:1034C00017F010017FF4A1AE17F040023FF49DAE5B
:1034D0000A469BB299E6DA1711460029BFF66BAE91
:1034E0005B4262EB42022D240121A1E6099B53F8C5
:1034F000042B0492002A80F2A283049A0993524278
:1035000004929BF8003047F00407D0E55A4612F8C1
:10351000018BB8F12A0F00F04E87A8F13003092B78
:1035200098BF4FF0000A00F2B98612F8018B0AEB3F
:103530008A0A03EB4A0AA8F13003092BF5D94AEAB3
:10354000EA7A9346B6E59BF8003047F08007AEE58F
:103550002B238DF867309BF80030A8E59BF80030EE
:1035600047F00107A3E59DF867209BF80030002A8B
:103570007FF49DAD20228DF8672098E59BF8003000
:103580006C2B03BF9BF8013047F020070BF1010BB8
:1035900047F010078BE59BF8003047F0400786E5C1
:1035A000099B00228DF8672053F8042B099301230F
:1035B0008DF890200393069324ADB7E69BF8003076
:1035C00047F0080773E5099C54F8045B00268DF862
:1035D0006760002D00F01285BAF1000FC0F21A8466
:1035E000524631462846FFF7CBFC002800F04586BE
:1035F000431B069323EAE3730994B2469DF86740A0
:10360000029703930B9649E69BF8003047F020079A
:103610004DE5099A52F8043B099247F63002ADF89D
:1036200068203C4A119247F00207002202214FF025
:103630007808FCE5BD0640F18183099B059A1B686B
:103640001A60D2175A60099B043309930EE5B8F14A
:10365000650F40F32381DDE90C010022002304F013
:1036600031FB002800F00782229B2B4AC9F800207A
:10367000013301340122072B23942293C9F804203B
:1036800000F3958409F108091B9B0E9A934203DB12
:10369000029BDD077FF5A0AE0F9B109A1C44C9E981
:1036A0000023229B23940133072B229300F3998458
:1036B00009F108090E9B5D1E002D7FF78DAE102DC0
:1036C000229B164F40F3D380DDE907A8102605E0C2
:1036D00009F10809103D102D40F3C9800133103461
:1036E000072BC9E90076CDE92234F1DD21AA514644
:1036F000404602F06BFC00287FF403AEDDE9223483
:103700000DF1B809E6E700BFFFFFEF7F78BD0108C4
:1037100074BD010898BD0108B4BD01084CAE010894
:10372000DDE903239E1A002E7FF73DAE102E229B6B
:10373000B74F24DD4A462146A946DDE9075404E097
:10374000103E102E02F1080216DD01331031102058
:10375000072BCDE9223117605060F1DD21AA2946FF
:10376000204602F033FC00287FF4CBAD103E102E33
:10377000DDE922312EAAE8DC4D460C4691460133A4
:103780003444072BCDE92234C9F80070C9F804602D
:1037900000F31A84069BAAEB0306002E09F1080920
:1037A0007FF707AE102E229B994F2CDD4A4621460B
:1037B000B1464FF0100A2E46DDE9075406E0A9F1A4
:1037C0001009B9F1100F02F1080218DD0133904819
:1037D0001031072BC2E9000ACDE92231EFDD21AA21
:1037E0002946204602F0F2FB00287FF48AADA9F1B9
:1037F0001009B9F1100FDDE922312EAAE6DC3546B9
:103800000C464E46914601333444072BCDE9223411
:10381000C9F80070C9F8046000F3EA8109F10809E9
:10382000C7E50129029F4FF000033FF4D6AC0229FF
:103830001A467FF40FAD11982EAD03F00F011B094E
:10384000415C05F8011D43EA0273120953EA0201C3
:10385000F3D12EAB5B1B0297069318E5DDE9071049
:1038600021AA02F0B3FB00283FF4CAAD49E50133B9
:103870002C44072BC9F80070C9F80450CDE9223454
:103880007FF7A8ADDDE9071021AA02F09FFB002811
:103890007FF437AD239C0DF1B8099DE50E9B229E68
:1038A000012B04F1010406F1010609F1080840F3B7
:1038B0005B810123072ECDE92264C9F80050C9F8C5
:1038C000043000F3A2810F9B109A01361C44072E8E
:1038D000C8E90023CDE9226400F3A48108F10808B7
:1038E0000E9BDDE90C0103F1FF390022002304F0F7
:1038F000E9F9002840F05381013601354C44072E88
:10390000CDE92264C8F80050C8F8049000F33A8169
:1039100008F10808129BC8F8043001361C44072E31
:103920001DABCDE92264C8F80030ABDC08F1080912
:1039300052E50121BAF1000F7FF473AF002940F086
:103940000E8117F00103069300F07E8130238DF87D
:10395000B7300DF1B7059AE4102E229A2D4F26DDCF
:1039600049462046A9461393DDE9075404E0103E7A
:10397000102E01F1080116DD013210301023072A44
:10398000CDE922200F604B60F1DD21AA29462046B7
:1039900002F01CFB00287FF4B4AC103E102EDDE9D1
:1039A00022202EA9E8DC139B4D46044689460132AD
:1039B0003444072ACDE92224C9F80070C9F804600C
:1039C00000F3B28209F10809C2E4DDE9071021AA77
:1039D000139302F0FBFA00287FF493AC239C139B13
:1039E0000DF1B809C9E4DDE9071021AA02F0EEFAE9
:1039F00000287FF486AC239C0DF1B809CFE4102D8C
:103A0000229B044F24DDDDE907A8102609E000BF52
:103A10004CAE01083CAE0108103D102D09F108091B
:103A200016DD01331034072BC9E90076CDE92234C5
:103A3000F2DD21AA5146404602F0C8FA00287FF480
:103A400060AC103D102DDDE922340DF1B809E8DC41
:103A500001332C44072BC9E90075CDE922347FF7E7
:103A6000C4ACDDE9071021AA02F0B0FA00287FF407
:103A700048AC239CB9E41B99002940F364820B9F56
:103A80000E9B9F42A8BF1F46002F0BDD229B0133D8
:103A90003C44072BC9E900572394229300F3CF83BA
:103AA00009F108090B9E002FA8BFF61B002E00F39A
:103AB00085811B9B0E9A934280F26C810F9A10991C
:103AC0001444C9E90012229A23940132072A22924F
:103AD00000F3F28209F108090E9A0B99D31A561ACB
:103AE0009E42A8BF1E46002E0EDD229AC9F8046031
:103AF00001320D443444072AC9F80050239422921D
:103B000000F3A98309F10809002EACBF9D1B1D46D7
:103B1000002D7FF761AC102D229BBB4F7FF7A7AE26
:103B2000DDE907A8102605E009F10809103D102D70
:103B30007FF79DAE01331034072BC9E90076CDE93C
:103B40002234F1DD21AA5146404602F03FFA002816
:103B50007FF4D7ABDDE922340DF1B809E6E7CDF803
:103B600018A02EADFFF793BB029BD9073FF5A1AE7E
:103B70000123072ECDE92264C9F80050C9F80430AA
:103B80007FF7C8AEDDE9071021AA02F01FFA00286E
:103B90007FF4B7ABDDE922640DF1B808BAE60E9BFD
:103BA000012B7FF7B7AE112B974F40F36582DDF8FD
:103BB00020A0102507E008F10808A9F11009B9F1C3
:103BC000100F40F3598201361034072EC8E90075F2
:103BD000CDE92264EFDD079921AA504602F0F6F9FB
:103BE00000287FF48EABDDE922640DF1B808E4E72C
:103BF000DDE9071021AA02F0E9F900287FF481AB82
:103C0000239C0DF1B809FFF7D4BBDDE9071021AA09
:103C100002F0DCF900287FF474ABDDE922640DF1D9
:103C2000B80850E6DDE9071021AA02F0CFF9002814
:103C30007FF467ABDDE922640DF1B80850E6099323
:103C40009BF80030FFF733BA2EADFFF720BB17F01B
:103C500040021CBF0A469BB20121FFF7E8BADDE92A
:103C60000C0102460B4604F05FF8002840F05F8329
:103C7000BAF1FF3F28F0200600F0FC82472E04D165
:103C8000BAF1000F08BF4FF0010ADDE90C0147F45B
:103C9000807200290292C0F229829DED0C7B8DED8D
:103CA000167B00230A93B8F1650F00F0F28200F34F
:103CB0002482B8F1450F00F0EC821FAB01931CABDE
:103CC000009302219DED160B08981BAB524601F0A4
:103CD000D9F9F907054640F1A88000EB0A04DDE9AF
:103CE00016010022002303F0EDFF002840F025829A
:103CF0001F9BA34206D230215A1C1F9219701F9B92
:103D00009C42F9D81B9A0B925B1B472E0E9300F036
:103D10009180B8F1660F40F093800B9A07F0010391
:103D2000002A43EA0A0340F36182002B40F0198322
:103D30000B9B039306934FF0660814E2FC066FD4C6
:103D400078066DD5099B059A1B681A807BE42F4B7A
:103D5000119317F0200200F09F80099B073323F096
:103D6000070319465A6851F8083B0991F90740F1D1
:103D7000908053EA020100F08C8030218DF86810A9
:103D80008DF8698047F002070221FFF750BA204BF7
:103D90001193DEE7029AD0077FF59EAE8EE6089873
:103DA0004021FCF74BFC079B18601861002800F0CD
:103DB000B682079A40235361FFF749B9102E229B20
:103DC000114F40F3668122464FF01008DDE9074AA3
:103DD00005E009F10809103E102E40F35981013326
:103DE0001032072BC9E90078CDE92232F1DD21AA92
:103DF0002146504602F0EAF800287FF482AADDE965
:103E000022320DF1B809E6E74CAE010884BD010885
:103E100098BD01082846FDF713FA0346FFF7E9BBF2
:103E2000099B059A1B681A600DE41F9B1B1A0E93D1
:103E30001B9B0B930B9BDA1C80F28381A8F1020879
:103E40000B9B8DF87480591E00291B91B6BFC3F1DE
:103E500001012B232D2309298DF8753000F39C8156
:103E6000302330318DF8763004238DF8771012939B
:103E70000E9A129B012A1344069340F31482069B68
:103E80000F9A1344069323EAE373039300230B93DF
:103E900069E10221FFF7CBB9099951F8043B099177
:103EA00017F010017FF462AF17F040021CBF9BB205
:103EB0000A465BE7CDE90287B34E2EAD4FF0050E03
:103EC000991841F10001A6FB010727F0030000EB60
:103ED0009700091A581A9846944662F100034FF069
:103EE000CC3202FB00F206FB0322A0FB063003F0FB
:103EF00001070244A7FB0E074018B8F10A0F4FEA6A
:103F0000530300F130007CF1000C43EAC27305F862
:103F1000010D4FEA5202D3D2DDE902872EAB5B1BC3
:103F200002970693FFF7B3B9DDE9071021AA1393AF
:103F300002F04CF800287FF4E4A9239C139B0DF1B8
:103F4000B809FFF705BA229B904AC9F8002001334F
:103F500001340122072B23942293C9F8042000F393
:103F6000B88009F10809002952D1029B0E9A03F08A
:103F7000010313433FF430AA0F9B10991A19C9E9A2
:103F80000013229B23920133072B229300F33781E6
:103F900009F108090E99C9F8005001338C18072B54
:103FA000CDE92234C9F804107FF714AA6AE4DDE9E8
:103FB000071021AA02F00AF800287FF4A2A9239C86
:103FC0000DF1B809FFF760BBDDE9071021AA01F088
:103FD000FDFF00287FF495A9239C0DF1B809FFF798
:103FE000E2B9DDE9071021AA01F0F0FF00287FF413
:103FF00088A9239C0DF1B809FFF75CBB5346062B3B
:1040000028BF0623624D069309940393FFF78EB9E8
:104010000F9B10981A19C9E90003229B23920133C0
:10402000072B229300F3EB8009F108090029B1DA8C
:104030004E421031574F80F23F81DDE907A810242E
:1040400005E009F10809103E102E40F335810133D7
:104050001032072BC9E90074CDE92232F1DD21AA23
:104060005146404601F0B2FF00287FF44AA9DDE93D
:1040700022320DF1B809E6E701364C44072ECDE9AE
:104080002264C8F80070C8F804907FF741AC79E565
:10409000144601333444072BCDE92234C9F80070AB
:1040A000C9F8046000F3B98009F1080901E52D247D
:1040B0008DF86740FFF7D8B9DDE9071021AA01F0B4
:1040C00085FF00287FF41DA91B9B239C0DF1B809D7
:1040D00002E5DDE9071021AA01F078FF00287FF44E
:1040E00010A91B99239C0DF1B8093CE701F100438D
:1040F00017932D2316900A93D5E5B8F1660F7FF438
:10410000DCADCDF80CA00321039C08981FAB0193F4
:104110001CAB009322469DED160B1BAB00F0B2FFCB
:10412000B8F1660F054604447FF4D9AD2B78302BE7
:1041300000F0E7801B9B1C44D1E51B9A0B922346A1
:10414000E2E59A45FFF67AAE0E9B0B9A934200F396
:10415000CB80FE070B9B00F1FB8023EAE372039206
:1041600006934FF067080A9B002B62D02D238DF831
:1041700067304FF0000AFFF792B8DDE9071021AA77
:1041800001F024FFFFF7BDB8CDCCCCCCB4BD010805
:10419000ACBD01084CAE01080DF183048D4E2346E1
:1041A0001846A6FB0123DB0803EB8302A1EB4202C6
:1041B000303200F8012C0A46632A194600F1FF3319
:1041C000EEDC303103F8011C831EA34280F0FE8038
:1041D0000DF1750213F8011B02F8011FA342F9D17A
:1041E0003EAB181AA0F17103129341E6002B40F088
:1041F000D080012303934FF066080693B3E7DDE90F
:10420000071021AA01F0E2FE00287FF47AA8DDE978
:1042100022321B990DF1B80908E7DDE9071021AA40
:1042200001F0D4FE00287FF46CA8239C0DF1B8099E
:104230003FE4DDF828A09DF86740FFF72FB8DDE9DF
:10424000071021AA01F0C2FE00287FF45AA8239C7F
:104250000DF1B80926E4DDE9071021AA01F0B6FE48
:1042600000287FF44EA81B9B0E9A239CD31A0DF1B5
:10427000B80949E44FF0060A07E50994CDF80CA007
:10428000CDF818A09DF86740029782460B90FFF783
:1042900005B80AF101030393022135E793464FF075
:1042A000000AFEF707BF17F001020B927FF4E7AD9B
:1042B00023EAE373039356E701333244072BCDE936
:1042C0002232C9F80070C9F804607FF761AEDDE9F9
:1042D000071021AA01F07AFE00287FF412A8DDE978
:1042E00022320DF1B80955E6DDE90E3213440B9A7E
:1042F0000693002A41DD23EAE37303934FF0670836
:1043000031E7DDE916010022002303F0DBFC002881
:104310004BD01B9B0B931C44631B0E93FDE4089A2C
:104320000C2313604FF0FF330593FEF7EFBF0D9B97
:10433000294D002BB8BF2D2427F080030293A8BF7E
:104340009DF86740254BB8BF8DF86740FFF791B8DF
:104350000F9A1344069323EAE37303934FF067081D
:1043600001E70F9B0AEB030808EB0203069323EA1D
:10437000E37303934FF06608F5E60B9B069AC3F1CF
:1043800001031A4422EAE273069203934FF067088E
:10439000E9E60F9B03F1010808EB0A03069323EA01
:1043A000E37303934FF06608DDE6039BC3F101035B
:1043B0001B931C4493E409999BF8013051F804AB1A
:1043C000099193464AEAEA7AFEF771BE02231293F4
:1043D0004EE500BFCDCCCCCC80BD01087CBD010832
:1043E00070B50C46084D03460026204611461C4673
:1043F0002E6016F052FC431C00D070BD2B68002BC1
:10440000FBD0236070BD00BFAC41002016F043BC60
:104410002DE9F04FADB0CDE907301C46029193462F
:1044200018B1436B002B00F003850299B1F90C2001
:104430004B6E950405D442F4005223F400538A8154
:104440004B66980400F12485029BB3F90C201107F8
:1044500040F1D3801B69002B00F0CF8002F01A02DC
:104460000A2A00F0D9800023CDE910330DF170093C
:10447000CDF83C900993CA4605939BF80030002B79
:1044800000F0F4805C4604E014F8013F002B00F0DB
:10449000D280252BF8D1B4EB0B0540F0CF802378E8
:1044A000002B00F0E3804FF000038DF837304FF021
:1044B000FF320023CDE90323617804F1010B984614
:1044C0000BF1010BA1F12003582B00F2DC80DFE897
:1044D00013F0B201DA00DA00AD01DA00DA00DA0036
:1044E000DA00DA00DA007601A701DA00810186013C
:1044F000DA00A20159005900590059005900590029
:10450000590059005900DA00DA00DA00DA00DA005E
:10451000DA00DA00DA00DA00DA006800DA00DA003D
:10452000DA00DA00DA00DA00DA00DA00DA00DA00BB
:104530001902DA00DA00DA00DA00DA00EA01DA0059
:10454000DA001D04DA00DA00DA00DA00DA00DA0054
:10455000DA00DA00DA00DA00DD016A00DA00DA00F7
:10456000DA00D8016A00DA00DA00CB01DA00BD0116
:104570001B047F027A02DA005902DA001904DA0019
:10458000DA004204A1F1300300221BF8011B02EB08
:10459000820203EB4202A1F13003092BF5D9049208
:1045A00090E748F0100818F0200F00F0D780079B24
:1045B000073323F007031A46596852F8083B07925D
:1045C0000A460029C0F2DE8003999DF83750002981
:1045D000C0F2E38053EA020128F0800840F0DD8059
:1045E000039B002B40F0598401934C46002D00F0B2
:1045F000BE81019A01320192B9E1029D08982946D3
:1046000001F082FC002840F04384B5F90C2002F050
:104610001A020A2A7FF427AF029BB3F90E30002B4F
:10462000FFF621AF0299089823465A462DB0BDE8FF
:10463000F04F00F059BCB4EB0B0517D0119B2B4485
:104640001193109B0133072BCAE900B5109305DCC9
:104650000AF1080A059B2B44059320E70299089864
:104660000FAA01F0DFFC28B9CA46F3E7119B002B23
:1046700040F00084029B9B895B0600F10984059849
:104680002DB0BDE8F08F0029F0D000238DF8373031
:1046900001238DF84810019312AC00220392069278
:1046A00018F08407DDE9102105D10498019D451B10
:1046B000002D00F34F829DF8370080B101320DF1DB
:1046C00037000131CAF80000072A4FF00100CDE998
:1046D0001021CAF8040000F377820AF1080A06984C
:1046E00078B101320EA80231CAF80000072A4FF053
:1046F0000200CDE91021CAF8040000F373820AF128
:10470000080A802F00F09B810398C51A002D00F342
:10471000D58101321944072ACDE91021CAF8004099
:10472000CAF8043000F302820AF1080A18F0040FF4
:1047300005D0049B019A9C1A002C00F36182DDE9EC
:10474000042301988242ACBF9B181B1805930029D3
:1047500040F0F78100231093CA468EE6079A18F0BE
:10476000100F52F8043B079207D118F0400F04D005
:1047700043F3C03211461BB223E7DA171146002972
:10478000BFF622AF03995B4262EB42022D2500295E
:104790008DF8375001DB28F080080A2B72F10001F8
:1047A00080F0F3823033DBB28DF86F30039B012B46
:1047B000B8BF012301930DF16F04012316E7079B96
:1047C00053F8042B0492002A80F28882049A0793FB
:1047D000524204929BF8001048F0040870E65846D4
:1047E00010F8011B2A2900F05A83A1F13003092B8C
:1047F00098BF002200F2478310F8011B02EB8202EF
:1048000003EB4202A1F13003092BF5D942EAE2732E
:104810000393834656E69BF8001048F080084FE665
:104820002B239BF800108DF8373049E69BF80010D9
:1048300048F0010844E69DF837309BF80010002B43
:104840007FF43EAE20238DF8373039E618F0200F84
:1048500000F04D82079B059A1B681A60D2175A60B8
:10486000079B0433079308E69BF800106C2903BFED
:104870009BF8011048F020080BF1010B48F01008DC
:104880001EE69BF8001048F0400819E6079B00223E
:104890008DF8372053F8042B079301238DF8482017
:1048A000019312ACF9E648F0100111F0200200F07B
:1048B000DE81079B073323F0070318465A6850F838
:1048C000083B079003980025A8428DF83750C0F2A6
:1048D000A782012553EA020021F0800840F094806D
:1048E0000398002840F09E82002D40F0F38111F0E3
:1048F000010300F0F88130228DF86F2001930DF153
:104900006F0434E048F0100111F0200200F0BE8185
:10491000079B073323F0070318465A6850F8083BF3
:10492000079003980025A8428DF83750D2DA8846C0
:104930004C4603F00701DB0843EA4273D2083031EA
:1049400053EA0205204604F8011DF2D118F0010FC8
:104950006DD030296BD0039A0238302304F8013C23
:10496000A9EB00039A42B8BF1A460446019218F018
:10497000020206923FF494AE019A023201920222A0
:1049800006928DE6079D039B55F8044B00218DF898
:104990003710002C00F05E82002BC0F2DF811A4637
:1049A0002046FEF7EDFA002800F06B82031B9DF80D
:1049B000372023EAE3710191002A00F0528200229D
:1049C0000795039215E69BF8001048F0200877E55C
:1049D000079A52F8043B079247F63002ADF83820A8
:1049E000B24A099248F00208002200218DF83710DF
:1049F000039900290DDB414653EA02004FF00205FE
:104A000021F080083FF46CAF012D00F05482022D9C
:104A10008ED109984C4603F00F011B09415C04F844
:104A2000011D43EA0273120953EA0201F3D1039A0A
:104A3000A9EB04039A42B8BF1A46019297E704987B
:104A4000019D451B002D7FF75FAE102D984E23DD95
:104A500006945046089C10279A4604E0103D102DFD
:104A600000F1080015DD01321031072AC0E90067A6
:104A7000CDE91021F2DD02990FAA204601F0D2FA09
:104A800000287FF4F7AD103D102DDDE910214846D8
:104A9000E9DC069C5346824601322944072ACDE9C7
:104AA0001021CAF80060CAF8045000F3C5810398C9
:104AB000C51A002D0AF1080A7FF72BAE102D7C4E87
:104AC00026DD03945046089CB24610271E4604E09B
:104AD000103D102D00F1080016DD0132744B10312D
:104AE000072AC0E90037CDE91021F1DD02990FAAAC
:104AF000204601F097FA00287FF4BCAD103D102D40
:104B0000DDE910214846E8DC039C334656468246E0
:104B100001322944072ACDE91021CAF80060CAF8F9
:104B2000045000F3C9800AF1080AF2E502990898D6
:104B30000FAA01F077FA00287FF49CAD1199CA46BC
:104B4000F4E5029908980FAA01F06CFA00283FF4E6
:104B500001AE8FE5102D574E28DDCDE90A74504681
:104B60003746089C029E9A4604E0103D102D00F145
:104B7000080016DD013210311023072ACDE910217B
:104B800007604360F1DD0FAA3146204601F04AFA82
:104B900000287FF46FAD103D102DDDE9102148464F
:104BA000E8DC3E460B9C0A9F53468246013229446C
:104BB000072ACDE91021CAF80060CAF8045000F3B2
:104BC00021810AF1080A76E5029908980A930FAA4A
:104BD00001F028FA00287FF44DADDDE910210A9B91
:104BE000CA467CE50299089806930FAA01F01AFAC2
:104BF00000287FF43FADDDE91021069BCA4680E521
:104C0000102C109B2B4E1FDD089FDDF8088010250F
:104C100004E0103C102C0AF1080A15DD01331031B4
:104C2000072BCAE90065CDE91031F2DD0FAA414634
:104C3000384601F0F7F900287FF41CAD103C102C29
:104C4000DDE91031CA46E9DC01332144072BCAE90A
:104C50000064CDE910317FF772AD029908980FAA70
:104C600001F0E0F900287FF405AD119967E5079898
:104C700050F8043B079011F010007FF423AE11F0C0
:104C800040023FF41FAE9BB202461BE6079850F865
:104C9000043B079011F010007FF443AE11F0400286
:104CA0003FF43FAE9BB202463BE600BF98BD010811
:104CB0006CAE01085CAE01080299089803930FAA34
:104CC00001F0B0F900287FF4D5ACDDE91021039B99
:104CD000CA461EE5039B01934C4648E69BF800102C
:104CE0000793FFF7EDBB039A01924C463FE618F09D
:104CF000100F38D118F0400F35D0079B059A1B686C
:104D00001A80ADE54146D0E54146FDE56B4B099380
:104D100018F020022CD0079B073323F00703184616
:104D20005A6850F8083B079018F0010F3FF45DAE49
:104D300053EA02003FF459AE8DF8391030218DF856
:104D4000381000218DF837100399002980F28D80EA
:104D500048F002085DE65A4B0993D9E72046FCF774
:104D60006FFA034623E6079B059A1B681A6077E5EE
:104D7000079850F8043B079018F01000D4D118F0B1
:104D800040021CBF9BB20246CEE74E4ECDF804A0B7
:104D90004C464FF0050E991841F10001A6FB0107A2
:104DA00027F0030000EB9700091A581A9A46944618
:104DB00062F100034FF0CC3202FB00F206FB03224B
:104DC000A0FB063003F001070244A7FB0E074018C2
:104DD000BAF10A0F4FEA530300F130007CF1000CE6
:104DE00043EAC27304F8010D4FEA5202D3D2039A88
:104DF000DDF804A0A9EB04039A42B8BF1A46019259
:104E0000FFF7F4BB029908980A930FAA01F00AF978
:104E100000287FF42FACDDE910210A9BCA464AE442
:104E20008846BAE4012D7FF4F2AD00253023BBE4BF
:104E3000FBF7BAFBFFF7F9BA0299089806930FAA95
:104E400001F0F0F800287FF415ACDDE91021069B95
:104E5000CA4659E4062B28BF06231B4C079501932D
:104E60001BE4CDE9062503921AE428F0800141F005
:104E70000208CEE5029908980FAA01F0D3F8FFF7CF
:104E8000F9BB039B93E5002383460393FFF71ABB0B
:104E90004FF0FF330593FFF7F2BB302384E4079B09
:104EA0009BF8011053F8042B079342EAE272834601
:104EB0000392FFF705BB00256FE400BF84BD010826
:104EC00098BD0108CDCCCCCCACBD010810B4054CCC
:104ED0008446134620685DF8044B0A466146FFF796
:104EE00097BA00BF9006002070B50C468989ADF5D1
:104EF0008D6D21F00201ADF80C101AA900910491FA
:104F00004FF4806102910591616E1991E189ADF8CC
:104F10000E10E1690791616A0991002106916946C5
:104F20000646FFF775FA051E07DB69463046FCF7B3
:104F300001F9002818BF4FF0FF35BDF80C305B06B3
:104F400003D5A38943F04003A38128460DF58D6D59
:104F500070BD00BF000000002DE9F04F03690C692F
:104F6000A34283B0C0F28A80013C01F1140500F134
:104F7000140855F8243058F8242001339A428E46FC
:104F800081464FEA840105EB840708EB840AB2FBF3
:104F9000F3F63AD3CDE900150022AC46404613465D
:104FA0005CF8041B05681FFA81FB06FB0B22090C49
:104FB0004FEA124B06FB01BB92B2A9B2891A1944FF
:104FC0001FFA8BF3C3EB214303EB154389B241EA8C
:104FD0000341674540F8041B4FEA1B424FEA234355
:104FE000DED2DDE9001558F8013073B9AAF1040AE0
:104FF000D04504D307E0D04504F1FF3403D25AF87A
:105000000439002BF7D0C9F810407146484601F02A
:10501000FBFA00282EDB4146002255F8040BD1F89C
:1050200000C01FFA80FE1FFA8CF3A3EB0E0313449B
:10503000020CC2EB234202EB1C429BB243EA024346
:10504000AF4241F8043B4FEA2242E6D258F824200E
:1050500008EB84036AB9043B434504D807E098454C
:1050600004F1FF3403D253F80429002AF7D0C9F819
:1050700010400136304603B0BDE8F08F002003B089
:10508000BDE8F08F2DE9F04F9DB0CDE90A320291D5
:10509000816B269D04908DED060B57EC106B49B18A
:1050A000C26B4A600123934004468B6000F0F0FF1E
:1050B0000023A363B7F10009B4BF012300232B60D1
:1050C000774BBCBF29F00049CDF81C9033EA0903A7
:1050D00000F0AA809DED067B002251EC170B002307
:1050E0008DED007B02F0EEFD804668B10A9A012347
:1050F0001360279B13B1279A6A4B13606A4B059381
:1051000005981DB0BDE8F08F9DED000B04981AAA1C
:105110001BA901F0E7FB5FEA1955824640F09A802F
:10512000DDE91A85454405F23243202B40F38C8398
:10513000C3F1400309FA03F905F2124326FA03F317
:1051400049EA030002F0DCFA0123013DA1F1F87104
:105150001293564B002202F095F94BA3D3E900239A
:1051600002F048FB4AA3D3E9002302F08DF906467A
:1051700028460F4602F0D4FA47A3D3E9002302F0F1
:1051800039FB02460B463046394602F07DF90646A9
:105190000F4602F0DFFD002204460990002330464E
:1051A000394602F099FD002840F02483099CA8EBC1
:1051B000050808F1FF33162C089300F28C813C4B54
:1051C00003EBC403D3E90023DDE9000102F084FD11
:1051D000002873D0631E099300231193089B002BB2
:1051E000C0F27F8100230C93099B002B6CDA099B92
:1051F0000C9A0D93D21A0C925A4200230993029BE7
:105200001092092B6AD8052B40F32383043B0293A9
:105210000025029B023B032B00F23886DFE813F0E7
:1052200070046D04650449040A9AC9F3130942F233
:105230000F7359EA060913601CD1279B002B00F05D
:1052400045861C4B05930833279A059813601DB0BB
:10525000BDE8F08FDDE90012C2F31303084643F006
:105260007F51CDF84880A5F2FF35DDF8688041F424
:1052700040116EE7279B002B40F0F6830E4B059301
:105280003EE700BFAFF3008061436F63A787D23F63
:10529000B3C8608B288AC63FFB799F501344D33F25
:1052A0000000F07FB5BD0108B4BD01080000F83F63
:1052B00090AE0108B8BD0108C4BD0108B8F1000FE7
:1052C00040F3A38411900C90DDE908321344089355
:1052D00000231093029B0D92092B94D900230125E2
:1052E00002930E954FF0FF3B0B93049BCDF84CB00F
:1052F0000021D963049800F0A5FE0590002800F075
:10530000CE85DDE90432BBF10E0F9A6300F21881FD
:10531000002D00F015810D99002940F34684B34B10
:1053200001F00F0203EBC203C805D3E900894FEA7D
:10533000211540F10884AE4BDDE90001D3E90823D3
:1053400002F082FBCDE9140105F00F0503277DB1C2
:10535000A74EE90708D540464946D6E9002302F0A2
:1053600049FA0137804689466D1006F10806F0D1EA
:1053700042464B46DDE9140102F066FB8046894651
:10538000119B43B19B4B00224046494602F0A4FCCE
:10539000002840F00B85384602F0C2F942464B46E1
:1053A00002F028FA944B002202F06EF8A1F150733B
:1053B000CDE914011593BBF1000F00F0A8800D9BFF
:1053C000CDE918B34946404602F0C4FC189A874B11
:1053D00003EBC20313ED027B05468DED167B02F055
:1053E0009FF90B4602464946404602F04BF8059F9E
:1053F0000E9B30357E1CECB2804689463546002B2C
:1054000000F06C84DDE916237C49002002F01CFBCF
:10541000DDE9142302F036F83C7042464B46044660
:105420000D4602F077FC002840F0B884CDF850A07B
:10543000CDF858B00027AB46A246189D2AE00137A8
:10544000AF4280F2FD846E4B50465946002202F076
:10545000D1F96B4B002282468B464046494602F00A
:10546000C9F98946804602F075FC044602F058F9F5
:1054700002460B464046494602F004F8303406F82E
:10548000014B52465B468046894602F025FC0028C7
:1054900040F0D38442464B465649002001F0F2FFCB
:1054A00052465B4602F018FC0028C8D0199BDDF874
:1054B00050A0059A374603F1010802E0974200F038
:1054C0009B843E4617F8013D392BF7D00133DBB200
:1054D0003B7045467DE101231193089B002BBFF6ED
:1054E00081AEC8F101030C93002308937CE6384693
:1054F00002F016F942464B4602F07CF93E4B002280
:1055000001F0C2FFA1F15073CDE9140115933D4B99
:1055100000224046494601F0B5FFDDE91445224628
:105520002B4606460F4602F0F5FB002840F0738438
:1055300030463946224605F1004302F0CDFB28BB38
:105540001B9B002BC0F290800D9A0E2A00F38C80DA
:10555000264B0D9A03EBC20393ED007B0B9B002BB4
:105560008DED027B19DABBF1000F16DC0ED1254B55
:105570000022DDE9020102F03DF902460B46DDE9B9
:10558000000102F0B3FB002800F045840023059ED3
:1055900000931F460B9BDD432DE2059B5D1CDDE95F
:1055A0000278DDE900013A46434602F04DFA02F086
:1055B000D1FB064602F0B4F83A46434602F01AF927
:1055C00002460B46DDE9000101F05CFF059A06F199
:1055D0003003BBF1010F2F46137000F0218301252A
:1055E000CDF800A0A846DDE9029A2BE090AE0108B4
:1055F00080AF01080000F03F00001C400000E03FC9
:1056000000002440000014404A46534620462946E4
:1056100002F01AFA02F09EFB064602F081F84A46B2
:10562000534602F0E7F808F101080B460246294606
:10563000204601F027FF06F13003D84507F8013B6B
:1056400000F0EC82844B002202F0D4F80022002308
:1056500004460D4602F036FB0028D5D00D9DDDF83E
:1056600000A001353E46B4E00E9A002A40F0D880F2
:105670000023109E0C9D0E931F4665B1089A002AC8
:1056800009DD0C99AA421346A8BF2B46C91AED1A88
:10569000D31A0C910893109B53B10E9B13B1002E9B
:1056A00040F0F7825146109A049800F0DBFE8246E3
:1056B0000498012100F0F2FD099B0090002B40F0BE
:1056C000BE81029B012B40F3D4810120089A104433
:1056D00010F01F0000F09B80C0F12003042B40F36A
:1056E000E3810C9BC0F11C00034402440C9305446D
:1056F00008920C9B002B05DD514604981A4600F0D9
:105700000BFF8246089B002B05DD009904981A4682
:1057100000F002FF0090119B002B40F07581BBF15F
:10572000000F40F34C810E9B002B40F0A4800D9D98
:105730000135DDF81480009CDDF81090012607E0AB
:10574000514600230A22484600F0ACFC013682464E
:1057500021465046FFF700FCB34500F1300008F841
:10576000010BEDDCBBF1000F059BCCBF5E460126B3
:10577000814603EB060B002451460122049800F0F9
:10578000CBFE0099824600F03FFF002840F3EE81F7
:10579000059A02E0934500F003825E460BF1FF3B61
:1057A00016F8013C392BF5D001338BF80030DDF8C9
:1057B00010800099404600F06BFC57B12CB1BC4200
:1057C00003D02146404600F063FC0498394600F0BF
:1057D0005FFC0498514600F05BFC002333700A9B89
:1057E0001D60279B002B3FF48BAC05981E601DB0FD
:1057F000BDE8F08F204601F093FF32463B4602F0B1
:1058000061FA00287FF4D2AC631E0993CEE41C2316
:105810000C9A1A440C92089A1A441D44089268E79C
:10582000029A012A40F3AD81109B0BF1FF36B3427F
:10583000C0F26981BBF1000FA3EB060680F2EF8294
:105840000C9BA3EB0B056CE1C3F1200306FA03F0FC
:1058500078E40125DDE400BF000024403946002340
:1058600004980A2200F01EFC139B002B074640F30D
:10587000FF820D969B46002D05DD394604982A4689
:1058800000F04AFE0746099B002B40F0E681B8462F
:10589000059E731E03EB0B04069B03F00103CDE989
:1058A0000B43049C00995046FFF756FB394683464C
:1058B000504600F0A9FE009905464246204600F0F9
:1058C000C5FEC3680BF130090146ABBB09905046D9
:1058D00000F09AFE09990890204600F0D9FB089A3A
:1058E000002A54D1029B1BB90C9B002B00F0AE8206
:1058F000002D3FDB0B9BB3469E420BF8019B00F053
:10590000C381514600230A22204600F0CBFB4745C5
:10591000824639464FF000034FF00A02204630D04D
:1059200000F0C0FB4146074600230A22204600F053
:10593000B9FB5E468046B5E7049800F0A9FB002D50
:1059400006DB069B03F00102029B1D432A4329D17B
:1059500051460122049800F0DFFD0099824600F0D4
:1059600053FE002840F3F680B9F1390F00F0498268
:105970000BF131090D9D06F8019B3C460135474668
:1059800015E700F08FFB5E46074680468AE7002D4C
:10599000C0F29382029B1D430C9B1D4300F08D823D
:1059A000002AA7DDB9F1390F00F02B820D9D09F116
:1059B00001033C4606F8013B01354746F7E6029BEA
:1059C000022B7FF7B0AEBBF1000F40F025810099AC
:1059D00004985B46052200F065FB014600905046A6
:1059E00000F012FE002840F31781059E0D9D312323
:1059F00006F8013B01350099049800F049FB013598
:105A0000002F7FF4E2AEE4E60099504600F0FCFD82
:105A10000028BFF684AE5146002304980D9C0A224C
:105A200000F040FB0E9B661E8246002B7FF416AFF3
:105A3000139B002B40F311820D9D9B4679E6014696
:105A40001A46049800F00EFD029B0090012B6EDDBB
:105A500000230993009A136902EB8303186900F08D
:105A6000CBFBC0F1200031E6984B05930333FFF7E1
:105A7000EBBB069B002B7FF428AEDDE90612C2F3D8
:105A80001303002B7FF421AE914B134033B10C9BD9
:105A900001330C93089B013308930123099A09935E
:105AA000002A3FF412AED5E73FF423AEC0F13C0329
:105AB000AEE601230E930B9B0D9A134403F1010BE9
:105AC0005E46012E1393B8BF0126172E40F3F981CD
:105AD000012204235B0003F11400B042114602F1DD
:105AE0000102F7D9049BD96304E401230E930B9EB2
:105AF000002E36DD1396B346E7E700230E93DAE770
:105B000000230E93F3E7109B099A1096F31A1A4498
:105B1000089B09925B4408930C9B1D465B440C93C5
:105B200000260498012100F0B9FB0746A5E5069B75
:105B3000002B8DD1DDE90601C1F313030A46002BCA
:105B4000A2D0099086E79DED007B02278DED147BA6
:105B5000FFF7FDBB7FF40EAF19F0010F7FF404AF28
:105B600008E701230B939B46FFF7BFBB03D119F056
:105B7000010F7FF40DAE5E461BF8013D302BFAD0CD
:105B800015E6129A002A00F09C8003F23343089A2B
:105B9000109E1A4408920C9A15461A440C92C0E7BB
:105BA000059A31230135137001E600F0FA800D9A51
:105BB000484B554205F00F0203EBC203D3E9002323
:105BC000DDE9000101F016FE2D11CDE9140100F010
:105BD0005881414E0023022780468946EA0709D5AD
:105BE000D6E900234046494601F004FE01378046CD
:105BF000894601236D1006F10806EFD1002B7FF4D2
:105C0000BFABDDE91489FFF7BBBBC8F10103089006
:105C10000C931190FFF758BB059EBBE4DDF800A084
:105C200002460B4601F030FC0D9DCDE90001013527
:105C300002460B46DDE90201A84602F04DF840B9E4
:105C4000DDE90023DDE9020102F03CF818B1F307B9
:105C500001D5059A35E43E46BBE57968049800F025
:105C6000F1F90546002800F021813B6902339A00D2
:105C700007F10C010C30FBF7E7FC049829460122E0
:105C800000F04AFC804603E60D9D3C460135474640
:105C900072E5049C39463246204600F0E3FB52464A
:105CA00001460746204600F027FB51468046204625
:105CB00000F0EEF9109B9B1BC24610933FF4F8AC2A
:105CC000F0E41A9BC3F1360361E700BFC4BD0108CD
:105CD0000000F07F90AE010880AF0108DDE91623D7
:105CE000DDE9140101F086FD059B1C70189B012B5A
:105CF000CDE90E0100F0C380189F059B12961F444A
:105D00007A4B00224046494601F074FD0D46044698
:105D100002F020F8814601F003FD09F13009024646
:105D20000B462046294601F0ADFB06F8019BBE421A
:105D300080468946E4D1129D6D4B0022DDE90E01BB
:105D400001F0A2FB02460B464046494601F0E2FF45
:105D500000286CD1DDE90E236549002001F092FB9B
:105D600002460B464046494601F0B6FF80B91B9BF0
:105D7000002BFFF67DAC0D9B0E2B3FF779AC5D4BF6
:105D80000D9A03EBC20393ED007B8DED027B06E4DD
:105D90003E46013F16F8013C302BF9D0199D0135E4
:105DA00017E5DDE900890227FFF7EABABBF1000F2A
:105DB0003FF49DAB139C002C7FF7C2AB0D9B013BC6
:105DC0000022404649461993484B01F013FD804696
:105DD0008946781C01F0A4FC42464B4601F00AFDBE
:105DE000454B002201F050FBA1F15073CDE91401A5
:105DF00018941593FFF7E6BA08F101083123FFF76D
:105E000067BB0D9D059AB34639233C460BF8013B11
:105E100001354746C1E4002300931F46E5E5089B92
:105E20005B4408930C9B1D465B440C9379E6199BDD
:105E3000059A03F10108FFF744BBDDF850A0ADE778
:105E4000DDF850A0DDF858B0FFF77ABBB9F1390F93
:105E5000D7D0002D3FF78CAD8CE5029B022B03DCE5
:105E60000D9DDDF84CB064E4DDF84CB00D96AAE56C
:105E7000029B022BF8DCDDF84CB00D96FBE43746B4
:105E80005AE7DDE914890227FFF77ABA049B002557
:105E9000DD632946184600F0D5F80590D0B9174BB8
:105EA0001748002240F2AF11FBF736FA134B1448A3
:105EB0002A4640F2EF21FBF72FFA002A3FF748ADC0
:105EC00058E5049B0021D963FFF714BA0D4B0593E5
:105ED000FFF716B9DDE904329A634FF0FF33012270
:105EE0000B9513930E929B46FFF72ABB00002440AC
:105EF0000000E03F90AE010800001C40C8BD010852
:105F0000DCBD0108B8BD010838B52F4B1B6805463C
:105F10000C4613B15A6B002A4BD0B4F90C30180759
:105F20001CD5226922B313F0010107D0616900205A
:105F30004942A060A1613AB1002038BD980758BF1E
:105F40006169A160002AF7D1190658BF1046F4D53F
:105F500043F04003A3814FF0FF3038BDD9062CD564
:105F60005A0712D4226943F00803A381002ADAD128
:105F700003F42071B1F5007FD5D02146284600F00A
:105F8000C7FDB4F90C302269CDE7216B51B104F1A2
:105F90004002914204D02846FAF756FEB4F90C307C
:105FA0000022226322690021C4E9002123F0240396
:105FB000D9E71846FAF7F8FAAFE7092243F04003A9
:105FC0002A60A381C7E700BF900600202DE9F843AF
:105FD000154692682C68FAB180468946083401E07B
:105FE0000834CFB16B68591E002B1746696013DD6A
:105FF00054F8046C002EF3D0334654F8082C49466C
:10600000404600F079FE431C07D0AA68921B174651
:10601000AA600834002FE5D100200023C5E9013330
:10602000BDE8F883936810B514461BB918460023E1
:10603000636010BD01F0A2F80023A3600023636039
:1060400010BD00BF436C70B505460C464BB153F80C
:10605000240080B1026843F824200023C0E9033300
:1060600070BD2122042100F011FE0346686400285F
:10607000EDD1002070BD012101FA04F6721D9200DD
:10608000284600F003FE0028F3D0C0E90146E4E70B
:1060900031B1436C4A6853F82200086043F822107B
:1060A000704700BF2DE9F0410D6907460E461C46BA
:1060B00001F1140E0020DEF800108BB202FB034346
:1060C0004FEA134C090C02FB01CC01309BB203EBED
:1060D0000C4385424EF8043B4FEA1C44EBDC3CB1D8
:1060E000B368AB4207DD06EB850301355C613561C2
:1060F0003046BDE8F081716838460131FFF7A2FFF4
:106100008046A8B13269023206F10C0192000C30CF
:10611000FBF79AFA7B6C726853F82210316043F8EF
:106120002260464606EB850301355C613561DFE799
:10613000024B03484246BA21FBF7EEF8C8BD0108FE
:1061400008BE01082DE9F8431746284A1E460833C1
:106150000C46092E82FB03124FEAE3730546C3EB9C
:1061600062033ADD4FF0010C00214FEA4C0C63450D
:1061700001F10101F9DC2846FFF764FF014670B325
:10618000089B4361092F4FF00103036112DC0A34BD
:106190000927BE420BDDF61B264414F8013B0A22F8
:1061A000303B2846FFF77EFFB4420146F5D1084652
:1061B000BDE8F88304F1090804EB0709444614F824
:1061C000013B0A22303B2846FFF76CFF4C45014655
:1061D000F5D1A7F108044444DBE70021CBE70A46E8
:1061E000034B0448D321FBF797F800BF398EE338FF
:1061F000C8BD010808BE0108B0F5803F034636BFA0
:10620000030400201020B3F1807F3CBF1B02083044
:10621000B3F1805F3CBF1B010430B3F1804F03D367
:10622000002B06DB013070479B0003D45B0003D4D6
:10623000202070470230704703307047036813F026
:106240000702014607D0DA071FD4980721D55B085B
:106250000B600120704798B2A0B11046DAB20AB9BB
:1062600008301B0A1A0704BF1B0904309A0704BF31
:106270009B080230DA0703D45B0800F1010006D066
:106280000B6070471B0C1020E8E7002070472020AF
:1062900070479B080B600220704700BF38B5436C05
:1062A00004460D464BB15868B0B102685A600022EE
:1062B0000123C0E90323456138BD2122042100F0F8
:1062C000E5FC034660640028EDD1094B0948002233
:1062D00040F24511FBF720F81C220121204600F076
:1062E000D5FC0028F1D001220223C0E90123DEE71A
:1062F000C8BD010808BE01082DE9F04FD1F8108093
:106300001569A84585B00E46924605DB2A465346D8
:1063100045468A4690461E46DAF80830DAF80410F8
:1063200005EB0804A342B8BF0131FFF78BFE84469A
:10633000002800F08B8000F1140707EB840E7745EE
:1063400005D23B46002243F8042B9E45FBD8143669
:1063500006EB88080AF11409464509EB850566D263
:10636000A5EB0A03153B23F003030AF1150A0433D6
:1063700055452CBF9B464FF0040BCDF808E0039425
:10638000AE46E24605E0090C2AD1B04507F1040704
:106390004AD956F8041B8DB2002DF4D0CC463C46A9
:1063A000002301965CF8040B216886B28AB2000CC7
:1063B00005FB0622090C1A4405FB001101EB1241F2
:1063C00092B242EA0142E64544F8042B4FEA1143F7
:1063D000E8D8019E47F80B3056F8041C090CD4D0BD
:1063E0003B68002248461D463C469446028801FB15
:1063F00002C202EB15429BB243EA024344F8043B5B
:1064000050F8043B25684FEA134CABB201FB0C3348
:1064100003EB124370454FEA134CE7D3B04547F8FE
:106420000B3007F10407B4D8DDE902E4D446002CB0
:1064300002DC05E0013C03D05EF8043D002BF9D0FE
:106440006046CCF8104005B0BDE8F08F034B04481F
:1064500062464FF4B171FAF75FFF00BFC8BD010893
:1064600008BE010812F003032DE9F0411446074667
:106470002CD10D46A4101CD03E6C86B3E3074FF020
:10648000000806D4641014D03068A8B10646E307AB
:10649000F8D5324629463846FFF72EFF35B17B6CDA
:1064A000696853F821202A6043F82150641005469A
:1064B000EAD12846BDE8F081324631463846FFF73A
:1064C0001BFF3060C0F800800646E0E7013B0F4A42
:1064D00052F823200023FFF7E5FD0546CAE7012116
:1064E0003846FFF7AFFD064640B1012340F2712266
:1064F000C0E90432002338640360BFE7044B054859
:10650000324640F24511FAF707FF00BF80AE01089E
:10651000C8BD010808BE01082DE9F0470C469046A9
:106520002769A368496807EB62177D1C9D420646F0
:106530004FEA621904DD5B009D4201F10101FADCC2
:106540003046FFF77FFD8446002851D0B9F1000F97
:1065500000F114000EDD09F105024FEA820E034638
:106560000CEB8202002143F8041B9342FBD1AEF1F5
:1065700014031844216904F1140318F01F0803EBF5
:1065800081012DD0C8F1200986464FF0000A1A6813
:1065900002FA08F242EA0A024EF8042B53F8042BDE
:1065A000994222FA09FAF2D80B1B153B23F0030398
:1065B000043304F11502914238BF042340F803A0CC
:1065C000BAF1000F00D13D46736C6268CCF81050F0
:1065D00053F822102160604643F82240BDE8F0875E
:1065E000043853F8042B40F8042F9942F9D8EAE70D
:1065F000034B044862464FF4EF71FAF78DFE00BF7B
:10660000C8BD010808BE01080B6984460069C01AAC
:1066100016D10CF1140C14310CEB830210B401EB05
:10662000830301E0944508D252F8044D53F8041D49
:106630008C42F7D005D24FF0FF305DF8044B704725
:10664000704701205DF8044B704700BF2DE9F04F03
:1066500015460A692B69D21A002A83B0884640F091
:10666000878001F1140605F1140101EB830106EBAB
:10667000830301E09E427ED253F8044D51F8042D6D
:106680009442F7D075D32B46002445469846696856
:10669000FFF7D8FC8146002800F089802E69C4608D
:1066A000D8F8100005F1140B08F1140E09F1140AC2
:1066B00005F110020EEB80000BEB860157464FF000
:1066C000000CCDF804B05EF8044B52F8045F1FFADA
:1066D00084FBABB2A3EB0B03240C6344C4EB154463
:1066E00004EB23449BB243EA0443704547F8043B60
:1066F0004FEA244CE7D8A0EB080208F11508404502
:10670000A2F1150234BF0020012092080028DDF814
:1067100004B002F101044FEA840408BF04240BEB27
:106720000405A942544433D92746284650F8043B6F
:106730001CFA83FE1A0C634402EB2E429BB243EA1E
:106740000243814247F8043B4FEA224CEED801391C
:10675000491B21F003010C4423B954F8043D013EC8
:10676000002BFAD04846C9F8106003B0BDE8F08F9E
:1067700089DA01248BE70021FFF764FC814678B1B8
:1067800001220023C0E90423484603B0BDE8F08F8E
:1067900000284FEA820208BF00220AEB0204DBE76E
:1067A000064B07484A4640F23721FAF7B5FD034B3E
:1067B00003484A4640F24521FAF7AEFDC8BD01083C
:1067C00008BE010882B08DED000B164B019A1340F4
:1067D000A3F15073002B06DD00221946104641EC50
:1067E000100B02B070475B42B3F1A07F4FEA235217
:1067F00009DA4FF40023134100221946104641ECF8
:10680000100B02B07047A2F114031E2BDABF4FF039
:106810000042DA40012200231946104641EC100BD9
:1068200002B070470000F07FF8B5046900F114066B
:1068300006EB8404271F54F8045C2846FFF7DCFCB1
:10684000C0F120030A280B6033DDBE42A0F10B012A
:1068500019D254F8080C21B3C1F120078D4020FA59
:1068600007F215438840A4F1080145F07F538E429A
:1068700043F4401319D254F80C1CF9400843024663
:1068800043EC102BF8BD0B280AD005FA01F141F0BA
:106890007F53002043F44013024643EC102BF8BD15
:1068A000002045F07F5343F44013024643EC102B85
:1068B000F8BDC0F10B0C25FA0CF1BE4241F07F533C
:1068C00038BF54F8081C00F1150034BF21FA0CF150
:1068D000002105FA00F0084343F44013024643EC5C
:1068E000102BF8BD2DE9F0430E4683B0012159EC81
:1068F000108B1546FFF7A6FB0446002846D0C9F3C7
:106900000A57C9F313030FB143F480130193B8F18D
:10691000000313D101A8FFF791FC019B63610122E1
:10692000203022610FB3A7F233470744C0F135008E
:1069300037602860204603B0BDE8F08368460093C6
:10694000FFF77CFC019BF8B10099C0F1200203FA2B
:1069500002F2C3400A430193002B62610CBF012283
:106960000222A3612261002FDDD104EB8203A0F299
:10697000324030601869FFF73FFCC0EB42102860DE
:10698000204603B0BDE8F083009AE5E7034B0448D6
:10699000224640F20F31FAF7BFFC00BFC8BD010824
:1069A00008BE01082DE9F04383B088466946814658
:1069B000FFF73AFF01A9404655EC104BFFF734FFB3
:1069C000D8F81030D9F81020D21ADDE900315B1A5E
:1069D00003EB4213002B59EC108B0DDD05EB035735
:1069E0003D4642464B462046294601F02DF841ECF3
:1069F000100B03B0BDE8F083C3EB033309EB035185
:106A00008946EEE7172870B506460CDD0A490B4D9E
:106A10000020002422462B4600F0ECFE013EF9D176
:106A200041EC100B70BD064B03EBC003D3E904012E
:106A300041EC100B70BD00BF0000F03F000024408F
:106A400080AE01080139491101F1010C116902F10F
:106A5000140303EB81018B4200EB8C0C16D210B5B2
:106A6000A0F1040E53F8044B4EF8044F9942F9D8A4
:106A70008B1A153B23F0030304331844844504D9CF
:106A8000002340F8043B8445FBD810BD844505D95C
:106A9000002340F8043B8445FBD87047704700BF93
:106AA00003694A11934200F1140009DA00EB8303F1
:106AB00002E053F8042DAAB98342FAD800207047A7
:106AC00000EB8203F8DD11F01F01F5D010B450F88F
:106AD000224024FA01F28A40944209D001205DF854
:106AE000044B70470120704753F8042D002AF5D15C
:106AF0008342F9D800205DF8044B7047F0307047AE
:106B000000487047B80C002000487047B80C0020BF
:106B10002DE9F041B1F90C300C46990796B008D533
:106B200004F143030122C4E90432236016B0BDE836
:106B3000F081B4F90E100029064626DB6A4600F003
:106B4000F5FA00281FDB019D05F47045A5F50055F9
:106B5000B5FA85F54FF480686D094FF4006741463A
:106B60003046F9F76BFDE8B1B4F90C30C4F8148085
:106B700043F0800320602061A3813DBB3B43A381A0
:106B800016B0BDE8F081B4F90C3013F0800519D0CF
:106B90004FF040080025414630462F46F9F74EFD9C
:106BA0000028E1D1B4F90C309A05BFD423F00303D7
:106BB00004F1430243F002030121C4E90421A3814B
:106BC0002260B3E74FF480682F46C8E7B4F90E108F
:106BD000304600F0C1FA10B9B4F90C30CEE7A38901
:106BE00023F0030343F001031BB2C7E770B50C4663
:106BF000B1F90E10002996B015461E4614DB6A4600
:106C000000F094FA00280FDB019901F47041A1F51E
:106C10000051B1FA81F14FF4806349094FF40060EB
:106C200031602B6016B070BDA18911F0800106D0D3
:106C300000214023084631602B6016B070BD4FF430
:106C40008063084631602B6016B070BD10B4034CF1
:106C5000D4F8E440A4465DF8044B6047C80B00201C
:106C600082B049B15AB16BB113780B601278101E23
:106C700018BF012002B0704701A9002AF3D11046C5
:106C800002B070476FF00100F4E700BF38B5A1FB18
:106C9000021454BBF9F7D2FC054650B350F8042C4B
:106CA00022F00302043A242A10D8132A13D91B2AEB
:106CB000C0E9004416D9242AC0E902440ABFC0E949
:106CC000044400F1100200F1180205E02146F9F732
:106CD000BBFA284638BD02460023C2E90033936060
:106CE000284638BD00F10802F6E7FAF75DFA0C23F2
:106CF00003600025284638BD2DE9F0478F681D4602
:106D0000AF420B680C46164636D8B1F90CC01CF4DD
:106D1000906F0ED13D46184631462A46FAF722FBBF
:106D2000A368DF1B2368A7602B4400202360BDE815
:106D3000F0874A69096902EB42025F1A02EBD272DC
:106D40006B1C52103B44934292BF914699461A469F
:106D50001CF4806F804611D01146F9F76FFC824613
:106D600000B321693A46FAF76FFCA38923F49063D4
:106D700043F08003A38105E02F46CCE700F034F810
:106D8000824658B10AEB0703A9EB0707A760C4F8CE
:106D900010A0C4F8149023602F46BCE72169404638
:106DA000F9F752FFA3890C2243F04003C8F80020F2
:106DB0004FF0FF30A381BAE710B4034CD4F8E040A1
:106DC000A4465DF8044B6047C80B002049B1FF2A78
:106DD00002D80A70012070478A2303604FF0FF3009
:106DE00070470846704700BF2DE9F84F1646002946
:106DF00000F096800C46804606F10B05FAF7D6F8AF
:106E000054F8041C162DA4F1080921F0030758D8E2
:106E10001025AE4258D8AF4260DABE4B9A6809EBF3
:106E2000070C6245DCF8040000F0908020F00103BC
:106E300063445B68DB0768D420F003003B189D4285
:106E400047DDCB0712D454F8083CA9EB030BDBF861
:106E5000043023F00302104400EB070A554540F3C9
:106E6000F68007EB020A554540F3CC803146404698
:106E7000F9F7E4FB0646002800F0208154F8043CB2
:106E800023F001034B44A0F10802934200F0B480C8
:106E90003A1F242A00F2D780132A00F2A280034668
:106EA0002246116819605168596092689A602146BB
:106EB0004046F9F7C9FE4046FAF77AF83046BDE891
:106EC000F88F35F00705A4D50C23C8F8003000264C
:106ED00018E01F46DCE90223D3609A60D9F8043039
:106EE0007A1B0F2A03F0010309EB07001DD83B436F
:106EF000C9F80430436843F0010343604046FAF7A1
:106F000057F826463046BDE8F88FC907AED454F886
:106F1000083CA9EB030BDBF8043023F00302A0E7E5
:106F2000BDE8F84F1146F9F789BB09EB05012B4382
:106F300042F00102C9F804304A60436843F001039B
:106F4000436008314046F9F77FFED7E720F00300A1
:106F5000C21905F1100C624580F29180CA0785D4F0
:106F600054F8082CA9EB020BDBF8042022F00302F2
:106F7000104400EB070AD4453FF773AF5E46DBF8D9
:106F80000C1056F8080F3A1F242AC160886000F2DE
:106F9000AE80132A40F2A9802168CBF808106168FE
:106FA000CBF80C101B2A00F2A88008340BF1100259
:106FB0002168116061685160A16891600BEB050167
:106FC000AAEB050242F0010299604A60DBF8043046
:106FD00003F001032B434046CBF80430F9F7E8FFF8
:106FE00090E723680360636843601B2A3CD804F180
:106FF000080200F1080354E750F8043C23F00303AF
:107000001F446BE73A1F5E46DBF80C3056F8081F4A
:10701000242ACB60996022D8132A1ED92368CBF882
:1070200008306368CBF80C301B2A3BD808340BF1CE
:10703000100322681A6062685A60A2689A60344637
:107040005746D9464AE72146FAF78CF92FE7DCE99B
:1070500002133A1FCB609960D5E73346E9E7214632
:107060003046FAF77FF9EAE7A3688360E368C36014
:10707000242A27D004F1100200F1100311E709EBD4
:1070800005019960531B43F001034B6054F8043C25
:1070900003F001032B43404644F8043CF9F788FF12
:1070A00026462FE7A368CBF81030E368CBF81430FE
:1070B000242A10D010340BF11803BAE74046F9F730
:1070C00077FF04E7236903616169416104F11802F4
:1070D00000F11803E5E62369CBF818306369CBF8B3
:1070E0001C3018340BF12003A3E7324660E7214639
:1070F0003046FAF737F9074B60E7A168CBF8101074
:10710000E168CBF81410242A06D010340BF11802D1
:107110004EE700BFB80700202269CBF8182062694B
:10712000CBF81C2018340BF1200241E770B50C4657
:10713000084D03460026204611461C462E6013F0DB
:10714000A9FD431C00D070BD2B68002BFBD0236031
:1071500070BD00BFAC41002038B5074D0022044689
:1071600008462A6013F098FD431C00D038BD2B68F8
:10717000002BFBD0236038BDAC4100209368002B6E
:1071800000F0F8802DE9F04FB1F90CC01CF0080FA9
:1071900083B0904681460C4631D00B697BB31CF01E
:1071A0000207D8F8006038D00027D4F824B0E1698D
:1071B000DFF8C4A23D4655452B463A4628BF534604
:1071C0004846C5B1D847002840F3CA80D8F80830EF
:1071D0001B1A07442D1AC8F80830002B00F0B6809F
:1071E00055452B46D4F824B0E16928BF53463A46AA
:1071F0004846002DE6D1D6E900750836DBE7214682
:107200004846FEF781FE002840F0AF80B4F90CC07C
:10721000D8F800601CF00207C6D11CF0010A63D147
:107220002368A168574618468B46002F58D01CF497
:10723000007F00F0B580B9420A4600F2E1801CF4FC
:10724000906F2FD0216962695D1A02EB420202EB56
:10725000D2726B1C52103B44934292BF93469B46A2
:107260001A461CF4806F00F0EA8011464846F9F790
:10727000E5F9002800F0F9802A4621690090FAF724
:10728000E3F9A289009B22F4906242F08002A2817D
:107290005819ABEB0505C4F814B02361A560206054
:1072A000BB463A4651460092FAF75CF8A16823685B
:1072B000009AA1EB0B011A443D46A1602260002711
:1072C000D8F808305B1BAA44C8F80830002B3DD022
:1072D0002368A168B4F90CC018468B46002FA6D1CC
:1072E000D6E900A708369EE73846BB463D460097DC
:1072F000002D41D0002846D0009A2068A168D4E92A
:107300000473AA4228BF2A46B84204D901EB030AF3
:10731000524500F38580934275DCE169676A5A46FD
:107320004846B847B0F1000A1ADD009BB3EB0A03E8
:1073300000930FD00120D8F80830A3EB0A03D34400
:10734000A5EB0A05C8F80830002BD1D1002003B006
:10735000BDE8F08F21464846F9F7ECFE0028EAD058
:10736000B4F90C3043F04003A3814FF0FF3003B079
:10737000BDE8F08F00207047756833460836002D51
:10738000FAD0D3F800B02A460A215846FBF7F8FD98
:10739000002867D00130A0EB0B0300931A46ACE73E
:1073A00022699A4214D36269BA4211D86FF000433D
:1073B000BB4228BF3B46656A93FBF2F3E16902FBDF
:1073C00003F348465246A847051EC9DD7F1B77E7F1
:1073D000B94228BF39460D4618460A465146F9F7C4
:1073E000C1FFA1682368491B2B44A16023600029C9
:1073F000ECD121464846F9F79DFE0028E6D0AFE7DC
:10740000BB463A464EE759460192F9F7ABFF019A5F
:10741000A3689B1AA360236813442360924684E701
:1074200059465246F9F79EFF23685344236021468C
:107430004846F9F77FFE00283FF477AF90E74846CB
:10744000FFF7D2FC034600287FF422AF21694846AB
:10745000F9F7FAFBB4F90C300C22C9F8002023F03C
:1074600080037FE76A1C009247E70C22B4F90C30D6
:10747000C9F8002076E700BF00FCFF7F81F00041E3
:1074800002E000BF83F0004330B54FEA41044FEA09
:10749000430594EA050F08BF90EA020F1FBF54EAA4
:1074A000000C55EA020C7FEA645C7FEA655C00F040
:1074B000E2804FEA5454D4EB5555B8BF6D420CDD11
:1074C0002C4480EA020281EA030382EA000083EA94
:1074D000010180EA020281EA0303362D88BF30BD34
:1074E00011F0004F4FEA01314FF4801C4CEA11318A
:1074F00002D0404261EB410113F0004F4FEA0333E9
:107500004CEA133302D0524263EB430394EA050F73
:1075100000F0A780A4F10104D5F1200E0DDB02FAE2
:107520000EFC22FA05F2801841F1000103FA0EF276
:10753000801843FA05F359410EE0A5F120050EF13C
:10754000200E012A03FA0EFC28BF4CF0020C43FA6D
:1075500005F3C01851EBE37101F0004507D54FF07A
:10756000000EDCF1000C7EEB00006EEB0101B1F5CA
:10757000801F1BD3B1F5001F0CD349085FEA300010
:107580004FEA3C0C04F101044FEA445212F5800F1B
:1075900080F09A80BCF1004F08BF5FEA500C50F1B8
:1075A000000041EB045141EA050130BD5FEA4C0C9B
:1075B000404141EB0101013C28BFB1F5801FE9D2F8
:1075C00091F0000F04BF01460020B1FA81F308BF1B
:1075D0002033A3F10B03B3F120020CDA0C3208DDE7
:1075E00002F1140CC2F10C0201FA0CF021FA02F1C2
:1075F0000CE002F11402D8BFC2F1200C01FA02F132
:1076000020FA0CFCDCBF41EA0C019040E41AA2BF56
:1076100001EB0451294330BD6FEA04041F3C1CDA1E
:107620000C340EDC04F11404C4F1200220FA04F03E
:1076300001FA02F340EA030021FA04F345EA0301E8
:1076400030BDC4F10C04C4F1200220FA02F001FAAA
:1076500004F340EA0300294630BD21FA04F029462C
:1076600030BD94F0000F83F4801306BF81F48011C5
:107670000134013D4EE77FEA645C18BF7FEA655C38
:1076800029D094EA050F08BF90EA020F05D054EA0A
:10769000000C04BF1946104630BD91EA030F1EBF0F
:1076A0000021002030BD5FEA545C05D14000494113
:1076B00028BF41F0004130BD14F580043CBF01F506
:1076C000801130BD01F0004545F0FE4141F47001EC
:1076D0004FF0000030BD7FEA645C1ABF19461046C7
:1076E0007FEA655C1CBF0B46024650EA013406BFC8
:1076F00052EA033591EA030F41F4002130BD00BF87
:1077000090F0000F04BF0021704730B54FF4806443
:1077100004F132044FF000054FF0000150E700BFC4
:1077200090F0000F04BF0021704730B54FF4806423
:1077300004F1320410F0004548BF40424FF0000110
:107740003EE700BF42004FEAE2014FEA31014FEA53
:1077500002701FBF12F07F4393F07F4F81F06051A2
:10776000704732F07F4208BF704793F07F4F04BFED
:1077700041F40021704730B54FF4607401F00045CA
:1077800021F000411CE700BF50EA010208BF70472A
:1077900030B54FF000050AE050EA010208BF70471B
:1077A00030B511F0004502D5404261EB41014FF484
:1077B000806404F132045FEA915C3FF4D8AE4FF08C
:1077C00003025FEADC0C18BF03325FEADC0C18BF6F
:1077D000033202EBDC02C2F1200300FA03FC20FAC0
:1077E00002F001FA03FE40EA0E0021FA02F114440D
:1077F000BDE600BF70B54FF0FF0C4CF4E06C1CEA26
:1078000011541DBF1CEA135594EA0C0F95EA0C0F96
:1078100000F0DEF82C4481EA030621EA4C5123EA09
:107820004C5350EA013518BF52EA033541F4801138
:1078300043F4801338D0A0FB02CE4FF00005E1FBEB
:1078400002E506F00042E0FB03E54FF00006E1FB35
:1078500003569CF0000F18BF4EF0010EA4F1FF0478
:10786000B6F5007F64F5407404D25FEA4E0E6D41B8
:1078700046EB060642EAC62141EA55514FEAC520C9
:1078800040EA5E504FEACE2EB4F1FD0C88BFBCF545
:10789000E06F1ED8BEF1004F08BF5FEA500E50F1F6
:1078A000000041EB045170BD06F0004646EA0101BC
:1078B00040EA020081EA0301B4EB5C04C2BFD4EBEE
:1078C0000C0541EA045170BD41F480114FF0000EE7
:1078D000013C00F3AB8014F1360FDEBF002001F055
:1078E000004170BDC4F10004203C35DA0C341BDCCF
:1078F00004F11404C4F1200500FA05F320FA04F0A1
:1079000001FA05F240EA020001F0004221F00041D4
:1079100010EBD37021FA04F642EB06015EEA430E47
:1079200008BF20EAD37070BDC4F10C04C4F1200577
:1079300000FA04F320FA05F001FA04F240EA02002A
:1079400001F0004110EBD37041F100015EEA430EFB
:1079500008BF20EAD37070BDC4F1200500FA05F21B
:107960004EEA020E20FA04F301FA05F243EA02039A
:1079700021FA04F001F0004121FA04F220EA0200A9
:1079800000EBD3705EEA430E08BF20EAD37070BDEF
:1079900094F0000F0FD101F00046400041EB0101CF
:1079A00011F4801F08BF013CF7D041EA060195F0B1
:1079B000000F18BF704703F00046520043EB03036B
:1079C00013F4801F08BF013DF7D043EA0603704758
:1079D00094EA0C0F0CEA135518BF95EA0C0F0CD063
:1079E00050EA410618BF52EA4306D1D181EA0301A9
:1079F00001F000414FF0000070BD50EA410606BFA3
:107A00001046194652EA430619D094EA0C0F02D1E7
:107A100050EA013613D195EA0C0F05D152EA03362C
:107A20001CBF104619460AD181EA030101F000414A
:107A300041F0FE4141F470014FF0000070BD41F093
:107A4000FE4141F4780170BD70B54FF0FF0C4CF46D
:107A5000E06C1CEA11541DBF1CEA135594EA0C0F8C
:107A600095EA0C0F00F0A7F8A4EB050481EA030ED9
:107A700052EA03354FEA013100F088804FEA0333C0
:107A80004FF0805545EA131343EA12634FEA02228E
:107A900045EA111545EA10654FEA00260EF000414F
:107AA0009D4208BF964244F1FD0404F5407402D2A1
:107AB0005B084FEA3202B61A65EB03055B084FEA32
:107AC00032024FF480104FF4002CB6EB020E75EB2F
:107AD000030E22BFB61A754640EA0C005B084FEA57
:107AE0003202B6EB020E75EB030E22BFB61A7546D4
:107AF00040EA5C005B084FEA3202B6EB020E75EB1F
:107B0000030E22BFB61A754640EA9C005B084FEA96
:107B10003202B6EB020E75EB030E22BFB61A7546A3
:107B200040EADC0055EA060E18D04FEA051545EA92
:107B300016754FEA06164FEAC30343EA52734FEA3B
:107B4000C2025FEA1C1CC0D111F4801F0BD141EAB4
:107B500000014FF000004FF0004CB6E711F4801F19
:107B600004BF01430020B4F1FD0C88BFBCF5E06FF9
:107B70003FF6AFAEB5EB030C04BFB6EB020C5FEA09
:107B8000500C50F1000041EB045170BD0EF0004E5E
:107B90004EEA113114EB5C04C2BFD4EB0C0541EA90
:107BA000045170BD41F480114FF0000E013C90E68D
:107BB00045EA060E8DE60CEA135594EA0C0F08BF51
:107BC00095EA0C0F3FF43BAF94EA0C0F0AD150EA50
:107BD00001347FF434AF95EA0C0F7FF425AF1046E3
:107BE00019462CE795EA0C0F06D152EA03353FF40B
:107BF000FDAE1046194622E750EA410618BF52EA88
:107C000043067FF4C5AE50EA41047FF40DAF52EA5B
:107C100043057FF4EBAE12E74FF0FF3C06E000BFF8
:107C20004FF0010C02E000BF4FF0010C4DF804CD05
:107C30004FEA410C7FEA6C5C4FEA430C18BF7FEAC5
:107C40006C5C1BD001B050EA410C0CBF52EA430CF3
:107C500091EA030F02BF90EA020F0020704710F173
:107C6000000F91EA030F58BF994208BF90422CBF02
:107C7000D8176FEAE37040F0010070474FEA410CFB
:107C80007FEA6C5C02D150EA013C07D14FEA430C19
:107C90007FEA6C5CD6D152EA033CD3D05DF8040B8A
:107CA000704700BF8446104662468C4619466346BC
:107CB00000E000BF01B5FFF7B7FF002848BF10F193
:107CC000000F01BD4DF808EDFFF7F4FF0CBF0120D8
:107CD00000205DF808FB00BF4DF808EDFFF7EAFF54
:107CE00034BF012000205DF808FB00BF4DF808ED0F
:107CF000FFF7E0FF94BF012000205DF808FB00BF04
:107D00004DF808EDFFF7CEFF94BF012000205DF88D
:107D100008FB00BF4DF808EDFFF7C4FF34BF01209A
:107D200000205DF808FB00BF4FEA410C7FEA6C5C65
:107D300002D150EA013C0AD14FEA430C7FEA6C5C65
:107D400002D152EA033C02D14FF0000070474FF0DD
:107D5000010070474FEA410212F5001215D211D509
:107D60006FF47873B3EB625212D94FEAC12343F038
:107D7000004343EA505311F0004F23FA02F018BFBA
:107D8000404270474FF00000704750EA013005D183
:107D900011F0004008BF6FF0004070474FF0000046
:107DA000704700BF044A05491368002B08BF0B4603
:107DB0001844106018467047B041002040EC022083
:107DC000FEE700BF024B13B10248F8F7B7BA70479D
:107DD0000000000049030008DFF834D0002103E070
:107DE0000C4B5B58435004310B480C4B42189A42E1
:107DF000F6D30B4A02E0002342F8043B094B9A42B7
:107E0000F9D30AF049F9F8F771FA07F0F7FB704770
:107E10000000022084CF0108000000208C3E0020DA
:107E20008C3E002040EC0220FEE7000008B540F642
:107E300002400BF015FC41F20E100BF011FC012377
:107E4000002211460A480BF055FA002202210620B2
:107E50000BF0AEFB002102200BF03AFD01220021C5
:107E600010460BF0D1F901200BF03EFA08BD00BF1F
:107E70000008024008B540F602400BF0F1FB042375
:107E8000012200210B480BF035FA022108460BF0C5
:107E90001FFD0022114604200BF0B6F901200BF063
:107EA00019FA01200BF020FA0222032108200BF01E
:107EB0007FFB08BD0008024008B540F602400BF009
:107EC000CFFB0823002211460A480BF013FA0321C6
:107ED00002200BF0FDFC0022114608200BF094F963
:107EE0000222032109200BF063FB08200BF0FCF9B0
:107EF00008BD00BF0008024010B5044640B1012093
:107F00000BF0F2F901200BF0DBF9034B1C7010BDF4
:107F100001200BF0DFF9F8E7B441002030B597B04D
:107F2000584D80230022012128460BF0E3F98023DD
:107F30000322002128460BF006FA802128460BF088
:107F40002AFA514C18230022012120460BF0D2F9C5
:107F500018230322002120460BF0F5F918212046B2
:107F60000BF01BFA40F603400BF07AFB40F604409E
:107F70000BF076FB40F605400BF072FB40F6064036
:107F80000BF06EFB4FF460600BF06AFB4CF2737207
:107F90000C2128460BF00AFA4CF2737300220221DE
:107FA00028460BF0A7F94CF27373032200212846F0
:107FB0000BF0C9F905F500654FF23F020C21284688
:107FC0000BF0F4F94FF23F030022022128460BF098
:107FD00091F94FF23F030322002128460BF0B3F939
:107FE000A5F580654FF680720C2128460BF0DEF96E
:107FF0004FF680730022022128460BF07BF94FF6E2
:1080000080730322002128460BF09DF941F20702FC
:108010000C2120460BF0CAF941F20703002202218D
:1080200020460BF067F941F20703032200212046A6
:108030000BF089F90423069305933C230493012252
:1080400003924FF4801302930023019300930324BF
:108050000794139312931021119110930A930F9385
:108060000E930C9208930B9309930D93CDF850D077
:10807000CDF854D007A80BF05FF820460BF0BCF801
:1080800017B030BD000C02400018024010B584B09B
:10809000044641F201000BF0E3FA2923ADF8003069
:1080A0000023ADF80230ADF80430C82202FB04F41E
:1080B000013C0294ADF806308DF80C30094C69464D
:1080C00020460BF011FD012120460BF0B1FE2046A9
:1080D0000BF054FD022203211D200BF069FA04B0BD
:1080E00010BD00BF0004004008B5FFF7CFFF08BD7A
:1080F00010B5FFF713FF1A4B932119604FF0D842C8
:10810000C2F8041200211960D2F804221A60932ADE
:10811000F1D14FF0D8431A68114C22605A6822609E
:108120009A682260DB682360FFF780FE22880D4B8F
:108130009A800120FFF7E0FEFFF79CFEFFF7BCFEF0
:10814000094C4FF4807323604FF4007323600A20BE
:10815000FFF7CAFF4FF000532360002010BD00BF9F
:10816000B84100200002006C00E100E008B5054ABB
:1081700013780133DBB213700FF070F801200BF0AD
:10818000B3F808BDB541002008B50FF0F5F804209C
:108190000BF0AAF808BD08B50FF024F808200BF082
:1081A000A3F808BD08B50EF0AFFF012101480BF0A0
:1081B00043FE08BD0004004010B540B900210E4840
:1081C0000BF06EFF07210D480AF08BF910BD0B4C28
:1081D0000A46072120460AF066F9802106480BF07E
:1081E0005FFF2022072120460AF08FF90721204651
:1081F0000AF06EF9EAE700BF001001400064024097
:1082000010B570B9154C1022052120460AF0ABF9C3
:10821000002113480BF03EFF052120460AF061F9CA
:1082200010BD0E4C0A46052120460AF03CF90521F6
:1082300020460AF044F90422052120460AF05AF9A2
:10824000402107480BF026FF1022052120460AF0A6
:1082500078F9052120460AF03BF9E1E70064024085
:10826000001001402DE9F0418AB040F601400BF0CA
:10827000F7F940F601400BF0F3F940F601400BF03E
:10828000EFF940F601400BF0EBF940F601400BF03E
:10829000E7F940F601400BF0E3F941F204100BF06E
:1082A000DFF95C4E4022072130460BF07FF8802238
:1082B000072130460BF07AF8402301220221304694
:1082C0000BF018F840230222002130460BF03BF857
:1082D00080230122022130460BF00CF88023022279
:1082E000002130460BF02FF84B4C20460BF0A8FD38
:1082F0004FF4004120460BF0A0FE4FF48051204681
:108300000BF07AFE022120460BF0B6FE4FF480619E
:1083100020460BF069FE012120460BF075FE4FF45C
:10832000E13120460BF0FAFD042120460BF07FFEE0
:10833000082120460BF075FE20460BF06DFE4FF431
:1083400000730022012130460AF0D4FF4FF400737D
:108350000222002130460AF0F6FF40F616400BF0EC
:108360007FF92E4F072138460AF028F8402307935B
:108370002B4B0393002504954FF40078CDF8208013
:10838000284B01930123029305954FF44033099341
:1083900001AA072138460AF03EF804220721384690
:1083A0000AF0A8F8072138460AF089F8052138466E
:1083B0000AF004F8089507951B4B039301AA0521C1
:1083C00038460AF028F80422052138460AF092F8C7
:1083D000052138460AF073F8414630460AF0DDFFC1
:1083E00029462846FFF7E8FE29462846FFF708FFFA
:1083F00040F2053120460BF072FE2A460A21252064
:108400000BF0D6F87C2109480AF0C5FF0AB0BDE898
:10841000F08100BF000402400010014000640240EF
:10842000CC42002004100140CC410020001002404A
:1084300008B50A46034B002119600349F9F704F90E
:1084400008BD00BFC4410020CC410020024B186091
:10845000024B00221A607047C4410020C84100202E
:1084600038B505460C464FF4007110480AF093FFEA
:10847000224629460E48F9F7E7F821460120FFF782
:108480009BFE06210B480BF011FE0128F9D10621B5
:1084900008480BF017FE00210846FFF78DFE4FF449
:1084A000007102480AF079FF38BD00BF00040240A5
:1084B000CC420020001001400023024A1360024A0F
:1084C00013707047C4410020C0410020014B186860
:1084D000704700BFC841002008B5002007F006FB28
:1084E00008BD000008B5012007F000FB7C21024810
:1084F0000AF051FF08BD00BF0010024010B5064C45
:10850000102120460AF08EFF102120460AF047FF76
:10851000B0FA80F0400910BD0010024008B50138E3
:1085200003280AD8DFE800F0020A121A012007F037
:10853000FDFA08210D480AF030FF08BD012007F0C0
:1085400005FB042109480AF028FFF6E7012007F09F
:108550001DFB402105480AF020FFEEE7012007F04F
:1085600005FB202101480AF018FFE6E70010024051
:1085700008B507F0CBFA08BD08B5013803280AD8BA
:10858000DFE800F0020A121A002007F0CFFA0821F3
:108590000D480AF000FF08BD002007F0D7FA0421BB
:1085A00009480AF0F8FEF6E7002007F0EFFA40214C
:1085B00005480AF0F0FEEEE7002007F0D7FA202188
:1085C00001480AF0E8FEE6E70010024008B5094B52
:1085D0001B881BB1013B074A138008BD054B0322D2
:1085E0001A80054B187880F00100187007F07EFAA9
:1085F000F3E700BFBE410020BC41002008B50138B0
:1086000003280BD8DFE800F0020B141D114B18787B
:1086100007F08CFA082110480AF0BDFE08BD0D4B8A
:10862000187807F093FA04210B480AF0B4FEF5E736
:10863000084B187807F09AFA402107480AF0ABFE79
:10864000ECE7044B187807F0A1FA202102480AF061
:10865000A2FEE3E7E20301200010024008B5202259
:1086600005210B4809F093FF28B90A4B4FF400424B
:10867000C3F8842108BD2022052105480AF07BF8B3
:10868000054B01221A7000210846FFF7B9FDECE7FF
:108690000064024000E100E0C041002010B5052167
:1086A0000C480BF003FD012804D00B4B2022C3F82B
:1086B000842110BD074C052120460BF003FD204608
:1086C0000BF0D6FC054A1368591C1160044AD054BB
:1086D000EBE700BF0010014000E100E0C8410020CE
:1086E000CC410020F0B58BB040F615400AF0B8FF41
:1086F0001C4C0321204609F061FE402307931A4FCA
:108700000397002604964FF480630893174B019358
:108710000125029505964FF44033099301AA0321E0
:10872000204609F078FE04220321204609F0E2FEEB
:108730000321204609F0C3FE2946204609F03EFEEB
:108740000796039701AA2946204609F064FE0422F1
:108750002946204609F0CEFE2946204609F0AFFE04
:108760000BB0F0BD00600240D04300200448004040
:1087700010B5012808D000210E480BF08BFC012118
:108780000D4809F0AEFE10BD0B4C4FF48062012184
:10879000204609F088FE402106480BF07BFC202291
:1087A0000121204609F0B1FE0121204609F090FE8A
:1087B000E9E700BF004800400060024010B5012812
:1087C00008D000210D480BF06BFC03210C4809F088
:1087D00088FE10BD0A4C0A460321204609F063FEBC
:1087E000802106480BF05CFC20220321204609F082
:1087F0008CFE0321204609F06BFEEAE700480040AA
:108800000060024008B538B14FF4807105480AF0A5
:10881000C2FD00F0FFFA08BD4FF4807101480AF074
:10882000BCFDF6E70004024070B50E461D4640F65A
:1088300002400AF015FF40F602400AF011FF40F630
:1088400001400AF00DFF41F212000AF009FF484C06
:108850004FF48062072120460AF0A8FD4FF4006221
:10886000072120460AF0A2FD4FF480630122022175
:1088700020460AF03FFD4FF480630222002120468B
:108880000AF061FD4FF400630122022120460AF044
:1088900031FD4FF400630222002120460AF053FD0F
:1088A000A4F5E03420460BF0CBFA314620460BF01D
:1088B00035FB012D0ED0022D1BD0002120460BF0E0
:1088C0009BFB002120460BF0D7FB002120460BF03C
:1088D0008BFB13E0274C4FF4805120460BF08CFBB0
:1088E000022120460BF0C8FB4FF4C06120460BF07C
:1088F0007BFB4FF480611F480BF076FB1D4C012180
:1089000020460BF081FB042120460BF090FB082150
:1089100020460BF086FB20460BF07EFB164D4FF4F5
:1089200080730022012128460AF0E4FC4FF4807392
:108930000222002128460AF006FD00220A212720F3
:108940000AF036FE0D4B80225A6020460BF07DFB6C
:10895000012120460BF080FBFFF7C4FE00212046DA
:108960000BF098FB0020FFF74DFF012070BD00BF0A
:1089700000080240004800400004024000E100E01E
:1089800038B50C4601280DD042F204011A480BF00C
:10899000B2FB0020FFF7ECFE012C12D0174B002297
:1089A0001A7038BD144D42F20B2128460BF08AFB99
:1089B00042F2040128460BF092FB0120FFF7D8FE9B
:1089C000EAE70E4B01221A7002E00D4B1B68984734
:1089D0000A4B1B78012BF8D00120FFF713FF40F260
:1089E000063105480BF07BFB064C21680120FFF7A0
:1089F000E5FE00232360D4E700480040CC4300207C
:108A000008560120D0470020034A1368591C116002
:108A1000024AD05401207047D0470020D0430020A4
:108A2000044A1368591C1160034AD35C0370012087
:108A3000704700BFD0470020D043002010B542F25D
:108A40000B2121480BF032FB01280AD006211E48D9
:108A50000BF02CFB012824D01C4B8022C3F884216E
:108A600010BD0020FFF784FE42F20B2116480BF0E8
:108A700029FB0121164809F01CFDC0F5806402E0C5
:108A8000144B1B689847144B1B68A342F8DB124B2E
:108A900000221A60114B1B6898470120FFF768FEFF
:108AA000D4E70020FFF7AEFE074C40F20631204627
:108AB0000BF021FB062120460BF004FB00210846A9
:108AC000FFF77CFEC8E700BF0048004000E100E07F
:108AD000006002400C560120D047002004560120BF
:108AE000F8B507460E4672B612F0F6F84FF48070ED
:108AF00012F0EEF8802012F0EBF8402012F0E8F8C7
:108B0000102012F0E5F8022012F0E2F8012012F035
:108B1000DFF8582012F0D8F84FF4807012F0D8F82F
:108B2000802012F0D5F8402012F0D2F8102012F078
:108B3000CFF8022012F0CCF8012012F0C9F800247E
:108B4000114D19E04FF4807012F0C2F8802012F03D
:108B5000BFF8402012F0BCF8102012F0B9F8022043
:108B600012F0B6F8012012F0B3F857F82410284696
:108B700012F0A6F804350134B442E3D312F09CF8A5
:108B800062B60120F8BD00BF00000E0808B58A00DB
:108B90000149F8F759FD08BD00000E0810B582B074
:108BA0004FF4807111480AF0FAFB8DF80700104C61
:108BB000802120460AF0F3FB8DF806004FF4807107
:108BC00020460AF0ECFB8DF805009DF806305B00AE
:108BD000DBB29DF8070018449DF805309B00DBB21E
:108BE00053FA80F0C0B202B010BD00BF00180240BE
:108BF0000008024070B50024264613E001210D480C
:108C000009F0ADFB02210B4809F0BBFB0028F9D0AD
:108C1000084D284609F0B2FB06440221284609F017
:108C2000B7FB0134092CE9DD034BA3FB0630C0F38D
:108C3000CF0070BD00200140CDCCCCCC10B572B6B9
:108C400040F606400AF00CFD694C10230022012179
:108C500020460AF04FFB10230222002120460AF092
:108C600072FB20230022012120460AF043FB20232F
:108C70000222002120460AF066FB40230022012147
:108C800020460AF037FB40230222002120460AF04A
:108C90005AFB80230022012120460AF02BFB80236F
:108CA0000222002120460AF04EFBF02120460AF065
:108CB00072FB4FF440700AF071FC40F602400AF07B
:108CC000CFFC40F606400AF0CBFC4FF48073002244
:108CD000114620460AF00EFBA4F5805480230022A2
:108CE000114620460AF006FB4FF48073002211461D
:108CF00020460AF0FFFA41F208100AF0B1FC41F2F6
:108D00000A100AF0ADFC4FF4403009F02FFA4FF48E
:108D100040600AF0A5FC40F605400AF0A1FC0123E2
:108D20000022032133480AF0E5FA4FF48063002261
:108D3000032131480AF0DEFA09F00EFA002009F0AA
:108D40002DFBA4F568440021204609F060FA0022BA
:108D50000221204609F01AFA01224FF480712046C0
:108D600009F014FA0021204609F03DFA03220121FE
:108D7000204609F054FA072300221146204609F044
:108D80006FFA072300220121204609F069FA072320
:108D900000220221204609F063FA00220121204628
:108DA00009F0B1FA00220121204609F0C1FA20465B
:108DB00009F024FA002300E00133104A9342FBD368
:108DC00062B640F604400AF04BFC0D4C7C230222B4
:108DD000012120460AF08EFA7C230222002120463F
:108DE0000AF0B1FA7C2120460AF0D5FA10BD00BF86
:108DF00000180240000002400014024080969800D3
:108E00000010024008B5102101480AF00BFB08BD14
:108E10000018024008B5202101480AF003FB08BDF4
:108E200000180240002101E000BF0131044B1B6823
:108E3000044AA2FB0323B1EBD30FF5D3704700BF65
:108E400094110020CDCCCCCC08B5FFF7EBFF094C3A
:108E5000102120460AF0E6FA202120460AF0E2FA24
:108E6000402120460AF0DEFA802120460AF0DAFA94
:108E7000EBE700BF0018024030B589B086460D46CA
:108E8000EC460F4C0FCCACE80F0094E80F008CE8D8
:108E90000F0055B108AB03EBCE0E5EF81C1C5EF85C
:108EA000200C0AF078FA09B030BD08AB03EBCE0E07
:108EB0005EF81C1C5EF8200C0AF06FFAF3E700BFA6
:108EC000E0AC010810B588B040F602400AF0C8FBDB
:108ED00040F601400AF0C4FB41F20F000AF0C0FB6B
:108EE0004FF440600AF0BCFB40F606400AF0B8FBC5
:108EF0003C4C08230022022120460AF0FBF90823FB
:108F00000222002120460AF01EFA082206212046ED
:108F10000AF04CFA10230022022120460AF0EAF956
:108F200010230222002120460AF00DFA1022062109
:108F300020460AF03BFA04F580644FF48053002287
:108F4000022120460AF0D6F94FF480530222002174
:108F500020460AF0F8F94FF48052062120460AF024
:108F600025FAA4F500644FF40043002201212046B5
:108F70000AF0C0F94FF400430222002120460AF013
:108F8000E2F904F5C0544FF40043002201212046C9
:108F90000AF0B0F94FF400430222002120460AF003
:108FA000D2F9A4F5EE3420460AF00AFC01A80AF032
:108FB00059FC002302934FF482720192039303221F
:108FC0000692382207920493059301A920460AF0DD
:108FD00052FC20460AF06BFC20460AF063FC08B005
:108FE00010BD00BF0004024070B504461D4E4FF492
:108FF000004130460AF0CFF91B4D4FF4004128469E
:109000000AF0CBF94FF4004128460AF0C6F94FF4B4
:10901000004128460AF0BFF94FF4004130460AF0FB
:10902000BCF9214611480AF047FC80210F480AF09C
:1090300048FC0128F9D00D4D28460AF03FFC0C4BA6
:109040001870214628460AF037FC802107480AF0AC
:1090500038FC0128F9D005480AF030FC044B587060
:10906000188870BD0000024000180240003C00401B
:10907000D447002038B501EB00218DB2002403E075
:10908000012000F0B9F80134312CF9D9284600F05C
:10909000C3F8002403E0012000F0AEF80134632C93
:1090A000F9D9002403E0002000F0A6F80134312CA7
:1090B000F9D938BD70B506460D46002403E0FA2004
:1090C000FFF7D8FF0134AC4210D2335703B9202345
:1090D000D9B201F14002D2B21F2AF0D84033044A7B
:1090E000D156C9B2FA20FFF7C5FFEBE770BD00BF4C
:1090F000A8AF010830B583B005460C4B019300249E
:109100000FE004F108036B4413F8041CF820FFF788
:10911000B1FF04EB8400142105EB8000FFF7CAFFC8
:109120000134032CEDD903B030BD00BF80C094D40E
:1091300010B504462121FA20FFF79CFF4B2C15D0D7
:1091400008DC192C0DD0322C0FD13921F820FFF773
:1091500091FF0AE0642C08D13B21F820FFF78AFF39
:1091600003E03821F820FFF785FF10BD3A21F820F1
:10917000FFF780FFF9E710B500F0CAF80821F820E2
:10918000FFF778FFC8200CF091FE0721F820FFF7C9
:1091900071FFC8200CF08AFE3B21F820FFF76AFF20
:1091A000C8200CF083FE0C21F820FFF763FF4FF47A
:1091B00096600CF07BFE0121F820FFF75BFF4FF477
:1091C00096600CF073FE002407E0C4F16400FFF722
:1091D000AFFF03200CF06AFE0134632CF5DD0024A0
:1091E00006E02046FFF7A4FF03200CF05FFE0134E9
:1091F000632CF6DD10BD000008B528B14FF48041A6
:1092000004480AF0CAF808BD4FF4804101480AF04A
:10921000C2F8F8E70018024008B5014604480AF011
:109220004BFB802102480AF04CFB0028F9D108BD15
:109230000034014038B540F606400AF011FA41F218
:109240000D100AF00DFA104D28460AF0B9FA0F4C2D
:1092500020460AF007FB002363604FF4827222600D
:109260004FF40062A260012262613822A261E360D1
:109270002361214628460AF0FEFA28460AF017FB29
:1092800028460AF00FFB38BD00340140D8470020C3
:1092900010B51E4C4FF400630022022120460AF054
:1092A00029F84FF400630222002120460AF04BF80F
:1092B0004FF40062062120460AF078F84FF400537C
:1092C0000022022120460AF015F84FF40053022232
:1092D000002120460AF037F84FF4005206212046BC
:1092E0000AF064F84FF480430022012120460AF07E
:1092F00001F84FF480430222002120460AF023F8AF
:109300004FF4804120460AF046F810BD0018024094
:1093100008B5FFF7BDFF4FF496700CF0C7FDFFF7DF
:1093200089FF08BD70B540F604400AF099F9294C50
:10933000022300221946204609F0DCFF02231A46C8
:109340000021204609F0FFFF0222012120460AF0F9
:109350002DF8214B1E68214BA3FB0636B60B4FF4AC
:1093600088500AF07DF94FF080700AF0A1F9A4F559
:10937000883420460AF0F8FA194964230B80102338
:109380004B8000258D808E600D7320460AF0ACFB6B
:10939000144A01261680042353809580D5801581B8
:1093A0005581314620460AF0FFFB602231462046B7
:1093B0000AF0EEFC2A46314620460AF011FD20460E
:1093C0000AF0DCFB314620460AF0E2FB20460AF0B8
:1093D000DAFB70BD00100240941100205917B7D17C
:1093E00000480020F447002010B5044640F2016117
:1093F0001E480AF0B2F80028F8D11C480AF0A1F87B
:109400004FF4A06119480AF0A8F80028F8D06FF0CE
:109410000102402115480AF085F840F20151134835
:109420000AF09BF80028F8D040F201510F480AF0EA
:10943000A0F840F207510D480AF08FF80028F8D044
:1094400021460A480AF087F840F2075107480AF017
:1094500084F80028F8D005480AF078F8044BD3F8CF
:10946000003C13F4007FF9D110BD00BF005C004048
:109470000050004038B5044699B14FF480410C4883
:1094800009F089FF0A4D4FF40061284609F083FF77
:109490002046FFF7A9FF4FF40061284609F07DFF41
:1094A00038BD4FF48041024809F077FFEAE700BF7A
:1094B0000018024008B50121C0B2FFF7DBFF08BD6C
:1094C000F8B5054600218020FFF7D4FF05F1140709
:1094D000144E142239463046F8F7B6F805F1280440
:1094E000142221463846F8F7AFF8142231462046B8
:1094F000F8F7AAF8002408E040300B4B1856FFF7A5
:10950000D9FF01E0FFF7D6FF01344F2C09D82857C7
:1095100000F14003DBB21F2BEED90028F2D120204E
:10952000F0E7F8BD10480020C8AF0108054AD36A2B
:10953000C0F1640000FB03F30349A1FB03135B09C3
:1095400093637047000001401F85EB5110B541F255
:1095500017000AF085F80A4C00220A49204609F053
:1095600063FF012300221146204609F0C7FF204671
:1095700009F0E2FF4FF48061204609F0CDFF10BDF5
:10958000005C0040E093040038B54FF440600AF0FE
:1095900067F840F602400AF063F840F606400AF029
:1095A0005FF8394C4FF4007300220221204609F085
:1095B000A1FE4FF4007302220021204609F0C3FEF1
:1095C0004FF400720421204609F0F0FEA4F5006477
:1095D0004FF4807300220221204609F08BFE4FF4E5
:1095E000807302220021204609F0ADFE4FF4807204
:1095F0000421204609F0DAFE04F5C0544FF48043FC
:1096000000220121204609F075FE4FF4804302221A
:109610000021204609F097FE4FF40063002201214B
:10962000204609F067FE4FF4006302220021204625
:1096300009F089FE40F604400AF012F8134D0223A7
:1096400000220121284609F055FE02231A46002176
:10965000284609F078FE0221284609F09CFE4FF4C6
:10966000005300220121204609F044FE4FF400532C
:1096700002220021204609F066FE4FF400512046E8
:1096800009F08BFE38BD00BF000802400010024008
:1096900010B5FFF779FFFFF759FFFFF743FE96205C
:1096A0000CF004FC00213320FFF7E4FE01200CF055
:1096B000FDFB00213220FFF7DDFE01200CF0F6FB60
:1096C00000213820FFF7D6FE01200CF0EFFB00212F
:1096D0000820FFF7CFFE01200CF0E8FB002101205D
:1096E000FFF7C8FE0A200CF0E1FB00210620FFF77F
:1096F000C1FE01200CF0DAFB00210C20FFF7BAFEBE
:1097000002200CF0D3FB00210120FFF7B3FE022062
:109710000CF0CCFB00218020FFF7ACFE002407E01A
:10972000C4F16400FFF702FF03200CF0BFFB01341B
:10973000632CF5DD002406E02046FFF7F7FE03204A
:109740000CF0B4FB0134632CF6DD1920FFF7EEFEBC
:1097500010BD030243EA102080B27047030203F4F5
:109760007F0343EA0063020A02F47F42134343EAA1
:109770001060704710B44FF0000C10F0010406D0D8
:10978000614504DD10F8013B63F31F2C0139002310
:1097900003E030F8022B134402390129F9DC0029D7
:1097A00004DD027862F3070C1FFA8CFC9C441FFA5C
:1097B0008CF303EB1C4398B200EB134024B103027B
:1097C0009BB2C0F30720184380B25DF8044B70478A
:1097D000F8B5054600273C4600E02D689DB16E892E
:1097E00031466868FFF7C6FF03199CB204EB1344C7
:1097F00016F0010FF1D087F0010723029BB2C4F3EA
:1098000007241C43E9E727B123029BB2C4F30724D2
:109810001C43E04380B2F8BD014B1B6818447047FD
:1098200044480020024B1B68C01A80B2704700BF3A
:109830004448002038B504460088FFF7EDFF844215
:1098400015D003799BB9194B1B6883420FD0184B75
:109850001B68834224D000882080B0F5A04F06D03A
:10986000FFF7DAFF05462046FFF7DCFF68806088D7
:10987000FFF7D2FF0546844211D003797BB90C4B28
:109880001B68A3420FD020882880B0F5A04F06D0D7
:10989000FFF7C2FF04462846FFF7C4FF608038BDCB
:1098A000034B1C60D7E7024B1860ECE740480020F0
:1098B0003C480020F8B50446FFF7B4FF074625886A
:1098C0002846FFF7A9FF064664882046FFF7A4FF55
:1098D000B5F5A04F10D8B4F5A04F0FD8BC4202D0B8
:1098E0000388BB420CD1094B1B68B3420AD0738872
:1098F000BB4209D1012000E00020F8BD0020FCE7B8
:109900000020FAE70120F8E70020F6E740480020B1
:1099100038B50B4C24F003040A4B1C604FF4A045EF
:1099200025800023638023712846FFF775FF064BCF
:1099300018600123037105804580044B1C6038BD0D
:109940004B48002044480020404800203C4800206C
:1099500020B338B5044610F0030F1ED1A0F108055E
:109960000F4B1B68AB4218D800F10C030D4A12686C
:10997000934212D810F8043C7BB12846FFF79AFFB7
:1099800058B1002304F8043C074B1B68AB4201D9D3
:10999000054B1D602846FFF74DFF38BD704700BFDF
:1099A00044480020404800203C480020F8B50546C7
:1099B000CC1CA4B224F00304A4B20B2C04D9B4F53B
:1099C000A04F02D900255EE00C248C425AD3304BC4
:1099D0001B68AB4257D82F4B1B68AB4253D9A5F13C
:1099E0000800FFF71FFF074635F8080CC61BB6B284
:1099F000083EB6B2B44248D845D0FFF70DFF037910
:109A0000FBB906883C44A4B20834A4B2224B1B68BC
:109A1000834210D02046FFF7FFFE0023037106802B
:109A2000478025F8084C0088B0F5A04F2BD0FFF7F1
:109A3000F3FE448027E02046FFF7EEFE164B186049
:109A4000E8E704F11403B3421DD83C44A4B208343F
:109A5000A4B22046FFF7E0FE0F4B1B68834201D9FA
:109A60000D4B18600023037135F8083C03804780D4
:109A700025F8084C0088B0F5A04F04D0FFF7CCFEC5
:109A8000448000E000252846F8BD0025FBE700BF24
:109A900044480020404800203C48002000285ED078
:109AA0002DE9F8430346C61CB6B226F00306B6B24B
:109AB0000B2E04D9B6F5A04F02D900204DE00C269C
:109AC0009E424ED3284B1F683846FFF7ABFE054633
:109AD00014E001230371A74206D004F108003CE022
:109AE0003888FFF799FE07463B791BB11F4B1B686F
:109AF000BB42F5D11C4B1F60EFE72588A946B04655
:109B0000C6F5A0439D4227D22846FFF785FE0446AE
:109B10000379002BF1D10388A3EB0903083B4345EC
:109B2000EBD308F114084345D3D32E44B6B208361C
:109B3000B6B23046FFF770FE00230371238803801E
:109B400045802680012323710088B0F5A04FC2D044
:109B5000FFF762FE4680BEE70020BDE8F8830020E4
:109B600070470020F9E700BF3C4800204048002033
:109B7000C368186808B102681A607047C3681B6838
:109B80000B60C36819607047C36800221A6083685D
:109B9000033323F0030307E0C16809681960C16853
:109BA0000B6081880B440132C1889142F4DC70471C
:109BB00010B5002406E0054B53F82400FFF7E4FF3E
:109BC0000134A4B2082CF6D910BD00BF48BE01086C
:109BD00008B5082805D8054B53F82000FFF7C8FF43
:109BE00008BD0348F7F71AFE0020F9E748BE010850
:109BF000E8AF010808B5082806D821B1044B53F88E
:109C00002000FFF7BBFF08BD0248F7F707FEFAE7A1
:109C100048BE010808B001080B688268934202D070
:109C2000836001207047002070470B68C268934230
:109C300002D0C36001207047002070476FF00B0016
:109C4000704738B504460D4600F02AFF29462046E5
:109C500003F0E0FE38BD08B590F8293003F00502A6
:109C6000052A07D111F0010F04D0426812B113F098
:109C7000080F00D108BD011D04F0E8F8FAE730B57F
:109C800083B00C4609684368994202D1002003B0B2
:109C900030BD05460191136001A91046FFF7D1FFC1
:109CA0003CB123686B6001212846FFF7D4FF0120F7
:109CB000EDE70023F6E770472DE9F04182B0044656
:109CC00016461D460F46D9B1E6B1EDB10FB13B685E
:109CD000E3B901AA39462046FFF7D1FF4FF001084A
:109CE000002231462046FFF797FF002229462046F2
:109CF000FFF79BFFB8F1000F0BD002B0BDE8F08179
:109D0000074FE1E7064EE0E7054DDFE74FF00008BB
:109D1000E6E701AA39462046FFF7B1FFEDE700BFAD
:109D200024BF010870B5059D0446E0B105B321B319
:109D30002AB333B300206060A060E060264E666105
:109D4000208484F829000498E0612448007884F88D
:109D50002C00069820612046FFF7AEFF2046A8475A
:109D6000C8B1002033E01E48F7F758FD20462EE02A
:109D70001C48F7F753FD002029E01B49D8E71A4A91
:109D8000D7E7194BD6E7002384F82C3007E00132DF
:109D900084F82C2083B194F82C30FF2BF3D0134B94
:109DA00018680346002BF5D093F82C1094F82C205B
:109DB0009142ECD01B68F5E794F82C30FE2B07D0CD
:109DC0000133064A13702060084B1C60204670BDAA
:109DD000024B00221A70F6E73D9C0008A7FD002008
:109DE0008CB00108A8B0010824BF0108ACFD002018
:109DF000014B1860704700BFA8FD002008B528B1CE
:109E000090F8293013F0010F04D008BD0548F7F78A
:109E100005FDFAE743F0010380F829300321FFF73D
:109E20001AFFF2E7CCB0010808B560B190F829300C
:109E300013F0010F06D003F0FE0180F8291013F093
:109E4000080F04D108BD0348F7F7E8FCFAE703F070
:109E500077FFF7E7E8B00108024658B1064B1868EB
:109E600038B190F82C300133DBB2934203D0006854
:109E7000F6E7704700207047ACFD0020014B01223F
:109E80001A707047B0FD002010B4002404604160D7
:109E9000028143819DF8043003739DF808304373B9
:109EA00001238373C4735DF8044B704720B30346EA
:109EB000B1F5803F22D219B31FFA81FC00896044BA
:109EC00080B260451ED300B593F90CE0BEF1000FDF
:109ED0000ADBCAB15A68511A59605A8962445A81D8
:109EE000188100205DF804FB5A68511A03F1100232
:109EF0008A42F1D90120F5E701207047012070471F
:109F000000207047012070470120EBE708B5074BA0
:109F100000221A70064B186800E0C06828B1D0F81B
:109F20008430002BF9D000F082FC08BDB0FD002089
:109F3000B8FD0020F0B583B005460C461646072054
:109F4000FFF746FE074638B10023019300962346EB
:109F500022462946FFF798FF384603B0F0BD10B5FA
:109F600082B084468E46184604990CF1030C2CF0FE
:109F7000030C0EEB0C04BDF814309C420CD801B15C
:109F80006144044602230193009273467246FFF730
:109F90007BFF204602B010BD0024FAE708B500227E
:109FA000FFF784FF08BD0000C0B10346B1F5803F54
:109FB00016D2B9B110B588B25A89824209D35C6809
:109FC00021445960121A5A811A89121A1A810020E2
:109FD00010BD0548F7F722FC0120F9E70120704782
:109FE000012070470020704708B1010808B500291A
:109FF00002DBFFF75BFF08BD4942FFF7D5FFFAE739
:10A0000008B50122FFF7F2FF08BD38B538B30024C8
:10A0100007E0022B16D0012B19D0EBB10134E4B2CA
:10A020002846E8B1837B013BDBB28373C3B9056883
:10A03000037B03F00F03427B12F0020FE9D00369A8
:10A040009847EBE701460820FFF7D4FDE6E7014615
:10A050000720FFF7CFFDE1E7FFF77AFCDEE70024FA
:10A06000204638BD2DE9F04782B00E469046B2F545
:10A07000C17F3DD0044606D8012A2FD0412A2DD0D9
:10A080004FF0000930E0B2F5207F24D1C11C01F46B
:10A09000FE71F21C93B223F003030B449BB203F155
:10A0A000100080B222F0030293425BD382425CD85C
:10A0B000FFF7F4FC8146B8B104F11001014403310B
:10A0C00000230193CDF800803346324621F003018E
:10A0D000FFF7DAFE08E04FF0000905E0424631469E
:10A0E0000020FFF727FF8146484602B0BDE8F08711
:10A0F00005460027B94610E0FFF7C0FEB9F1000F92
:10A1000002D04846FFF781FFB946EDE7CAF8007074
:10A11000341BA6B20025002EE6D0BA460820FFF771
:10A1200057FD07460028E7D0EB1C23F003039BB242
:10A13000C3F5BB6304339CB2B44228BF344605F177
:10A1400010010144033100230193CDF80080234620
:10A15000324621F00301FFF797FEB9F1000FD5D188
:10A16000B946D5E74FF00009BEE74FF00009BBE75D
:10A1700038B50446008988421DD90D4606E0EB1A21
:10A180009DB223890A1A1344238124686389AB4250
:10A19000F5D3227B12F00F0F05D1AB4203D0637BC6
:10A1A00013F0020F08D065812581206808B1FFF700
:10A1B0002CFF0023236038BD63681B1BE91889B29C
:10A1C0002046FFF7F3FBEEE70346002002E00130F4
:10A1D00080B21B68002BFAD1704710B1837B01332A
:10A1E0008373704708B508B1034649B90948F7F7C2
:10A1F00015FB0DE01A89B1F808C062441A810346C4
:10A2000018680028F6D11A89088902441A81196051
:10A2100008BD00BF28B101082DE9F84369B1064621
:10A22000914698460D460A894A4506D358B1028997
:10A230004B449A4207DB00271FE03648F7F7EEFA57
:10A240006FF00F0064E03448F7F7E8FA6FF00F00A2
:10A250005EE0B9F1000F31D100277389434533D057
:10A260001DB16A892B899A423FD01EB17289338908
:10A270009A4243D0B9F1000F49D07489A4EB080485
:10A280006B89DB1B9C4200D31C464C4528BF4C46C7
:10A2900070686968224639444044F7F7D5F9A0440C
:10A2A0002744A4B2A9EB04041FFA84F96B89BB42CA
:10A2B000D3D82D68002DCCD00027CEE71748F7F76C
:10A2C000ADFA6FF00F0023E0366816B14FF00008CA
:10A2D000C6E7B9F1000F02D14FF00008C0E71048FF
:10A2E000F7F79CFA6FF00F0012E02B68002BBCD040
:10A2F0000C48F7F793FA6FF0050009E03368002B7C
:10A30000B8D00848F7F78AFA6FF0050000E000209F
:10A31000BDE8F88360B1010894B10108C4B1010837
:10A32000D4B10108E4B1010808B521B100230A89BC
:10A33000FFF772FF08BD0348F7F770FA6FF00F00E0
:10A34000F8E700BF1CB201082DE9F84330B1884698
:10A350009146054649B100273E4622E01748F7F7E7
:10A360005DFA00273846BDE8F8831548F7F756FA36
:10A370000027F7E76C89E41AA4B2A14500D24C4645
:10A3800069682246194408EB0600F7F75DF927448F
:10A39000BFB22644B6B2A9EB04041FFA84F9002325
:10A3A0002D68B9F1000FDDD0002DDBD0002BE1D0FE
:10A3B0006A899A42DED89B1A9BB2F1E738B201084B
:10A3C00058B2010800230B6050B300B586460268FE
:10A3D00022B34089F44602E094461268184622B13E
:10A3E000538903449BB28342F6D20023CCF8003059
:10A3F000A2B1734606E01889B2F808C0A0EB0C00C1
:10A4000018811B68002BF6D19EF80D3013F0200F39
:10A4100003D0537B43F0200353730A605DF804FBC1
:10A42000704738B514460A462189FFF71BFE0546DA
:10A4300010B12146FFF778FF284638BD00E0C0681C
:10A4400038B1D0F88C308B42F9D10023C0F88C3071
:10A45000F5E7704738B50546012407E0054B53F88A
:10A46000243029461868FFF7E9FF0134032CF5D999
:10A4700038BD00BFFCBE01084FF0000C0BE0164BCE
:10A480004FF440421A800FE00CF1010C1FFA8CFCD3
:10A49000BCF5804F1DD2104A138801339BB2138044
:10A4A0004FF6FF729342EAD0002003280ED80B4BE0
:10A4B00053F820301B6833B1D98A074A1288914279
:10A4C000E2D0DB68F7E70130C0B2EEE7024B188854
:10A4D00070470020704700BF380D0020FCBE010807
:10A4E00008B501460220FFF785FB08BD38B50446D4
:10A4F000037D042B0ED0072B13D0032B21D102F0A8
:10A5000049FE0546A0B905232375204602F05CFFED
:10A51000284638BD02F03EFE054648B9052323759E
:10A52000F3E702F037FE054610B909232375ECE77F
:10A53000B5F1FF3FECD1638B43F008036383002543
:10A54000E6E70025E4E70000094B186878B110B58C
:10A5500001E0204654B1C468438B13F0080FF8D0D3
:10A5600023F008034383FFF7C1FFF2E710BD7047F4
:10A57000B8FD0020704708B501460120FFF73AFBFF
:10A5800008BD000070B506460D4659B166B1337D71
:10A5900083B9AAB10020032816DC204B53F82030E1
:10A5A0001B681FE01E4DF1E71E48F7F737F96FF003
:10A5B0000F0015E01C48F7F731F96FF005000FE0C8
:10A5C000FFF75AFF0246E8B115B12B6803B13360BB
:10A5D000F282164B1A68F2601E6003F0DFF800206A
:10A5E00070BDDB6863B1D98A9142FAD1196861B153
:10A5F00075B12C687CB1A142F3D16FF00700EFE791
:10A600000130C8E76FF00100EAE76FF00700E7E705
:10A610006FF00700E4E76FF00700E1E7FCBE010818
:10A6200024BF01087CB2010894B20108C0FD0020DB
:10A6300070B51646044638B3037D63BB012B49D081
:10A640000220FFF7C5FA0546002847D023690361B9
:10A65000E38AC38201230375637D4375637A437282
:10A66000237A0372E37AC372A37A83722368036046
:10A67000E38AFBB11B4B1B68A34213D0C3B1DA685A
:10A68000A24213D01346F9E71748F7F7C7F8254653
:10A690006FF00F031AE01548F7F7C0F86FF00E03DC
:10A6A000002513E0DA680F4B1A6001E0E268DA6017
:10A6B0000023E3602046FFF75EFF0D4BAB610D4BBF
:10A6C0001A68EA601D6003F069F8002306B1337070
:10A6D000284670BD05466FF00803F7E74FF0FF33DB
:10A6E000F4E700BFC0FD0020BCB20108ECB20108D5
:10A6F000E7A90008BCFD002008B50022FFF798FF7D
:10A7000008BD30B5446A856A6319026BB0F836E05B
:10A7100040F2B45CE64594BF02EB0E0102EB0C0183
:10A72000591A002902DBC562981A30BD121B02D4E7
:10A73000C2620020F9E70023C362FAE710B598B1BE
:10A740000446836A194440F66832914201D88B422C
:10A750000ED940F66833A3622046FFF7D2FF40F2DD
:10A76000D923984206D810BD0648F7F757F8FAE7FC
:10A770008162F1E7638B43F002036383204602F0BA
:10A7800023FEF0E724B3010850B110B50446406839
:10A7900008B1FFF73AFC21460320FFF72BFA10BD62
:10A7A000704738B110B50468FFF7EEFF2046002C63
:10A7B000F9D110BD704738B504460320FFF708FAF9
:10A7C000054630B114222146F6F73EFF6868FFF7D0
:10A7D00004FD284638BD00B10161704708B1C0F8DA
:10A7E0009410704708B1C0F8A010704710B1027DF6
:10A7F000012A00D070478161FCE70000034B186814
:10A80000034A126810441860704700BF340D0020DE
:10A81000C4FD002041B10B8C33B1282B05D9283B56
:10A820009BB2984228BF184670470023F9E710B53D
:10A830000446D0F8840020B1FFF7B3FF0023C4F82A
:10A84000843010BD10B528B30446037D0BB30A2B2A
:10A850001FD0012B1DD0D0F8880020B1FFF7D5FB09
:10A860000023C4F88830D4F8843013B12046FFF7B1
:10A87000DEFF4FF6FF73A386E06FFFF792FFD4F879
:10A880008000FFF78EFF0023E367C4F88030A4F850
:10A89000763010BD0148F6F7C1FFFAE73CB3010876
:10A8A00010B50C4603688B4205D04BB1DA68A24262
:10A8B00004D01346F9E7DB68036001E0E268DA6080
:10A8C0000023E3602046FFF7BDFF237D0A2B05D060
:10A8D000012B03D0638B13F0010F03D100232375E9
:10A8E000E38210BD43F002036383204602F06CFD57
:10A8F000F4E700002DE9F04784B0E0B10D460446CE
:10A90000037D0A2B1BD0D0F85880D0F82490D0F8C3
:10A91000A0600769002B3DD1B0F816A0BAF1000F76
:10A9200042D0294B1B68834211D0B3B1DA68A242EE
:10A9300011D01346F9E72548F6F770FF27E00146E6
:10A940002348FFF7ADFF2046FFF715FE1FE0DA684A
:10A950001D4B1A6001E0E268DA600025E560AA4656
:10A96000D4F8800008B1FFF71CFFE06F08B1FFF7D3
:10A9700018FFD4F8840008B1FFF713FFB5B92046DB
:10A98000FFF7F9FD1EB16FF00C013846B04704B077
:10A99000BDE8F087B0F816A001460E48FFF780FF2B
:10A9A0000D4B01221A70DBE70025D9E7231D228B0E
:10A9B0000292CDF804A0009323464A464146204621
:10A9C00002F0AAFCDBE700BFC0FD002058B301087D
:10A9D000B4FD0020B8FD0020B3FD002008B5012122
:10A9E000FFF788FF08BD08B50846FFF7F7FF6FF0CF
:10A9F0000C0008BD08B50A4B1B684FF0000C604600
:10AA000000E0DB6843B1196A064A1268521A6245CF
:10AA1000F7D394461846F4E708B1FFF7DFFF08BD07
:10AA2000B4FD0020C4FD002010F0800F01D108B952
:10AA300070477F2038B50138C2B20F4B1B684FF00A
:10AA4000000C604607E00D4A1268186AA2EB000C81
:10AA50000A461846DB685BB1597D9142F3D3F9D1C0
:10AA6000064C24681D6AA4EB050EE645F2D3EAE71E
:10AA700008B1FFF7B3FF38BDB8FD0020C4FD0020CA
:10AA800038B50446084603E0C568FFF7A7FF284627
:10AA900028B1026823689A42F6D0C068F8E738BD4A
:10AAA00000B338B50D460446036803B938BD0E4BF4
:10AAB0001968FFF7E5FF0D4B19682046FFF7E0FF27
:10AAC000002DF3D02B68002BF0D0094B1B6800E061
:10AAD000DB68002BEAD0196822689142F8D12A6815
:10AAE0001A60F5E7704700BFB8FD0020C0FD0020E8
:10AAF000BCFD002010B501460C4B1B684FF0000C4C
:10AB0000604600E0DB685BB11A7D8A42FAD1084AF0
:10AB100012681C6A121B6245F4D394461846F1E78A
:10AB200010B10021FFF7E6FE10BD00BFB8FD002008
:10AB3000C4FD002038B505460120FFF749F804465A
:10AB400040B3B02200212046F5F77EFB657540F644
:10AB500068332367E362A362FF22E2724FF4067256
:10AB6000E2860622A4F84420A4F842204FF6FF72A1
:10AB7000A2860122E2641A4A12682262194A1278F5
:10AB8000A2772365184BC4F89430184BC4F8A4304E
:10AB9000204638BDFFF7D8FCFFF72CFF0120FFF758
:10ABA00017F804460028CCD10920FFF7A3FF0120A5
:10ABB000FFF70EF804460028C3D10820FFF79AFFDC
:10ABC0000120FFF705F804460028BAD12846FFF710
:10ABD0002BFF0120FEF7FCFF04460028B1D1D7E788
:10ABE000C4FD0020B1FD002041AD000800DD6D0076
:10ABF00008B54020FFF79EFF08BD000010B584B0E7
:10AC0000044621B1037D042B16D0072B14D0237DDD
:10AC1000012B57D0022B61D0002B6BD1E38A002B84
:10AC20004AD0364B1B68A3423ED0002B42D0DA6894
:10AC3000A2423DD01346F8E7D4F8883023B9A26A7F
:10AC400040F668339A42E2D0231D228B0292E28AB8
:10AC5000019200932346626AA16D204602F05CFBDC
:10AC60002046FFF7EFFD264B1B68A34205D053B1EA
:10AC7000DA68A24205D01346F9E7DA68204B1A6079
:10AC800001E0E268DA600023E3601E4B01221A70E3
:10AC90001D4B1B68A34204D02046FFF76CFC00202C
:10ACA0000EE001F07FFDFAE7DA68144B1A6001E06C
:10ACB000E268DA600023E3602046FFF75CFC0020D6
:10ACC00004B010BD2046FFF7C5FB21460F48FFF733
:10ACD000E7FD2046FFF704FC0020F1E72146084885
:10ACE000FFF7DEFD074B01221A702046FFF743FCF9
:10ACF0000020E5E72046FFF7F9FBE1E7C0FD002073
:10AD0000B8FD0020B3FD0020C8FD0020BCFD0020E0
:10AD100008B560B10346027D012A03D0428B42F0A0
:10AD20001002428301211846FFF768FF08BD03485F
:10AD3000F6F774FD6FF00F00F8E700BF74B3010879
:10AD400010B551B1144608466AB11189FFF7F6FCF7
:10AD50002046FFF75AF9002010BD0648F6F75EFDC1
:10AD60006FF00F00F8E70BB10020F5E7FFF7D0FF19
:10AD7000F2E700BF8CB30108F0B583B00446B8B960
:10AD80002548F6F74BFD6FF00F0042E000232A46FE
:10AD900021461846FFF7D4FF1EE0D4F8945025B1A1
:10ADA00000231A4621462069A84710F10D0F30D024
:10ADB000D4F8885065B36F7B01A92846FFF702FBE2
:10ADC000019BC4F88830D4F89460002EDED00023B4
:10ADD0002A4621462069B04768B917F0200FE7D00E
:10ADE000019B002BE4D1A36A40F668329342D4D091
:10ADF0000133A362D1E710F10D0F0AD0019911B10F
:10AE00002846FFF7EFF9C4F888506FF0040000E01F
:10AE1000002003B0F0BD00BFA8B3010870B51D4A03
:10AE20001378013313701C4B1C6813E043F00203CA
:10AE30006383204602F0C8FA638B23F00303638325
:10AE400013E023F0080363832046FFF74FFB10E075
:10AE5000E5682C46E4B1A27F0E4B1B789A42F7D0EE
:10AE6000A377638B13F0010FE0D1638B13F0080F0E
:10AE7000E7D1E568D4F88830002BEAD0074E0023EC
:10AE800033702046FFF778FF3378002BE1D0CAE714
:10AE900070BD00BFB1FD0020B8FD0020B3FD002053
:10AEA0002DE9F04184B0A44A136801331360A34A2A
:10AEB000137801331370A24B1C6800264CE1264620
:10AEC000E46849E194F84630052B40F251810125B0
:10AED00063E089B2204602F04FF860B1002384F8A5
:10AEE000A83094F8A930062B00F29C80013384F836
:10AEF000A930002551E0204602F066FA0028EDD185
:10AF000000254AE0B4F934309BB247F6FE72934212
:10AF100001D80133A386B4F93420B4F944309A42FD
:10AF20003BDB204602F058F928B1D4F88030002BE2
:10AF300033D1E36F8BB3237D022B14D094F84620DA
:10AF40000C2A28BF0C22B4F94010B4F9423003EBAC
:10AF5000E1037C498A5C934047F6FE72934218DC19
:10AF60001BB2A4F844300023A386A36EE26C934284
:10AF700028BF13465B082365E28E5100B3EB420FF6
:10AF800000D22165E2640023A367204602F04AFB59
:10AF900003E047F6FF73E4E70125227D062A43D04C
:10AFA000637A13F0080704D0042A4AD0072A48D04D
:10AFB0000027D4F8843053B1236A5F4A1268D21A4A
:10AFC000B4F9443003EB4303B2EB430F67D2237D64
:10AFD000032B68D0092B6FD0002D76D1E568237F35
:10AFE0000133DBB22377627F9342C0F0B38000234A
:10AFF0002377554A1370D4F89C30002B00F09480CE
:10B00000214620699847504B1B78002B7FF453AFA3
:10B01000002800F08B8026462C469DE00125BCE7E9
:10B020000025BAE70025B8E7638B13F0100FB7D0FF
:10B03000216A414B1B685B1A282BB1D90135EDB24F
:10B04000AEE73D4B1A68236AD21AD4F8A41001F572
:10B05000242303F6B8433D48A0FB0303B2EB531F80
:10B0600003D90135EDB20127A3E794F8AB30384896
:10B0700000FB0311354BA3FB0131B2EB511F01D88B
:10B08000002796E7204602F0E2FA30B994F8AB3098
:10B09000013384F8AB3000278BE7002789E720468F
:10B0A000FFF7C5FB93E7216A234A1268521A282A40
:10B0B00090D90135EDB28DE7226A1F4B1B689B1AB0
:10B0C000F02B89D90135EDB286E7D4F8A05020469F
:10B0D000FFF7B8FBBEB1E368F360C7B9D4F81080DE
:10B0E000E7682046FFF747FA174B00221A701DB198
:10B0F0006FF00C014046A847134B1B78002B7FF4E0
:10B10000DAAE3C4628E0E2680D4B1A60E5E7231D05
:10B11000626AA16D208B0290E08A01900093234621
:10B12000204602F0F9F8D9E700206CE7204602F04B
:10B130004BF926462C460FE0C4FD0020B1FD00204F
:10B14000B8FD002014BF0108B3FD0020D34D6210EC
:10B15000F824010026462C46A4B3A27F294B1B7875
:10B160009A423FF4ACAEA377237D022B3FF4AAAE04
:10B1700094F846300B2B3FF60FAF94F8A950002DF2
:10B180003FF4C0AE94F8AA300B2B3FF647AF013D19
:10B190001D4B5A5D94F8A830934202D2013384F8D3
:10B1A000A83094F8A8309342FFF43AAFA16E00297A
:10B1B0007FF48FAE204602F061FA00283FF48EAE95
:10B1C0000025EAE6114B1D680AE02846FFF73AFB26
:10B1D00084B1EB68E360EE682846FFF7CCF93546AA
:10B1E00065B12A6A0A4B1B689B1AF02BEDD82C46D6
:10B1F000ED68F5E7EA68054B1A60ECE704B0BDE8D6
:10B20000F08100BFB1FD00200CBF0108B4FD00209B
:10B21000C4FD002008B5FFF701FE064A137801338C
:10B22000DBB2137013F0010F00D108BDFFF738FE39
:10B23000FBE700BFB2FD00200A4A1388591C1180A9
:10B24000094A116819B1094A1288934204D2084A7E
:10B2500012681344187D7047DBB2D2B29B1ADBB27E
:10B26000C85C7047E0FD0020E4FD0020E8FD002000
:10B27000ECFD002038B5364B1B88002B67D0044608
:10B28000344B00221A80334B1A88314B1B889A4268
:10B290005DD2FFF7D1FF03284ED801A353F820F069
:10B2A0004FB3000887B20008B1B20008EBB2000843
:10B2B000FFF7C2FF04284AD1264B1B880133244ADA
:10B2C0001288934243DAFFF7B7FF0502ADB2FFF7EA
:10B2D000B3FF284380B2431E9BB240F2B352934265
:10B2E00001D940F2B450E086CDE7FFF7A5FF03286F
:10B2F0002DD1184B1A88164B1B889A4227D2FFF77C
:10B300009BFF154B1B7813F0020FBCD0638B13F41B
:10B31000807FB8D184F8AC000E2802D90E2284F8C0
:10B32000AC20022284F8AD2043F48073638340F69E
:10B330006833E362A362A6E7FFF77EFF03460128B6
:10B3400005D9044A11880B44023B13809BE738BDA2
:10B35000EAFD0020E0FD0020D1FD00200E4B1B780F
:10B3600013F0100F01D10020704710B50446438B35
:10B3700013F0100F06D1D0F8A0301BB16FF00E0102
:10B380000069984721460548FFF78AFA2046FFF7EB
:10B39000F2F8012010BD00BFD0FD0020B8FD002054
:10B3A0001C4B1B7813F0040F33D110B584B013F08D
:10B3B000020F1CD0184B1A68436AD11A00291CDBF3
:10B3C000816A0B449B1A002B17DB144B1968144B32
:10B3D000144CB4F800C00C88029449880191191FDC
:10B3E000009162441049096801F096FF08E013F0EB
:10B3F000010F02D00D4B1B6803620A4B1B880BB96F
:10B4000004B010BD438B43F00203438301F0DCFF23
:10B41000F6E77047D1FD0020DCFD0020ECFD0020A8
:10B4200038480020D2FD0020D8FD0020C4FD0020B7
:10B43000414B1B7813F0040F7CD1F0B585B0054665
:10B4400013F0100F04D113F0020F16D105B0F0BDA8
:10B450003A4B19683A4B3B4A10883B4A12680C88B1
:10B46000029449880191191F0091024437490968E3
:10B4700053F8100C01F067FFE8E7407DFFF75AFB37
:10B480000446002848D0324B5A6902601B69436069
:10B49000EB8AC382294E33681B8803830323037519
:10B4A000294F3B68013343620363FFF7A7F9206626
:10B4B000A065A06460663B68013BE3652B6923617E
:10B4C000C4F88C506B7A03F00C0363722B7A2372EE
:10B4D000204B1A68E2601C6002F060F91E4B0122EA
:10B4E0001A702046FFF7C6FE3368DB89A366E36661
:10B4F000E68E251D284603F025FA01462A463046E9
:10B50000FFF788F9E0861221204601F0E5FD60B9D9
:10B51000204601F059FF99E7AB69002B96D04FF018
:10B52000FF3200212869984790E700212046FFF765
:10B53000E1F98BE7704700BFD1FD0020ECFD002052
:10B5400038480020D2FD0020DCFD0020D8FD00207E
:10B5500024480020B8FD0020B3FD00202DE9F04173
:10B5600007460C4617E0002343442B44F51A002DF0
:10B5700024DB25686068FEF727FEB7F874301B1AD5
:10B58000A7F8743023890F4A11680B4413602046D2
:10B59000FFF7FAF82C468CB10B4B1E6823695868EC
:10B5A000FEF7DCF80546B4F8088023699889FEF7B1
:10B5B000D0F810F0030FD6D00123D5E72046BDE820
:10B5C000F08100BFD4FD0020D8FD002070B50546F5
:10B5D0000C4603699889FEF7BCF810F0010F09D0FA
:10B5E0002046FFF7DEF8002429E026682046FFF712
:10B5F000CBF83446CCB12B89154A12681344216923
:10B600004A68208902449B1A002B0EDB8889FEF7CA
:10B61000A0F810F0010FE8D02B699E890120FEF7F9
:10B6200098F82B6906439E81DFE744B123695A6885
:10B630002B89074909680B44D31A002B01DB2C60C6
:10B6400070BD521A91B229816868FEF791FDF6E744
:10B65000DCFD0020F8B50446934B1B7813F0100F67
:10B6600000F00581866E036EF018E26D8F490D685B
:10B67000511B00290DDBAA424AD08D4A1268934221
:10B6800016D18C4B1B68DB8994F8AC2093409E420A
:10B690000ED2884B1B68DB8994F8AC209340A366DC
:10B6A000E26E934200D9E366E565814B1B68236631
:10B6B000A36C7F4A11685A1A002A33DB7E4A12882B
:10B6C000002A40F0CC80226EA56E2A44824240F0CF
:10B6D000C680B4F93420002AC0F2C1808B4240F009
:10B6E000BE8094F84730FF2B02D0013384F84730F6
:10B6F00094F84730032B04D9E26CE18E52180DD236
:10B70000E264022B40F2AB80204601F0DDFDA6E0B2
:10B71000674A12689A1A002AAFDABAE74FF0FF3286
:10B72000E264EEE7CB1A012B00F19680A26D521A6B
:10B73000002AC0F29180628B12F0040F06D022F032
:10B7400004026283226DE2640022A267002084F872
:10B750004600B4F94050B4F8422002EBE502A4F8E8
:10B76000442084F84700A164227D032A12D9E26CA8
:10B77000216D8A4245D2618B11F4006F3BD00121CB
:10B78000E08E00FB01F18B4294BFD018501882422A
:10B7900033D8E064E36F494AD4F880102046FFF7BD
:10B7A000DDFE0346C4F88000454AE16F2046FFF7FE
:10B7B000D5FEE067D4F88020002A38D00023A38685
:10B7C00000232377002836D0236F3E4909680B44B5
:10B7D0002367638B13F4006F41D07AB31369586801
:10B7E000FDF7BCFF636DC01A002838DB638B23F4C0
:10B7F0000063638333E00221C2E74FF0FF33E36469
:10B80000C8E7A16F5B180AD2A367A36F9A42C1D899
:10B810009B1AA367E38ED21805D2E264BAE74FF011
:10B82000FF33A367F1E74FF0FF33E364B2E74FF66E
:10B83000FF73A386C4E7A4F87630C5E738B103697F
:10B840005868FDF78BFF636DC31A002B07DB638B12
:10B8500023F40063638302E0204601F090FDA36BB4
:10B860002BB1E26B12490968521A002A2EDB124BE7
:10B870001B88002B00F0AC82227D062A00F2A882F1
:10B88000606A0A4A1268811A012959D413441B1AA2
:10B89000012B55D40C4B586889B21A89521A1A8157
:10B8A0000289521A92B23FE0D1FD0020DCFD002057
:10B8B000D8FD0020ECFD0020D2FD0020D0B301080F
:10B8C000D8B30108D4FD0020F0FD0020A64A168858
:10B8D0009BB2F21A92B2B4F94000C0F3CF05521BEA
:10B8E00011B280B210FA82F212B2A4F840200029FC
:10B8F00010DBB4F94230A1EBA3019BB213FA81F142
:10B90000A4F84210D21012FA81F1A4F844100023D6
:10B91000A363ACE79B1B1D4429B2EAE7C91A89B2AD
:10B92000028100234381006843898B42F6D3FEF7EE
:10B930003BFB636A8D4A13608D4A1269536002E0D3
:10B94000121A002A15DB894B1A68616A531A002BF8
:10B95000C0F23A82A36A0B449B1A012B00F1348295
:10B960008A420BD0D4F88450002D00F06B81002661
:10B970008FE1638B43F002036383E4E77C4B1D8913
:10B980001B699889FDF7E5FE10F0030F17D001231E
:10B990002B449BB2774A1380A26A934211D8D4F801
:10B9A0008430002B00F09680714B1B699889FDF75D
:10B9B000D0FE10F0010F44D1D4F884504FE00023A2
:10B9C000E6E76B4B1B699889FDF7C3FE10F0010F8A
:10B9D0001FD1228D664B1A811B699889FDF7B9FE2C
:10B9E00010F0020F03D0624A1389013B1381604DAE
:10B9F00029896868FEF7BCFB2E892B699889FDF7B9
:10BA0000A8FE10F0030F15D001233344594A1380C8
:10BA1000C5E7574E33699D892846FDF79AFE00F029
:10BA20003E00FDF796FE326925F47C5540EA050399
:10BA30009381CEE70023E8E70368C4F88430FEF77B
:10BA4000A3FED4F884000028F6D143E000233B4451
:10BA5000484A13802E682846FEF796FE354665B3A1
:10BA6000444B1B88414A1268134429694A68288953
:10BA700002449B1A002B20DB8889FDF76AFE10F038
:10BA8000010FE7D03A4B1B699889FDF762FE10F071
:10BA9000020FDFD1364E33699F890120FDF759FE31
:10BAA000336907439F81378933699889FDF751FED0
:10BAB00010F0030FCAD00123C9E74DB12B695A68B2
:10BAC0002A4B19682B4B1B880B44D31A002B24DB01
:10BAD000C4F88450274B1A88244B1B6813446362B4
:10BAE000A36A9B1AA3622046FEF70BFE204B5B68FD
:10BAF0001A8922B1204A13601D4B00225A601C4B48
:10BB00001B699889FDF725FE10F0010F51D01B4AE3
:10BB1000137843F0200313704BE0521A144B1A8130
:10BB20001B699889FDF715FE10F0020F03D0104A2B
:10BB30001389013B13810E4E31897068FEF718FBA3
:10BB4000378933699889FDF704FE10F0030F04D09C
:10BB500001233B44074A1380BAE70023F9E7002298
:10BB60003AE0002249E000BFC4FD0020DCFD0020D7
:10BB7000F0FD0020D2FD0020CCFD0020D0FD0020F3
:10BB80009B4B196000236B602B699889FDF7E1FDE1
:10BB900010F0010F07D0974A137843F02003137079
:10BBA000237D042B3BD02B68C4F884302846FEF755
:10BBB000EBFDD4F88450002D34D02A695368616AB3
:10BBC0008B422FD18C490B602E899089FDF7C1FDE6
:10BBD00010F0030FC3D001223244636A134463623E
:10BBE0002B699889FDF7B5FD2E892B699889FDF79A
:10BBF000B0FD10F0030FB4D001223244A36A9B1AA7
:10BC0000A3622046FEF77DFD69680B89002BBBD03F
:10BC1000774B18680028B3D0FEF7E4FAB2E70723A1
:10BC20002375C0E7638B13F0010F07D023F00103E6
:10BC30009BB2638343F002036383D8E043F00103C4
:10BC40006383D4E06D48FEF7B6FDC4F8840004E0D9
:10BC50006A4B1A892B899A4203D8204601F08FFB40
:10BC6000C5E06648FEF7A7FD03460028F5D02EB1D3
:10BC7000306029461846FFF7A9FCEEE7C4F88400B7
:10BC8000F7E7D11A002929DB29682E46002937D089
:10BC90000D46002DE1D0286943689A42D8D0002E85
:10BCA000EFD031694968511A0129EDD4991A012957
:10BCB000EAD45248FEF77FFD07460028CDD04E4B10
:10BCC0001A683369596833890B44D31A002B10DB87
:10BCD000376029463846FFF779FCBEE74748FEF74C
:10BCE0006AFD0028B9D0C4F884002946FFF76EFC2D
:10BCF000B3E7521A91B231817068FEF739FAE7E77B
:10BD00009B1A002B01DB0D46C3E78089FDF721FD5F
:10BD100010F0010FA1D13948FEF74DFD2860002831
:10BD20009BD0354B1B682A6951682A890A449A1AA4
:10BD3000002A2EDB636AA26A1344314A12882E4914
:10BD400009680A449B1A002B87DA2B681B699889BB
:10BD5000FDF7FFFC10F0010F22D1636AA26A1344C1
:10BD60009BB22A68244909685B1A13812B681989D8
:10BD70005868FEF7FDF92B681D891B699889FDF746
:10BD8000E8FC10F0030F1DD001232B441C4A138044
:10BD900063E75B1A99B229816868FEF7E9F9C9E798
:10BDA0002B681B699E893046FDF7D3FC00F03E00EE
:10BDB000FDF7CFFC2B681A6926F47C5640EA06038F
:10BDC0009381CAE70023E0E7204601F0D8FA0EE0AD
:10BDD000094B1A68636AD11A002904DBA16A0B4473
:10BDE0009B1A012B03D5638B43F002036383F8BDD9
:10BDF000CCFD0020D0FD0020DCFD0020F0FD002067
:10BE0000D2FD002070B584B00446A04B1B7813F01F
:10BE1000040F29D0037D022B11D0436A9C4A12687B
:10BE2000934215D0D11A00290EDB816A0B449B1A6C
:10BE3000002B09DB438B43F00203438304E0826D54
:10BE4000944B1B689A4203D00025284604B070BD6D
:10BE5000914A137843F008031370638B23F00103B6
:10BE600063836FF00D05F0E713F0020F04D0037D3C
:10BE7000023BDBB2012B28D8638B13F0100F02D1E9
:10BE8000864B1B682362002384F8AB3084F8AA3009
:10BE90002046FFF7EFF97D4B1A7812F0020105D02A
:10BEA000237D023BDBB2012B00F2FA81237D023BB2
:10BEB000072B00F2F781DFE813F00E008F000E0170
:10BEC0001F0176010E01A501D901438B43F0020346
:10BED00043830025B9E702F01203122B04D012F0BD
:10BEE000100F5AD10025B0E7A36C013369490968E6
:10BEF0008B42F4D1664B1B685A1C62622263A164B8
:10BF0000674A1268D289A266E266013BE3650423B0
:10BF10002375E68EE518284602F014FD01462A46F0
:10BF20003046FEF777FCE086430041F21C12934254
:10BF300038BF13468000834228BF0346E364B4F849
:10BF40007430013BA4F87430D4F88000E8B1036881
:10BF5000C4F88030FEF718FCD4F88030CBB1002351
:10BF6000A38684F84630D4F8983043B100222146A5
:10BF700020699847054610F10D0F3FF466AF638BBB
:10BF800043F00203638300255FE7E06F0368E36724
:10BF9000E0E74FF6FF73A386E5E7414B1968414B95
:10BFA000414A10883A4A12680D88029549880191E1
:10BFB000191F0091024437490968204601F0ACF985
:10BFC00094F84630052B01D900253EE70025A586CB
:10BFD000204601F032FB38E761B1636A013B2C4A2D
:10BFE0001268934201D000252FE7204601F036F970
:10BFF00000252AE712F0100F00F05681254B196832
:10C00000A36CCB1A012B53D4A36D5B1A002B4FDB0F
:10C0100004232375D4F88C304BB39B697BB3002287
:10C02000214620699847054618BB2046FFF712FBBA
:10C030001E4B1B6813B1013B1C4A1360E28E530078
:10C0400041F21C118B4238BF0B469200934228BF2D
:10C050001346E364104B1B7813F0200F3FF4F5AE4A
:10C06000638B43F00203638307232375EDE66FF0D0
:10C07000050515F10D0F05D16FF00C05E5E66FF024
:10C080000F05F6E72046FEF7A9FCF5E7D1FD0020F5
:10C09000DCFD0020D8FD0020D0FD0020C4FD0020E4
:10C0A000ECFD002038480020D2FD0020D4FD002007
:10C0B000824B1868824B834A1588834A1268068827
:10C0C000029640880190181F00902A44204601F0F3
:10C0D00023F90025B9E62046FFF7BCFA7B4B1B7815
:10C0E00013F0200F00F0E280638B43F002036383C0
:10C0F000072323750025A8E62046FFF7ABFA734B0C
:10C100001B7813F0200F39D0714B1B7813F0100FF0
:10C1100004D0A26D6F4B1B689A4207D0638B43F02B
:10C12000020363830823237500258EE6E36F002B4B
:10C13000F4D1638B43F0020363832046FEF782FB56
:10C14000654B1B689C4205D053B1DA68944205D018
:10C150001346F9E7DA68604B1A6001E0E268DA60DA
:10C160000025E5605D4B01221A700A2323755C4BA4
:10C170001A68E2601C6001F011FB66E6544B1B7804
:10C1800013F0100F00F09480A26D524B1B689A427E
:10C1900001D0002559E6E36F0BB1002555E60623D3
:10C1A0002375002551E62046FFF754FA474B1B78CC
:10C1B00013F0200F01D1002547E6638B43F0020303
:10C1C00063832046FEF73EFB434B1B689C4205D031
:10C1D00053B1DA68944205D01346F9E7DA683E4B6A
:10C1E0001A6001E0E268DA600025E5603B4B01225D
:10C1F0001A700A2323753A4B1A68E2601C6001F03A
:10C20000CDFA22E62046FFF725FA314B1B7813F0D2
:10C21000100F4FD0A26D2F4B1B689A4201D0002502
:10C2200013E6E36F0BB100250FE62046FEF70AFB8D
:10C23000294B1B689C4205D053B1DA68944205D063
:10C240001346F9E7DA68244B1A6001E0E268DA6025
:10C250000025E560214B01221A700A232375204B2B
:10C260001A68E2601C6001F099FAEEE52046FFF7DB
:10C27000F1F9174B1B7813F0100F1DD0A26D154B61
:10C280001B689A4201D00025DFE5E36F0BB1002562
:10C29000DBE50E4A137843F0100313700025D4E554
:10C2A0000025D2E50025D0E50025CEE50025CCE52A
:10C2B0000025CAE50025C8E50025C6E5ECFD0020FF
:10C2C00038480020D2FD0020DCFD0020D0FD0020F9
:10C2D000D1FD0020D8FD0020B8FD0020B3FD0020D6
:10C2E000B4FD0020F0B587B005464268984B1A604F
:10C2F0004389132B04D82846FDF787FE07B0F0BD0D
:10C30000944B1968586902F0B6FC0028F3D1914BA0
:10C310005B6903F0F003E02BEDD08D4B1B6898892F
:10C32000FDF717FAC0F307318900C9B21329E2D922
:10C330002B899942DFD8A1F114039BB2864A13805E
:10C34000864A002010606A8991423DD8844A138051
:10C350002846FDF729FE7E4C26683088FDF7F9F95E
:10C36000308026687088FDF7F4F970802668706860
:10C37000FDF7F4F970607B4B18602668B068FDF734
:10C38000EDF9B060784B18602668F089FDF7E1F9A7
:10C39000F08123689889FDF7DCF95FFA80FC00F0F2
:10C3A0003F02724B1A702B89714A138010F0030FF1
:10C3B00005D05A1C92B26E490A8093429BD86D4BAD
:10C3C0001E683446002025E014212846FDF7ECFDC8
:10C3D0006C89634B1C80604B1F883E1BB6B22146A4
:10C3E0002846FDF7E1FD28684389B34283D34268BC
:10C3F0005A4B1A603146FDF7D7FD2B89E41B2344C5
:10C400002B81A8E7218B524B1B681A8891420FD0D1
:10C410002046E468002C2DD0227A002AF2D04D4B21
:10C420005B6893F82C300133DBB29A42EAD0EFE735
:10C43000E28A5B889A42EBD16268464B1B699A425A
:10C44000E6D12268434B5B699A42E1D190B1E3683F
:10C45000C360E660474B1C6074B93D4B1B6898890C
:10C46000FDF777F910F0040F00F070812846FDF712
:10C47000CCFD43E7002C53D03F4A002313602989A9
:10C48000118155603249096811613C4A13603C4A88
:10C4900013703C4A13601CF0080F03D06B7B43F011
:10C4A00001036B73D4F8883073B12046FEF764FC47
:10C4B00010F10D0F00F0B180D4F8883023B12C4B6F
:10C4C0001B88002B40F0A9802F4B1C602046FFF7F3
:10C4D00099FC10F10D0F13D0294B1B7813F0080FA6
:10C4E00000F0A380D4F8A0301BB16FF00D012069DB
:10C4F000984721461F48FEF7D3F92046FEF73BF840
:10C500000023214A13601D4A13601B4B5868002802
:10C510003FF4F4AEFDF779FD174B00225A60EDE6CB
:10C520001A4B1C6806E0218B094B1B681A88914244
:10C530002ED0E468002C40D0227A002AF3D0054B9C
:10C540005B6893F82C300133DBB29A42EBD0F0E712
:10C55000ECFD002024480020EAFD0020E4FD00203E
:10C56000E8FD0020DCFD0020D8FD0020D1FD0020EA
:10C57000D2FD0020B8FD0020F0FD0020CCFD002001
:10C58000D0FD0020D4FD0020C8FD0020B4FD002017
:10C59000E28A5B889A42CCD16268774B1B699A42E7
:10C5A000C7D12268744B5B699A42C2D12046FEF71C
:10C5B000F7FE2846FDF729FDA0E6704B1E683046C1
:10C5C000214607E0C28A6E4B1B685B889A420ED0F8
:10C5D0000146C06890B1027A002AF3D0664B5B68CE
:10C5E00093F82C300133DBB29A42EBD0F0E70368CA
:10C5F000614A5269934201D0002BE9D100283FF4EF
:10C600002BAF21B1C368CB60C6605C4B1860FEF7EE
:10C610000FFF2846FDF7F9FC70E6E36A002B7FF474
:10C620006FAF204600F0ABFE6AE7564B1D686DB950
:10C6300018E04FF6FF72AD1AD4F890306BB1214676
:10C640002069984710F10D0F3FF45AAF3DB14FF6F6
:10C65000FE739D42EDD8AAB2EDE70020F2E7494B08
:10C6600000221A602046FEF779FED0B148E7464B1B
:10C670001868FDF7CAFC059808B1FDF7C6FC20460E
:10C68000FEF7ACF93CE700233F4A12682146184602
:10C69000FEF756FB10F10D0F1AD000BB3A4B059A6E
:10C6A0001A60394B186820B30023059305A9FDF7DC
:10C6B00089FE638B13F0100FD9D1D4F89450002D5C
:10C6C000E1D00023304A126821462069A847E1E7FB
:10C6D000059800283FF414AFFDF797FC10E7059983
:10C6E00019B1294B1868FDF77DFD274B1B68C4F86D
:10C6F0008830264B1B7813F0200F06D0D4F88830F2
:10C7000083B15A7B42F020025A73214B00221A60F7
:10C710002046FEF723FE00287FF4F2AE204600F00C
:10C7200053FEEDE6A36A40F66832934201D001332E
:10C73000A362D4F89450002DE7D000231A46214676
:10C740002069A84710F10D0FDFD1D9E60C4B19680D
:10C75000104B114A1088114A12680C8802944988BB
:10C760000191191F009102440D49096853F8100CFA
:10C7700000F0E9FD7AE600BF24480020BCFD00205F
:10C78000ECFD0020D4FD0020CCFD0020D0FD0020D9
:10C79000C8FD002038480020D2FD0020DCFD00202C
:10C7A000D8FD0020024A137843F01003137070473D
:10C7B000D0FD0020037D042B05D0072B03D0022BD6
:10C7C00001D0032B17D1C9B1036F994205D8B0F836
:10C7D00074300B2B08D800207047438B43F0800344
:10C7E00043834FF0FF307047438B43F08003438314
:10C7F0004FF0FF3070476FF00A007047002070471D
:10C80000014B0360704700BF0103030243689B7B39
:10C81000012B01D1002070470120704738B50C462C
:10C820001D469DF81830914215D29DF8141011F054
:10C83000020F08D10499498B11F0400F1FD113B199
:10C84000049BDB6FA3B104F2B75323F003039A42B6
:10C8500028BF1A4691B24FF42072FDF703FC02463E
:10C8600020B143891B1B2B8004814481104638BDB5
:10C87000049BD3F88030002BE5D12146EBE721461D
:10C88000E9E72DE9F04707460E4690469A469DF89F
:10C8900020904FEA890505F004054FEA690101F08F
:10C8A00004010D440320FDF793F9044668B380F8B2
:10C8B0000C9000220260466033895B1B0381428139
:10C8C00014213046FDF76AFB18BB63685E68266179
:10C8D000F88AFCF73EFF30802669388BFCF739FF79
:10C8E000708026695046FCF739FF7060A808053053
:10C8F000256948EA0030FCF72CFFA8812369002253
:10C900009A74DA742046BDE8F0873046FDF77DFB67
:10C91000F8E72046FDF738FF0024F3E72DE9F04162
:10C9200006460C461F46114489B214314FF420725A
:10C9300089B22220FDF796FB804618B34568BDF802
:10C940001800FCF706FF2880BDF81C00FCF701FF6B
:10C9500068806F603046FCF701FFA860A4080534CA
:10C960002403A4B29DF820002043FCF7F2FEA88126
:10C97000BDF82400FCF7EDFEE88100232B746B74F6
:10C98000AB74EB744046BDE8F081F0B585B0044669
:10C990009E46406AE68A278B94F8AD50E36A23FAF4
:10C9A00005FC4FF6FE75AC4510D81FFA8CF50395C3
:10C9B00010250295019700967346FFF7AFFF18B157
:10C9C000636AE26A1344236305B0F0BD4FF6FF7556
:10C9D000EDE710B584B014460846FCF7BFFE0346E9
:10C9E0004DF60222039214220292BDF820200192F9
:10C9F000BDF81C200092002211462046FFF78EFF52
:10CA000004B010BD08B508B1007A18B9104601F09D
:10CA100099FF08BDFDF720FAFBE70000F0B585B0EF
:10CA200005460C461646FFF7F1FE10B1002005B092
:10CA3000F0BD2F69606AFCF791FEB8602B7B13F0A4
:10CA4000080F40D0E06A4FF6FE73984238D880B2A3
:10CA50002F69FCF77EFEF881636AE26A1344236360
:10CA60002F6907F114002B7B13F0010F3CD12B7BB6
:10CA700013F0080F46D1B4F93430002B45DBA36B1B
:10CA8000002B45D02B696A6851685B1A9BB25189AB
:10CA9000C91A518169680A89D31A0B816A682B699E
:10CAA000536000221A745A74029606230193A37AE3
:10CAB0000093E37A221D2146686802F0C7F8B6E7C2
:10CAC0004FF6FF70C4E7E06A94F8AD30D8404FF6F7
:10CAD000FE73984205D880B22F69FCF73AFEF881C0
:10CAE000BAE74FF6FF70F7E7221D314640F2B45027
:10CAF000FDF790FE40F00170FCF730FE786107F121
:10CB00001800B4E7FFF77CFEB5E70023A386B6E77D
:10CB1000044B1B68A3632B695868FCF71FFEE06396
:10CB2000B0E700BFC4FD002030B585B00C4611460B
:10CB30001A4680B1C37A807A089D02950625019530
:10CB40000090204602F082F805462046FDF75DFA87
:10CB5000284605B030BD0020FF23EDE7F0B583B0D7
:10CB600007460E4614461D461A462146FFF74AFF61
:10CB700040B100902B46224631463846FFF7D4FF9D
:10CB800003B0F0BD3046FDF740FA6FF00300F7E761
:10CB90002DE9F04F93B007910B930023ADF8463089
:10CBA000002800F0898092468046C36EAD4A9342C9
:10CBB00000F28980C3F34F03B8F836B05B45A8BFD5
:10CBC0005B4603B19B46079B002B7FD051464046F6
:10CBD000FFF7F0FD0A90002840F02381B8F8746058
:10CBE000D8F87C90B9F1000F00F021814B460993F1
:10CBF0001B68002BFBD19946099F3A7B930003F0F9
:10CC00000403521002F004021344388903449BB217
:10CC1000ABEB030399B20C91B8F87650ADF84650DF
:10CC2000002D5AD02B46554528BF53468B4228BF6E
:10CC30000B46EA1AADF84620CA1A92B20C921D466B
:10CC4000554580F0FC800C9B002B00F005810028EE
:10CC500000F00581AAEB05049C42A8BF1C46A7B2C0
:10CC60000B9B13F0010F3AD1099BD3F804904A466D
:10CC700013461268002AFBD191461A7B3F2A05D839
:10CC80005A685B891344079A934249D00122394676
:10CC90000020FDF7E7F98146002800F06581079B39
:10CCA0002B444360FDF790FA33189EB200200C909D
:10CCB000EC19A4B2099FC5E06B48F4F7AFFD6FF023
:10CCC0000F030A93ADE04FF6FF7375E76748F4F77B
:10CCD000A5FD6FF00F030A93A3E04F46B0E70123D1
:10CCE00002930B9B0193CDF800800DF146030C9A43
:10CCF00039460020FFF792FD8146002800F032817E
:10CD0000BDF846300C933A46079B59194068F4F732
:10CD10009BFC4846FDF758FA33189EB20020C7E73F
:10CD2000384600230C93C3E72A46079B191940682D
:10CD3000F4F78AFC3846FDF747FA304486B20C2EE9
:10CD400056D8D8F864300022009223443946404631
:10CD5000FFF797FD0746002800F00B81BDF846302D
:10CD60004381059B002B60D0069B18602544ACB224
:10CD7000069754457CD2AAEB0405ADB25D4528BFA9
:10CD80005D4619F0010F15D0059BB3FA83F35B09DB
:10CD90000293CDF80490CDF800800DF146035A4679
:10CDA00029463620FFF73AFD07460028BCD1DDF8BA
:10CDB000349022E0012229463620FDF753F90890ED
:10CDC000002800F0D380079B234443604FF4207277
:10CDD00000213620FDF746F9074618B10899FDF7FE
:10CDE00001FAA7E7DDF834900898FDF70EF904E0A2
:10CDF000DDF834903846FDF708F9B8F81A3043F0FA
:10CE00008003A8F81A30B9F1000F02D04846FDF7A8
:10CE1000FCF8059B13B11846FDF7C3FC4FF0FF3338
:10CE20000A930A9813B0BDE8F08F05909EE74F462D
:10CE3000CDF8249000200C900546044602E02C46D4
:10CE400000200C90002305930693CDF834900E90AB
:10CE50000F95DDF82C908CE70C982C46F2E70C909F
:10CE60002C46EFE7FDFF0100E0B30108F8B301082D
:10CE7000DDF834900E980F9D099A22B10C9911B1EA
:10CE800053890B445381F5B1099B5C68834600E0EC
:10CE9000246884B123892B4423812368002BF7D194
:10CEA000606863892A4607991844F4F7CDFB6389C3
:10CEB0002B446381ECE75846099A13892B4413816C
:10CEC00053895B1B5381BDF84630A8F87630B9F121
:10CED000000F2AD04946099C6068FDF783F9238931
:10CEE000B9F8082013442381099B059A1A60D8F8E1
:10CEF00064305344C8F86430D8F87030A3EB0A03A8
:10CF0000C8F87030A8F87460002F8AD03B69002BF5
:10CF100087D00B9A12F0020F83D19C890820FCF76E
:10CF200018FC3B6904439C817BE7A0B1099B5B68CB
:10CF300003E01A8902441A810B4619680029F8D1C6
:10CF40001A8902441A815A8902445A81099A13891A
:10CF500003441381C8E7099B002BC5D1059BC8F882
:10CF60007C30C4E7059048E7059046E7DDF834904B
:10CF700043E7DDF8349040E72DE9F04F83B0C46F0C
:10CF8000002C00F09D8006460D46002900F09B8095
:10CF9000B4F80880884503D8002003B0BDE8F08FBE
:10CFA00094F80C904FEA890707F004074FEA6903E9
:10CFB00003F004031F44A8EB010B1FFA8BFB07EBE4
:10CFC0000B014FF4207289B23620FDF74BF88246F0
:10CFD00000287BD06068038922899B1A15FA83F3A5
:10CFE000DAF804109BB25A463944FDF7ADF95845BA
:10CFF0005CD123699889FCF7ACFBC3B200F03F0712
:10D0000010F0080B03D003F037074FF0080B17F0B0
:10D01000010F03D007F0FE074BF0010B236958689E
:10D02000FCF79CFBCDF800902B185A465146304631
:10D03000FFF727FC814600284BD06068FDF7C4F855
:10D04000B6F874301B1AA6F8743060680189A5EB35
:10D050000805ADB2294489B2FDF78AF823892B442B
:10D06000238123699D893846FCF773FB23690543B7
:10D070009D81002363816068FDF7A6F8B6F87430DF
:10D080000344A6F87430D9F80400FDF79DF8B6F80B
:10D0900074300344A6F874302368C9F80030C4F82B
:10D0A0000090D9F800303BB1002076E75046FCF7FD
:10D0B000ACFF4FF0FF3070E70020A6F876006CE779
:10D0C0004FF0FF3069E76FF0050066E74FF0FF3083
:10D0D00063E74FF0FF3060E770B582B004460D465D
:10D0E00011F0020603D0037D032B3BD00926B100CB
:10D0F00001F00401731003F004034FF4207219448B
:10D100003620FCF7AFFF0146002833D00096636E4F
:10D110002A462046FFF7B5FB0146002831D0E36FD1
:10D12000002B35D01A461B68002BFBD11160002361
:10D13000A4F8763015F0030F09D0636E01336366EF
:10D1400015F0010F03D0638B43F02003638348681D
:10D15000FDF73AF8B4F874300344A4F874300020B2
:10D1600002B070BD438B13F4807F01D10126BEE76E
:10D170000926BCE7638B43F0800363834FF0FF30E5
:10D18000EEE7638B43F0800363834FF0FF30E7E704
:10D19000E067CCE770B50546C36F53B11C461B680A
:10D1A000002BFBD123699889FCF7D3FA10F0070F05
:10D1B00004D001212846FFF78FFF70BD23699E89A7
:10D1C0000120FCF7C6FA236906439E816B8B43F06E
:10D1D00020036B830020F0E7F8B50646D0F88040C6
:10D1E000002C35D0254624683CB12846FFF70EFBBD
:10D1F0000028F7D06FF0050023E02846FFF706FB74
:10D2000048BBF36F2B60EBB1D6F88030F367002397
:10D21000C6F88030738B43F4006373832B695868BE
:10D22000FCF79CFA04462F892B699889FCF791FA40
:10D2300010F0030F0AD001231F443C447465002002
:10D24000B063F8BD6B89A6F87630DDE70023F3E71D
:10D250006FF00500F5E76FF00500F2E7F8B5D0F8DC
:10D2600080605EB307463046FFF7D0FA48BB3368AC
:10D27000C7F8803007F17C0500E02D682B685BB1B2
:10D280001B695868FCF76AFA044633695868FCF76A
:10D2900065FA241A002CF0DB2B6833602E603368AB
:10D2A0004BB197F84630FF2B02D0013387F8463058
:10D2B0000020B863F8BDA7F87630F2E76FF00500FC
:10D2C000F8E76FF00500F5E7D0F880301BB310B534
:10D2D0000446438B13F0040F00D010BDFFF7BEFFD0
:10D2E0000028FAD1A36EE26C934228BF13465B0874
:10D2F0002365E28EB3EB420F01D253002365236D09
:10D3000002EB42021344E364638B43F00403638340
:10D310000023A386E1E77047F0B585B004461D46BB
:10D320000A9EBDF830700297BDF82C7001970096E8
:10D33000FFF74FFB28B1014633462A462046FFF748
:10D340000DFC05B0F0BDC8B130B585B01C46054632
:10D35000BDF828300293BDF824300193089B009358
:10D3600023460020FFF735FB014628B10095089BB6
:10D3700022460020FFF7D8FB05B030BD704710B53E
:10D380000446806DFCF7EAF9034600221146204668
:10D39000FFF7FBFA58B10146231D22462046FFF74E
:10D3A000DDFB58B1638B43F00303638310BD638BD4
:10D3B00043F0030363836FF00100F7E7638B23F00F
:10D3C00003036383F2E70000954B1B68834200F080
:10D3D00020812DE9F0470546C66C836E9E4228BF2A
:10D3E0001E46C46F1CB3021D0146FFF70BFB8046AF
:10D3F000002800F011810DB12B6813B9D8F8043062
:10D400002B6023695868FCF7A9F9AB6CC01A238913
:10D410001844B0422BD9AB6EB34218D06B8B13F0CB
:10D42000020F08D02846FFF7AAFF034608E0438B07
:10D4300013F0020F07D16B8B23F080036B83002363
:10D440001846BDE8F087FFF79AFF0346F8E7D5F8DE
:10D450008030002BE2D195F8A930002BDED185F881
:10D46000A830012285F8A92085F8AA30D6E7002344
:10D4700085F8A930D5F88030002B00F0C8801F4611
:10D480001B68002BFBD153E01189EA8E91426CD2CC
:10D490002A6F4FF6FE718A4202D892B2002A64D0F7
:10D4A000B5F874200B2A60D813F0A00F5DD1EB6F94
:10D4B000002BC0D1A5F87630BDE72369B3F80C90F6
:10D4C0001020FCF746F9236949EA0009A3F80C90FB
:10D4D0004EE06A8B42F080026A83B1E7002369E084
:10D4E000A8656EE0002376E0C5F8804027461EE080
:10D4F00005F1800A01E0DAF800A0DAF800306BB13B
:10D500001B695868FCF72AF9814623695868FCF7BB
:10D5100025F9A9EB0009B9F1000FECDBDAF80030CE
:10D520002360CAF8004002E02046FDF72DF9EC6FB9
:10D53000002CBCD023695868FCF710F9AB6CC01AFA
:10D5400023891844B042B2D823699889FCF701F9BD
:10D55000D5F880304BB16B8B13F0440F05D1EA6FD7
:10D56000002A95D0116800298ED02B7D022BA4D1E2
:10D57000424629462046FFF751FA03460028A8D123
:10D58000002363812368EB672B7D022B03D06B8B19
:10D5900023F003036B8323695868FCF7DFF88146A7
:10D5A000B4F808A023699889FCF7D3F810F0030FAA
:10D5B00094D00123534409EB0300AB6D1B1A002BDD
:10D5C0008EDBB4F8089023699889FCF7C2F810F054
:10D5D000030F87D0012313EB090FA5D0002323608D
:10D5E000D5F88030002B3FF47FAF23695868FCF7F3
:10D5F000B5F881463B695868FCF7B0F8A9EB00091B
:10D60000B9F1000FFFF674AF3C6027468FE71F4665
:10D610008EE70023184670476FF0030310E700BF42
:10D62000C8FD002008B590F84630FF2B02D001332A
:10D6300080F84630FFF7C8FE08BD10B50446FFF776
:10D64000CBFD00B110BD2046FFF7ECFFFAE710B5A7
:10D650000446806D0138FCF781F80346002211462C
:10D660002046FFF792F930B10146231D224620469D
:10D67000FFF774FA10BD4FF0FF30FBE72DE9F041E2
:10D68000C56F002D4DD0044690F8AA30FF2B02D074
:10D69000013380F8AA302B699889FCF75AF810F00A
:10D6A000010F03D02B896BB3002200E0002202F0AF
:10D6B000FF082B695B6882F0010200212046FFF71A
:10D6C00064F9064678B34768B8F1000F1CD0B7F884
:10D6D0000C801120FCF73DF828F47C5840EA080043
:10D6E000B8812B695868FCF739F80130A36D1B1A13
:10D6F000002B14DB231D224631462046FFF72EFA6D
:10D70000BDE8F0810122D2E7686803892A899B1A63
:10D710009BB2012207F11401FCF716FEE1E7A065B8
:10D72000E8E70020ECE74FF0FF30E9E7F8B5044602
:10D730000F4616460620FCF74BFA78B10546002343
:10D7400003608760C66044600D4B1A683AB1536845
:10D75000E31A002B08DA0260094B1860F8BD186064
:10D76000FCE72B601560F9E7002AF7D01368002B5F
:10D77000F7D05968611A0029F3DB1A46F4E700BFB5
:10D780000CFE002070B504460D46164601F0CEFB97
:10D79000324629462044FFF7C9FF70BD08B50A4B41
:10D7A0001B6853B9094B1B6843B1074B01221A6030
:10D7B00000220749FA20FFF7E5FF08BD054B1B686B
:10D7C000002BF2D1F9E700BF04FE0020B8FD0020D5
:10D7D000D9D70008B4FD002008B5FDF71BFD084BA4
:10D7E0001B682BB100220749FA20FFF7CBFF08BDC9
:10D7F000054B1B68002BF5D1044B00221A60F6E79D
:10D80000B8FD0020D9D70008B4FD002004FE002098
:10D8100070B501F08BFB054611E00E4B1968C1B1E4
:10D820004B68EA1A002A14DB08680A4A10608C6800
:10D83000CE68094A13600620FCF7DCF934B9074BBF
:10D840001B78002BE9D0FCF761FBE6E73046A047E8
:10D85000F5E770BD0CFE002008FE0020B0FD0020A2
:10D8600010B4047A3CB1194B5B6893F82C30013347
:10D87000DBB29C4217D16AB1C8B10368CBB1134A7D
:10D880005269B2F1FF3F16D0896853400B4214D061
:10D89000002009E098B103689BB10C4949698B42AB
:10D8A00011D0104600E000205DF8044B70470120C5
:10D8B000FAE70120F8E70120F6E70120F4E701206C
:10D8C000F2E70120F0E70120EEE700BF2448002046
:10D8D0002DE9F04F85B081464389072B17D90F46B4
:10D8E0004468494B1968586901F0C5F98046208899
:10D8F000FBF72FFF82466088FBF72BFF0546434B63
:10D900001B6803931C464FF0000B5E460AE0FCF7D1
:10D910007CFB05B0BDE8F08FA346A38A9A4526D0CC
:10D920002646E468002C30D0638A9D42F8D14246F6
:10D9300039462046FFF794FF0028F1D0237C13F0EE
:10D94000040FEAD1BBF1000FE6D0B8F1000FE4D02C
:10D950002D4B5B69B3F1FF3FDFD1DBF800207B6823
:10D960009A42DAD022689342D7D1A346D5E76368BA
:10D970001BB1254A12699342D2D136B1E368F360F4
:10D98000039BE360214B1C6011E07CB108214846F9
:10D99000FCF70AFBB0B9ECB1A569BDB1E069CDF8FF
:10D9A00000A01B4B4A462146A847B2E75C46002C24
:10D9B000ECD17A68144B5B699A42E7D04846FCF791
:10D9C00024FBA6E74846FCF720FBA2E74846FCF705
:10D9D0001CFB9EE7B8F1000F05D10B4B5B6903F010
:10D9E000F003E02B03D14846FCF70FFB91E7064B11
:10D9F0009989083109B24846FCF702FB03214846E1
:10DA000000F07EFCEFE700BF2448002010FE00205D
:10DA100034480020B8B102460368A3B199B10B683D
:10DA20008BB1094B1B686BB110B401E0DB6833B1FB
:10DA300010681C688442F9D108681860F6E75DF840
:10DA4000044B70477047704710FE002010B5044625
:10DA500000EB40020D4B53F8320038B1FCF7D5FA19
:10DA600004EB4403DB00094A0021D150074A04EBD0
:10DA7000440302EBC3030021197559829960596070
:10DA8000034A1068D86092881A8210BD18FE0020E0
:10DA900028BF01082DE9F04F83B0074690464FF0AC
:10DAA000000ECDF804E0F2464FF00A0973464D46E9
:10DAB000CB46CDF8009003E078B91D4601331BB288
:10DAC000092B4ADC1C4603EB4300434A02EBC0022D
:10DAD000107D0A2DF0D00028F0D047B13A6804EB51
:10DAE000440C3D4E06EBCC067668B2420ED00128BF
:10DAF00017D00128E2D904EB4404374A02EBC402F0
:10DB0000528A7245DAD396469B46D7E7B8F1000FA2
:10DB10005AD0314A02EBCC0292684245E7D11D4609
:10DB20004EE004EB44022C4850F832204AB104EB9A
:10DB3000440400EBC402528A5245BFD39246994630
:10DB4000BCE704EB4404244A02EBC402528A019865
:10DB50008242B3D301920093B0E711F0020F35D1A6
:10DB60000A2D0CD0092D16DDBBF1090F0DDD009B30
:10DB7000092B0CDDB9F1090F2BDC4D4608E011F043
:10DB8000010FEFD14FF0FF351AE05D4600E0009D38
:10DB90002846FFF75BFF37B1396805EB45020E4BAE
:10DBA00003EBC20359600C4B05EB450203EBC202C9
:10DBB0000021518205EB450203EBC203C3F8088044
:10DBC000284603B0BDE8F08F1D46F9E74FF0FF355A
:10DBD000F6E74FF0FF35F3E718FE002000294BD0A1
:10DBE0002DE9F04383B0054617461E460C460868EB
:10DBF000C8B3294601F03FF8A8BB226802F0F00242
:10DC0000E02A30D02A4631462046FFF743FF041E63
:10DC10002CDBDFF86C8004EB44064FEAC60908EB06
:10DC2000C60602233375B5604846083040440622D4
:10DC300039460430F3F708FD0023738258F8096071
:10DC4000C6B1002448F809404FF4006300933B46F6
:10DC500005F122023146284601F082F83046FCF7F1
:10DC6000D4F9204603E06FF00F0000E060B203B08B
:10DC7000BDE8F0830020FAE76FF00F00704700BFA7
:10DC800018FE00202DE9F04383B006460F4690466B
:10DC90001D464FF420721C210E20FCF7E3F9C8B397
:10DCA00081464468BDF83400FBF753FDE08006224E
:10DCB000294604F10800F3F7C7FC06220B9904F18A
:10DCC0001200F3F7C1FC04220A9904F10E00F3F7E5
:10DCD000BBFC04220C9904F11800F3F7B5FC0025F5
:10DCE0002570012363700823A370E5700623237158
:10DCF0000423637140F60603009343463A464946BF
:10DD0000304601F02DF84846FCF77FF9284603B06D
:10DD1000BDE8F0834FF0FF30F9E7000030B585B083
:10DD200000F12203041D012503950291034901918D
:10DD300000941946FFF7A6FF05B030BD28BF0108C3
:10DD400038B50546002400E00134092C11DC04EB51
:10DD50004402084B03EBC2031B7D002BF4D0054BA0
:10DD600003EBC2039B68AB42EED12046FFF76EFE89
:10DD7000EAE738BD18FE00202DE9F04387B0A9B1CD
:10DD800004460E4645682B88B3F5807F08D12B7971
:10DD9000062B05D16B79042B02D16B88082B09D097
:10DDA0002046FCF732F907B0BDE8F0832648F3F7C8
:10DDB00035FDF8E7042205F10E0105A8F3F744FC50
:10DDC000042205F1180104A8F3F73EFC776887B92F
:10DDD00005F10809B84602234A4605A93046FFF76F
:10DDE000FDFEEB88B3F5807F18D02046FCF70DF9D7
:10DDF000D9E7049A974214BF4FF000084FF001088A
:10DE0000059A974214BF0027012705F10809B8F1C8
:10DE1000000F01D00123DFE70223DDE7B8F1000F97
:10DE2000E3D0002FE1D106F12201331D022203923B
:10DE300005AA0292CDF8049000930B464A4630465C
:10DE4000FFF720FFD1E700BF2CB4010808B5024A54
:10DE5000FFF764FF08BD00BF30BF010870B582B096
:10DE600005460E46144602EB4202254B03EBC20365
:10DE70001B7D022B11D004EB4403DB000833204A46
:10DE800013444FF400620092043305F1220231463C
:10DE9000284600F065FF02B070BD194B03EBC203CA
:10DEA0005B8AB3F58E7F1AD8B3F5877FE3D304EB93
:10DEB0004401134B03EBC10104EB4402D2000832CE
:10DEC0001A4404320431FFF729FF0028D3D104EBB0
:10DED00044020B4B03EBC20303221A75CBE708493C
:10DEE00001EBC2010431FFF7B1FF0028C3D104EBFD
:10DEF0004402034B03EBC20303221A75BBE700BFC6
:10DF000018FE00202DE9F04383B005460E46174663
:10DF100000F122080146306800F0ADFE00287DD1F6
:10DF2000336803F0F002E02A7BD0002B7CD02A4635
:10DF300001213046FFF7AEFD031E2EDBDCB204EB01
:10DF400044023C4B03EBC2031B7D43BB394B03EB49
:10DF5000C20301221A759D60914631462846FFF79B
:10DF600075FF38B904EB4402324B03EBC2031B7D4F
:10DF7000012B1BD097B304EB44022E4B03EBC203DF
:10DF80001B7D012B1BD8012B28D13B4653B31A7B99
:10DF900012F0400F25D11B68F8E758B21EE017B108
:10DFA0004FF0FF30E7E74FF00009D6E7B9F1000F77
:10DFB000E0D1204B03EBC20300225A82DAE71E4B6A
:10DFC0001C70D30008331B4A13444FF400620092C4
:10DFD000043342463946284600F0C2FE03B0BDE88D
:10DFE000F0830123B3B13A464FF420710E20FCF7C1
:10DFF00018FA0746DFB104EB44030E4A52F8330027
:10E0000008B1FCF702F804EB44040A4B43F83470FF
:10E010000020E3E73846FCF7E0F8EBE76FF00F008D
:10E02000DCE76FF00F00D9E76FF00F00D6E74FF095
:10E03000FF30D3E718FE002014FE0020F0B585B0B5
:10E0400005460F4616460146106800F014FE0028EB
:10E050006CD10346326802F0F001E0292CD06968E7
:10E06000A8685140014209D092B24FF6A9618A4294
:10E0700004D0EA68002A65D005F10C06334A12780C
:10E0800002EB4200324901EBC001097D01292BD985
:10E090002F4901EBC0018968A94225D1306802EB04
:10E0A00042042B4901EBC401496888421CD139461E
:10E0B0002846FFF7D3FE43E001238DF80830002304
:10E0C0008DF809305E238DF80A30737803F07F03F2
:10E0D0008DF80B30B3788DF80C30F3788DF80D3067
:10E0E00002AB24E00133DBB2092B19D803EB430C5C
:10E0F000174C04EBCC0C9CF81420012AF2D9DCF864
:10E100000820AA42EED13168DCF804209142E9D11E
:10E110000E4A13701A4639462846FFF79FFE0FE055
:10E120003A4631462846FFF7EDFE09E0094B4FF429
:10E130000062009205F122023946284600F010FEE6
:10E1400005B0F0BD6FF00300FAE700BF14FE002039
:10E1500018FE002030BF01082DE9F04786B00546C3
:10E160008846174606891B2E00D91C2606F108038F
:10E170004FF4207299B22220FBF774FF814628B336
:10E18000D5F804A0446884F80080677000232371E8
:10E190006371A371E371082332462946FCF73CF80A
:10E1A000DAF80C30059305A800F0CCFB58B100213B
:10E1B000A170E1700290012301930091FF2305AA51
:10E1C000484600F043FD4846FBF71FFF06B0BDE898
:10E1D000F08700002DE9F04184B00546474B9E686A
:10E1E000347804F00F04A400132C15D90F4643898A
:10E1F000032B11D943681B78082B63D13F4B586917
:10E2000000F0F003E02B1DD03C4B196800F033FD0B
:10E21000C0B92B89072B05D82846FBF7F6FE04B0BA
:10E22000BDE8F0812846FBF7D3FA78B904F10E086F
:10E2300041462846FBF7B2FEC0B32B89191989B2B3
:10E240008B4207D92846FBF7E0FEE8E72846FBF7B4
:10E25000DCFEE4E74FF420720E20FBF703FF80465C
:10E260000028EFD0428904F108039A4213D32246D2
:10E2700031464068F3F7E8F921464046FBF794FE43
:10E2800060B929464046FCF74FF858B92846FBF7D5
:10E29000BCFE454610E0FBF7B8FED3E74046FBF76F
:10E2A000B4FECFE74046FBF7B0FECBE74146284639
:10E2B000FBF77AFE0028C5D16E6821462846FBF799
:10E2C0006DFE18B12846FBF7A0FEA8E768680B4969
:10E2D0004B69C3600B69036100223270B270F27047
:10E2E000FF2303728272C272029701200190009292
:10E2F0001431284600F0AAFCE4E700BF24480020BF
:10E3000008B50A460321FFF727FF08BD08B50A46EE
:10E310000B21FFF721FF08BD08B5074B1B6883429F
:10E3200006D003680B6001460420FBF763FC08BDC0
:10E330000268014B1A60F6E70CFF00202DE9F0415E
:10E3400007468846446863689A8812B100257C684D
:10E350001EE01B684360142200F108016068F3F7B7
:10E3600073F901212046FFF7D1FF2046FBF72CFF70
:10E3700005462046FBF749FEE9E763681E6820462C
:10E38000FBF722FF284485B22046FBF73EFE3446C9
:10E39000002CF2D141463846FFF7BEFF034A1388EE
:10E3A0005B1B13802846BDE8F08100BF08FF0020FA
:10E3B000F8B505460F4600262BE09A69D5F810E01F
:10E3C000724511D1B3F80CE0AA8896450CD101E052
:10E3D000614618461A6892B19C4613468BB15A6939
:10E3E000D5F80CE07245E8D001340028F0D093F85D
:10E3F0001FE0C27F9645EDD861461846EAE76346BE
:10E40000EAE710B1FFF79AFF0644BE4208DA012C92
:10E4100006DD044B1B6800242146A4462046DDE7A8
:10E420003046F8BD0CFF002008B501460520FBF77B
:10E43000E1FB08BD10B50446406908B1FBF7E5FDF6
:10E440002046FFF7F1FF10BD2DE9F84307460E46C1
:10E4500090464C686088FBF77CF9237803F00F0343
:10E46000B0EB830F03D24FF0FF30BDE8F8839A0082
:10E47000801A85B2E088FBF76CF9C0F30C0C4FEA08
:10E48000CC0C716800230B704B708B70CB70A1F8B3
:10E4900004C005EB0C001FFA80F9C880E14556D393
:10E4A0007C6801201D461DE00C60A5B1EA8862452C
:10E4B00050D89B88994550D82E608B889A4200D0BE
:10E4C000002014B3B8F1000F29D1BB7F13F0010F66
:10E4D00025D14046C9E79B88994541D87E60F0E741
:10E4E0001C681D46002CECD06368B3F804E0E645D8
:10E4F000DAD8E64537D0DA88624537D8002DEFD034
:10E50000EA889645ECD00020EAE735B12E60EA882B
:10E510008B889A42D6D00020D4E77E60D2E70028CC
:10E52000A3D07B686BB15B689B8863B90A68002ADB
:10E530009BD05368C9889A88914206D11A681946B7
:10E54000F5E7002091E700208FE700208DE74FF0EE
:10E55000FF308AE74FF0FF3087E74FF0FF3084E766
:10E560004FF0FF3081E74FF0FF307EE74FF0FF3094
:10E570007BE708B50520FBF72BFB08BD70B505460A
:10E580000E460420FBF724FB044690B12022002114
:10E590002046F1F759FE0F23E3770D4B1A682260EE
:10E5A0001C601422294604F10800F3F74DF82046B8
:10E5B00070BD31462846FFF7FBFEB04202DA002C60
:10E5C000E4D1F4E70420FBF703FB0446F7E700BFC0
:10E5D0000CFF00202DE9F843064645682B7803F030
:10E5E0000F03052B40F0BC80E888FBF7B2F8C0F3BE
:10E5F0000C084FEAC8086888FBF7ABF82B7803F0E3
:10E600000F039A00B0EB830FC0F0AA80801A87B284
:10E610003046FBF7D9FD8146574B1B8803440A2B34
:10E6200002DC564B1C680DE001462846FFF7C0FE91
:10E63000002800F09580504B1B884B440A2BF0DDDE
:10E640008EE024685CB16269EB689A42F9D1A269F4
:10E650002B699A42F5D1A289AB889A42F1D174B361
:10E66000E888FBF776F8C0F30C0080B3ED8805F07E
:10E670002005002D0CBF0122002208D108EB070362
:10E680009BB298456AD84FF6EB718B4266D83146FB
:10E690002046FFF7D9FEB0F1FF3F5FD0364B1A8816
:10E6A0009144A3F8009035B9B844A4F81C80A37F26
:10E6B00043F00103A377012817D0002554E0494611
:10E6C0002846FFF75BFF04460028CFD148E0E089E9
:10E6D000FBF73FF8C0F30C000028C7D014222946EE
:10E6E00004F10800F2F7B0FFC0E7A78B1437BFB200
:10E6F00063685D682E68142204F108012846F2F769
:10E70000A3FF3846FBF725F868800023AB71EB7157
:10E71000AB72EB72656809E0776814213046FBF74D
:10E7200043FC31462846FBF75DFD3E68002EF3D1E1
:10E73000124B19688C4205D029B10B689C4202D05B
:10E740001946F9E731462046FFF7E6FD2846FBF774
:10E750003BFD094A13881B1A138005E0636833B137
:10E760003046FBF752FC00252846BDE8F88300211F
:10E770002046FFF7D1FDF3E708FF00200CFF002043
:10E780002DE9F04F8BB00646069108920B8C143B96
:10E790003BD4C3F3CF030393736804931B7803F054
:10E7A0000F03052B40F0AA807389132B2FD9049BEC
:10E7B000D888FAF7CEFFC0F30C03059300F400539A
:10E7C00009933389143B1FFA83F814270024B8F106
:10E7D000000F00F09180039BDB009BB21D46434578
:10E7E00028BF454607954FF4207214210E20FBF7F1
:10E7F00039FC8146002800F0848014220499406886
:10E80000F2F722FFD9F804A028E00733C1E73E4819
:10E81000F3F704F86FF0050031E0FFF7AAFE834636
:10E8200040B3736801943B44009303464122214660
:10E830000020FBF794FB029020B33046FBF7CDFCA1
:10E84000CBF81460314BCBF8103002994846FBF7F7
:10E85000C9FC2D1BADB20DB136680027DDB174893E
:10E86000E41BA4B2AC4228BF2C46002CD5D136689C
:10E870002746F3E74846FBF7C8FB4FF0FF300BB0E5
:10E88000BDE8F08F5846FFF7CFFD4846FBF7BDFBCC
:10E890004FF0FF30F3E72744BFB2069B1B8C133BBE
:10E8A000059AC2F30C00434501DD099B0BB140F40E
:10E8B0000050FAF74EFFAAF80600079D05F1140074
:10E8C00080B2FAF746FFAAF8020000238AF80A305D
:10E8D0008AF80B3006984369089A49469847484693
:10E8E000FBF793FBA8EB05031FFA83F8059B039A3C
:10E8F00013449BB205936AE70020C0E76FF0050060
:10E90000BDE74FF0FF30BAE73CB4010835E400083A
:10E9100008B590F8293013F0010F0DD00146436877
:10E9200063B1074A5069834204D000F0A4F908B9E2
:10E93000002002E0012000E0002008BD0020FCE7EC
:10E94000244800208446284B18682DE00068B8B1A0
:10E9500090F8293013F0010FF8D013F0040FF5D020
:10E960004268002AF2D0DCF800104A408468224253
:10E9700016D013F0020FE9D1C3689942E6D10FE037
:10E980001A4B1B6863B193F8292002F00502052A8F
:10E9900006D15A6822B19CF800207F2A00D0184680
:10E9A0005DF8044B7047006860B190F8293013F0AF
:10E9B000010FF8D013F0040FF5D04268002AF2D00E
:10E9C00010B4D0E7094B1B686BB193F8292002F013
:10E9D0000502052A07D15A682AB19CF800207F2A2F
:10E9E00001D0184670477047ACFD0020A8FD0020FC
:10E9F0002DE9F041044647683B781A09042A04D0FF
:10EA0000FBF703FB0020BDE8F0810E4603F00F0387
:10EA10009D007888FAF79DFE8046238983421BD8A3
:10EA20006389AB421DD3238943451AD3132D18D9CB
:10EA30003B69544A5361F968116103F0F003E02B1C
:10EA400013D196F8293013F0010F28D07368002BEA
:10EA500068D14FF0000824E001462046FBF788FB10
:10EA6000DEE72046FBF7D1FACCE73046FFF750FF50
:10EA7000002859D1434B1B7D7F2B57D0424BD3F8F5
:10EA8000008001E0D8F80080B8F1000F09D04645B9
:10EA9000F8D04046FFF73CFF0028F3D001E04FF0EC
:10EAA00000083146374B186900F0E5F8002840D1DE
:10EAB000344B1B6903F0F003E02B3AD0B8F1000FA0
:10EAC0003BD0FB8823F0C0039BB233B12046FFF755
:10EAD00081FD0446002895D047682A4AC2F8008084
:10EAE000566097603B7803F00F039B0093812946A3
:10EAF0002046FBF759FA7B7A062B2FD0112B20D01A
:10EB0000012B30D041461F4B586900F0B4F828B9AA
:10EB10001C4B5B6903F0F003E02B29D12046FBF787
:10EB200074FA12E0B046BCE7B046BAE74FF000080E
:10EB3000B7E72046FBF769FA64E72046FBF765FA7A
:10EB400060E731462046FEF7C3FE0E4B00221A60F6
:10EB50005A609A609A811A615A6153E73146204699
:10EB6000FDF7C0FBF1E731462046FFF733FBECE74A
:10EB700029462046FBF744FA02212046FFF7C0FB56
:10EB8000CCE700BF24480020ACFD00202DE9F04375
:10EB900083B004460C9F002A3FD00E46984691460B
:10EBA0001421FBF7FBF9002846D1656885F8088039
:10EBB0009DF82C306B72D9F800302B6145232B70F7
:10EBC0009DF828306B702089FAF7C3FD6880002318
:10EBD000AB71EB71DFF87080B8F80000FAF7B9FD9F
:10EBE000A880B8F800300133A8F800308EB133683F
:10EBF000EB600023AB72EB723B8C13B12289934222
:10EC000014D37B694A4621463846984703B0BDE88D
:10EC1000F0830C4B1B68EB60EBE74389132B0ED999
:10EC200043681B6901930DF10409E5E74A4639463B
:10EC30002046FFF7A5FDE9E76FF00100E6E76FF07A
:10EC40000100E3E724BF010810FF002010B584B0E5
:10EC5000089C94461AB109B10A6802B9211D0294B0
:10EC60009DF81C2001929DF8182000926246FFF743
:10EC70008DFF04B010BD0346421E12F1030F12D8DF
:10EC800091F8290010F0020014D04A689A420CD082
:10EC900089685A400A420AD1CA4323EA01039A42C8
:10ECA00007D00020704701207047002070470020E7
:10ECB000704701207047000070B5044643890E2B51
:10ECC00026D90D4640688689E37B1BB991F82C3024
:10ECD0000133E373037813F0010F14D0012B09D132
:10ECE000437883B983785E2B0DD1637B43F01003A7
:10ECF000637308E006221949F2F7DEFB18B9637B5B
:10ED000043F008036373082E07D0B6F5C16F14D023
:10ED10002046FBF77AF9002070BD95F8293013F0F2
:10ED2000080FF5D00E212046FBF73EF90028EFD161
:10ED300029462046FFF75CFEEDE795F8293013F0F1
:10ED4000080FE5D00E212046FBF72EF90028DFD171
:10ED500029462046FFF710F8DDE700BF30BF010865
:10ED60002DE9F84305460C4616461F46BDF820001F
:10ED7000FAF7EFFC80460E212046FBF70FF9A0B909
:10ED8000D4F80490A9F80C80062239464846F2F7D8
:10ED90005BFC0622314609EB0200F2F755FCAB6939
:10EDA000214628469847BDE8F8836FF00100FAE74E
:10EDB00008B506F06DFF074B186006E000F0C2FAD8
:10EDC000FEF726FD012007F071F804F06BF900282A
:10EDD000F4D1F5E714FF002038B5164C0221206865
:10EDE00004F0EAF885B20521206804F0E5F804464D
:10EDF0004FF4C17229460020FBF734F9054690B163
:10EE0000024600200CE000EB030C516814F80CC023
:10EE100001F803C0013351899942F4D808441268BB
:10EE20000AB10023F7E70021084603F065FD2846F4
:10EE300038BD00BF3021012038B50C460E4B186894
:10EE40000368002BFADB012104F0B6F800210BE087
:10EE5000CA18656815F803C000F802C0013362895A
:10EE60009A42F5D8114424680CB10023F7E700203A
:10EE700003F0A2FD002038BD3421012010B582B07E
:10EE80000446062380F82830202380F822304023CF
:10EE900080F82330602380F82430802380F82530E8
:10EEA000A02380F82630C02380F8273000F122010B
:10EEB000002003F0DFFD40F2DC5323840E2384F8AE
:10EEC00029304FF4E00003F0D1FC4FF4602003F050
:10EED000CDFC002405E0114800EB041004F09CF880
:10EEE0000134042CF7D9002407E04FF440010C480A
:10EEF00000EB041003F0B6FD0134042CF5D904F046
:10EF000055F800230193062200924FF480620549D0
:10EF1000054806F0D3FD02B010BD00BF88490120AE
:10EF20003849012058B40108B1ED0008014B1868B8
:10EF3000704700BF14FF002038B50446FFF74CFFB0
:10EF400058B10546236921469847044608B920462A
:10EF500038BD2846FBF759F8F9E74FF0FF34F6E7DC
:10EF600008B5472280F82A20442280F82B20044A42
:10EF70004261044A8261FFF781FF002008BD00BFA3
:10EF80003DE0000839EE000870B5164B1C68164BC2
:10EF9000A3FB0434E40941F2011004F061FB4FF0DB
:10EFA000807004F085FB114D284604F0DDFC10490B
:10EFB00000260E8060234B8040238B808C600124D0
:10EFC0000C73284604F090FD2146284604F030FFDB
:10EFD000324621462C2004F0EBFA284604F0CEFD00
:10EFE00070BD00BF94110020D34D62100004014099
:10EFF00020FF002038B54FF4406004F031FB40F6AC
:10F00000014004F02DFB40F6024004F029FB40F6DD
:10F01000034004F025FB40F6064004F021FB40F6D7
:10F02000074004F01DFB40F6084004F019FB41F2D4
:10F030000E1004F015FB664C0223002219462046F0
:10F0400004F058F9022303220021204604F07BF942
:10F05000042300220221204604F04CF90423032259
:10F060000021204604F06FF980230022022120466F
:10F0700004F040F9802303220021204604F063F9C4
:10F0800002220B21204604F091F904220B21204694
:10F0900004F08CF980220B21204604F087F94D4DB5
:10F0A0004FF4006300220221284604F023F94FF4B4
:10F0B000006303220021284604F045F94FF48053F1
:10F0C00000220221284604F015F94FF48053032250
:10F0D0000021284604F037F94FF4005300220221A2
:10F0E000284604F007F94FF4005303220021284674
:10F0F00004F029F94FF400620B21284604F056F978
:10F100004FF480520B21284604F050F94FF400527E
:10F110000B21284604F04AF905F5806502230022F8
:10F120001946284604F0E6F8022303220021284667
:10F1300004F009F9102300220221284604F0DAF82D
:10F14000102303220021284604F0FDF8202300228A
:10F150000221284604F0CEF820230322002128466D
:10F1600004F0F1F802220B21284604F01FF91022C6
:10F170000B21284604F01AF920220B21284604F01E
:10F1800015F9082300220121204604F0B3F80823D2
:10F1900002220021204604F0D6F8002404E00821D1
:10F1A0000B4804F0F8F801340B4B9C42F7DD0024C7
:10F1B00004E00821064804F0F0F80134064B9C42B4
:10F1C000F7DD0821024804F0E6F8FFF7DDFE38BD60
:10F1D00000000240000402409F86010008B540F68E
:10F1E000194004F03DFA40F61A4004F039FA40F6AE
:10F1F0001B4004F035FA4FF4000004F0A9FB03F0C3
:10F200008FFF03F00BFB03F025FB0028FBD000224F
:10F210004FF48061012003F003FD014B186008BD2D
:10F2200030FF002008B5FFF7E5FEFFF7D7FF08BD68
:10F2300008B50121034804F0FFFD034A13680133B8
:10F24000136008BD000401401CFF002010B50A4BEC
:10F2500000221A60094803F025FC094803F022FC4B
:10F2600000E03CB103F01EFF04460128F9D900F08C
:10F2700069F8F6E710BD00BF18FF0020060504007E
:10F280001005040030B589B005460C46FAF740FB7E
:10F29000FAF78EFCFAF70FFDFBF76CF92A786B781A
:10F2A0001B0443EA0263AA7843EA0223E9780B438A
:10F2B0001A0202F47F0242EA0162190A01F47F4154
:10F2C0000A4342EA13630793227863781B0443EAF4
:10F2D0000263A27843EA0223E1780B431A0202F4A4
:10F2E0007F0242EA0162190A01F47F410A4342EABD
:10F2F000136306930F4B05930F4C104B0293104B67
:10F3000001930023009305AB06AA07A92046FAF74C
:10F3100009FD2046FAF76CFD94F8293013F0040F2C
:10F3200004D02046FAF76AFD09B030BD0248FAF76A
:10F330007BFDF9E7C0A8890034FF0020B9EC000884
:10F3400061EF000808B50248FFF7F6FD08BD00BFF1
:10F3500034FF00207047000008B5024B5B689847F7
:10F3600008BD00BF3C0D002008B5024B1B68984744
:10F3700008BD00BF3C0D0020034B044A5A60044AFC
:10F380001A60044A9A6070473C0D0020779100088B
:10F39000F590000831910008034B044A5A60044A72
:10F3A0001A60044A9A6070473C0D0020919600084C
:10F3B000C19400082D950008BFF34F8F0449CA6817
:10F3C00002F4E062034B1343CB60BFF34F8FFEE7C1
:10F3D00000ED00E00400FA0508B5FFF7EDFF0000BE
:10F3E00008B5F9F78BF8014B186008BD64FF0020E1
:10F3F00000B595B000230BE00A4A2C2101FB032243
:10F40000D268116814AA02EB830242F8501C01333F
:10F41000132BF1D914216846F9F762FB15B05DF89A
:10F4200004FB00BF480D002008B5FFF7E1FFFFF720
:10F43000C3FF000090B595B000AF6C46142138466C
:10F44000F9F7A4FB0023132B14D807F1500202EBA9
:10F45000830252F8501CB1F1FF3F07D0064A2C201E
:10F4600000FB0322D26811600133ECE7A546543754
:10F47000BD4690BDA546FAE7480D002008B50846F0
:10F480000249FBF7ABF9002008BD00BF91F400086A
:10F490002DE9F8431E463BBB0F46144682B31A4B78
:10F4A0001868F1F7CDFE4FF4207281B23620FAF7DA
:10F4B000D9FD0546D8B1D0F80490134BD3F800809D
:10F4C0004046F1F7BDFE024641464846F2F7BCF819
:10F4D00001236A8969683846FDF75AFB2846FAF71E
:10F4E00094FD2046FAF791FD3046BDE8F8832046AA
:10F4F000FAF78BFD3846FBF771FA4FF0FF36F3E76A
:10F500000846FBF705FCEFE7B810002010B5FBF745
:10F510006FFB68B1044650220849FBF733F840B945
:10F52000FF212046FBF7E8F810B10549FBF75EF92B
:10F5300010BD2046FBF7ECFBFAE700BF24BF010833
:10F540007DF4000808B5F9F75DFC4FF47A7006F019
:10F55000ADFCF8E700B585B0244BD3F884208DF8D6
:10F560000C20D3F888208DF80D20D3F88C208DF84E
:10F570000E20D3F890208DF80F20D3F898208DF826
:10F580000820D3F89C208DF80920D3F8A0208DF80E
:10F590000A20D3F8A4308DF80B3005E0FFF742FEC7
:10F5A0004FF47A7006F082FC114B1B68002BF5D0EB
:10F5B00000210120F9F760FC02A903A8FFF762FE11
:10F5C000FFF7A4FF094B1B6F2BB1002006F0A6FA32
:10F5D00005B05DF804FB0193052200924FF48062B0
:10F5E0000449054806F06AFAEFE700BF74050120F8
:10F5F00030FF0020A0B701086904010810B582B0EF
:10F60000F9F71CFB3B4800F0E7F9FFF713FFF9F7A8
:10F61000C5FAC0B2012851D0022852D0354B1B6F19
:10F62000012B51D000240194009423464FF48062B2
:10F630003149324806F042FA0194032300932346ED
:10F640004FF480622E492F4806F038FA01940423C3
:10F65000009323464FF480622B492C4806F02EFA83
:10F6600021460220F9F708FC019406230093234663
:10F6700064222749274806F021FA1E4BD3F8E030D0
:10F68000012B2CD000210320F9F7F6FB0024019474
:10F6900008230093234664221F49204806F00EFAEF
:10F6A000019401230093234664221D491D4806F05E
:10F6B00005FA06F0A3FA204602B010BDFFF75CFE83
:10F6C000ACE7FFF769FEA9E700230193052200924A
:10F6D0004FF480621449154806F0F0F9A2E723467A
:10F6E0000194082200924FF480621149114806F0FB
:10F6F000E5F9C7E774050120C0B7010855F5000812
:10F70000C8B7010849FD0008D0B70108711B0108FE
:10F71000D8B7010849FA0008F0B7010845F5000814
:10F72000FCB70108411F0108B0B701082D0401080A
:10F73000E4B701082DFA000810B50B46234C2070E1
:10F7400006216170C3F30720A070E370C2F30723A2
:10F7500023716271204604F0E3FFA071C0F307201B
:10F76000E07108212046F8F77BFE0820F8F76EFECE
:10F770000024092C28D8F8F7A9FEC0B2082809D01F
:10F7800008281AD8012006F091FB0A2006F08EFB0B
:10F790000134EEE708210D48F8F798FE0C4C0621DD
:10F7A000204604F0BDFFE279A37943EA02239842A0
:10F7B00001D0032009E0002007E0F8F77DFE0A20D1
:10F7C00006F074FB032000E0022010BDAC02012013
:10F7D000AC0101202DE9F84F8046894616469A462D
:10F7E000394C207003236370C1F30723A370E170C9
:10F7F000C2F30723237162710621204604F090FFB3
:10F80000A071C0F30720E07108212046F8F728FE18
:10F810007700BFB27D1DADB22846F8F717FE002471
:10F8200018E0DFF8BCB029465846F8F701FEF91C8D
:10F8300089B2584604F074FF6B1E1BF80320AB1E00
:10F840001BF8033043EA022398422ED00A2006F028
:10F850002DFB01341D2C2AD8F8F738FEC0B2A8427F
:10F86000DFD0A842F2D9F8F727FE0A2006F01EFBE7
:10F87000164A52F82830013342F82830032020E09D
:10F88000134A32F81310CAB2120202EB11222AF8FC
:10F89000132001339BB2B342F2D30E4A52F8283000
:10F8A000013342F8283000200BE00023F3E70A4A36
:10F8B00052F82830013342F82830084BC3F8009042
:10F8C0000220BDE8F88F00BFAC02012084010120B6
:10F8D000AF01012070010120980101206C0101207D
:10F8E000AC01012008B513460122FFF773FF08BDE4
:10F8F000002300E00133D1F820289A420DD903EB10
:10F90000830201EBC2029289C2F30B028242F1D15F
:10F9100003EB830351F8330070470148704700BF81
:10F92000D4030120002300E00133D1F820289A42BB
:10F930000DD903EB830201EBC2029289C2F30B02E1
:10F940008242F1D103EB830301EBC300704701480E
:10F95000704700BFAC03012008B50249FFF7C8FF9C
:10F9600008BD00BF4C1A002008B50249FFF7C0FFD0
:10F9700008BD00BF7422002008B50249FFF7B8FF98
:10F9800008BD00BF9C2A002008B50249FFF7B0FF60
:10F9900008BD00BFC432002008B50249FFF7C2FF0E
:10F9A00008BD00BF4C1A002008B50249FFF7BAFF96
:10F9B00008BD00BF7422002008B50249FFF7B2FF5E
:10F9C00008BD00BF9C2A002008B50249FFF7AAFF26
:10F9D00008BD00BFC432002010B46423C0F8E43076
:10F9E000012282634FF416548460082101610023D0
:10F9F000C360C2630267046481644364C022C0F8C8
:10FA00008420A822C0F888208922C0F88C201E22D9
:10FA1000C0F89020FF22C0F89820C0F89C20C0F8C1
:10FA2000A020C0F8A4305DF8044B704708B572B64A
:10FA3000F8F75EFB07F0F6FB62B607F023FD6420E3
:10FA400006F034FAF9E7000010B5F9F73BFA0024A4
:10FA50001DE040F24B439C4209D80134A4B2B4F5F6
:10FA60007A7F04D1C3431A4A138000E00024194B63
:10FA70001880194A1368591C1160184A1268934279
:10FA800002DD154B00221A60012006F00FFA144B1C
:10FA90001A78144B1A70104B1A68134B1B689A4251
:10FAA00002DA104B00221A700E4B1878F9F79CFA04
:10FAB00000B2084BB3F900308342CAD00B3CA4B269
:10FAC000B4F5907FD2D8024A13800024CFE700BF5C
:10FAD000CC100020D8030120DC030120BC10002042
:10FAE000D6030120C4100020C010002028B1064A0F
:10FAF000137843F0020313707047034A137823F01E
:10FB000002031370704700BFD603012028B1064AD4
:10FB1000137843F0010313707047034A137823F0FE
:10FB200001031370704700BFD603012028B1064AB5
:10FB3000137843F0040313707047034A137823F0DB
:10FB400004031370704700BFD603012028B1064A92
:10FB5000137843F0080313707047034A137823F0B7
:10FB600008031370704700BFD603012028B1064A6E
:10FB7000137843F0100313707047034A137823F08F
:10FB800010031370704700BFD603012028B1064A46
:10FB9000137843F0400313707047034A137823F03F
:10FBA00040031370704700BFD603012010B50468EE
:10FBB0002088C0F30B00F8B910BD0EF1010E964578
:10FBC0001DDA4FF0010C0CFA0EFC00EA0C0C4CFA9A
:10FBD0000EFC5FFA8CFCBCF1010FEED1094A022049
:10FBE0005054501801244471A64403EB0E00023116
:10FBF00002EB81025060DFE74FF0000EDFE70020EC
:10FC0000DAE700BFFC03012010B5064C4FF0FF31CE
:10FC1000206805F0C5FC00231A461946206805F047
:10FC2000E5FA10BDE403012038B505464FF0FF3179
:10FC3000174B186805F0B4FC012400E00134042CD3
:10FC40001DD8144B53F82430AB42F7D1A2B2124B5B
:10FC50001344002183F8201040F628010F4B01FBCC
:10FC600002316820FFF75EFE03681A88818942F03E
:10FC70000202C1F30B01E0B2FFF75EFDDEE70023F5
:10FC80001A4619460248006805F0B0FA38BD00BFB0
:10FC9000E4030120E8030120FC03012024120020DA
:10FCA000F8B500252F462E46244B1B88B3B9234BAD
:10FCB00003221A80224A137883F001031370642010
:10FCC00006F0F4F88EB96FB1F8F780FC2846F8F723
:10FCD0004FFC012400252F462E4615E0013B174A14
:10FCE0001380ECE7F8F7F8FBF0E7002FECD1F8F71A
:10FCF000F9FBEBE7042B06D12046F8F77FFC02E086
:10FD00002046F8F70BFC0134042CCDD80D4B1B5DBD
:10FD1000022B08BF46F00106052B08BF47F001077C
:10FD2000032B08BF45F00105EAD0E3D8013BDBB265
:10FD3000012BE8D82046F8F71FFCE4E7E003012098
:10FD4000E2030120FC0301202DE9F04F89B0BB4BF9
:10FD50001889F8F787FA4FF4967006F0A7F803228F
:10FD60000021012005F021FAB54B186020B10023D5
:10FD70001A46194605F03AFAB24DB34E00960023E2
:10FD80001A4642F21071284606F0A6FBAF4C60609E
:10FD9000009600231A4642F21071284606F09CFB9A
:10FDA000A060AB4E009600231A4642F2107128461E
:10FDB00006F092FBE060009600231A4642F21071B2
:10FDC000284606F089FB206100230193032200925C
:10FDD0004FF480629F49A04805F070FEA2E03220F7
:10FDE00006F064F8ACB240F628039C4E03FB0466B0
:10FDF00000238DF81030914BD3F8E820003A18BF5B
:10FE000001228DF81120D3F8EC20003A18BF01220E
:10FE10008DF81220D3F8F020003A18BF01228DF897
:10FE20001320D3F8F430003B18BF01238DF81430B1
:10FE300005F120036B4413F8103C002B67D0671EBC
:10FE4000BFB2012F58D831464FF48770FFF76AFDD3
:10FE500081465FFA85F881890268C1F30B0140464B
:10FE6000FFF740FD002814BF012200227C4B2344F1
:10FE700083F82A2002D07A4B05221A5500230C223F
:10FE800021464846FFF792FE8246314640F20F1067
:10FE9000FFF748FD814681890268C1F30B014046A6
:10FEA000FFF720FD002814BF012200226C4B2344E1
:10FEB00083F82A2002D06A4B05221A5510230B2200
:10FEC00021464846FFF772FE1AEB000F03D1644B40
:10FED0001B5D022B28D0624B1B5D022B2FD1604B88
:10FEE0001919002281F8202081F8252083F8272085
:10FEF00083F8222002229A70E31E9BB2012B40F26B
:10FF000011814E4BD3F8F830A34200F0B381013594
:10FF1000012D7FF664AF00231A4619464848006851
:10FF200005F064F90125F3E74D4B01221A55191923
:10FF300000224A71A11C03EB81035A60CBE73146D2
:10FF40006720FFF7EFFC814681890268C1F30B014E
:10FF50004046FFF7C7FC002814BF01220022404B97
:10FF6000234483F82A2002D03D4B05221A55D9F8A4
:10FF700000301B880028BFD113F0080F32D1384B56
:10FF800001221A559A702344002283F8252093F801
:10FF90002030002BB0D031466720FFF7C3FC036848
:10FFA0001A88818942F00802C1F30B014046FFF72D
:10FFB000C3FB002814BF01220022294B234483F8ED
:10FFC0002A2002D0264B05221A55254B191900224A
:10FFD00081F8202083F8222083F8272004221A5554
:10FFE0009A7089E7012C41D0DFF87CA0F020D0473F
:10FFF000B0F800B0ADF818B0F120D04703880293F4
:020000040801F1
:10000000ADF81A30F220D04701880391ADF81C10EA
:100010006620D047038803EB4302C3EB4213114A27
:10002000A2FB0323C3F34F139B4522D3029A9A42A8
:1000300068D30399994267D200231BE0740501201D
:10004000E403012040BD010809FC0008E803012089
:1000500029FC000804B80108A1FC000824120020B3
:10006000FC0301201F85EB5169F90008DFF8DCA2D1
:10007000BCE700231A46B24B234493F825305BB10A
:10008000AF4B1B5D042B41D0AD4B04211955AC4B3C
:100090002344002183F82510A94B93F8273053B14E
:1000A000A74B9B78042B37D0A54B04229A70A44B06
:1000B000002283F82720A24B234493F82030002B02
:1000C0003FF41AAF9E4B03EB040A00238AF820305A
:1000D0008AF82530D9F800301A88B9F80C1082F067
:1000E0000802C1F30B014046FFF726FB002814BFAE
:1000F000012300238AF82A303FF4FEAE904B0522FC
:100100001A55F9E60023B5E70123B3E7002ABED06C
:100110008B4B03211955BAE7002AC8D0884B03221C
:100120009A70C4E73146DC20FFF7FCFB80465FFA9B
:1001300085F981890268C1F30B014846FFF7D2FBBC
:10014000002814BF012200227D4B234483F82A207B
:1001500002D07B4B05221A5500287FF4D2AED8F886
:1001600000301B8813F0040F7BD0DFF8D4A10223EA
:100170000AF804303146F020FFF7D4FB804681892D
:100180000268C1F30B014846FFF7ACFB002814BF1F
:1001900001230023A2448AF82A3002D0684B0522AA
:1001A0001A554FF0FF33082221464046FFF7FEFC68
:1001B000634B2344002283F82020D8F800301B88AA
:1001C00013F0020F19D05E4B01221A55234493F805
:1001D000203093B15B4B53F8240006F01CFB002841
:1001E00044D1584B53F824A005F052FD0246002399
:1001F00000930121504606F08BF9D8F800301B8897
:1002000013F0010F3FF47DAE4D4B03221A552344EA
:1002100093F82030002B3FF474AE31466820FFF78E
:1002200081FB02681288818982F00202C1F30B010E
:100230004846FFF781FA002814BF01220022404BF4
:10024000234483F82A2002D03D4B05221A553C4B0B
:100250002344002283F820204FF4967005F026FEF8
:100260004FE6374B234400225A71A6E7344B042251
:100270001A55C2E70026B04670E05FFA85F91046CD
:1002800006EB860240F6280304FB03F303EBC203EC
:10029000C2189189C3581A88C1F30B014846FFF769
:1002A0004BFA002814BF01220022254B234483F877
:1002B0002A2002D0224B05221A5506EB860240F670
:1002C000280304FB03F303EBC2031F4A1344002279
:1002D00083F8212083F822200A2005F0E7FD012F72
:1002E00062D80023ADF8183006AA4FF46171484671
:1002F000FFF7F8FA002814BF01220022104B234414
:1003000083F82A2002D00E4B05221A55BDF818207A
:1003100042F0010292B2ADF818204FF461714846E4
:10032000FFF70AFA002814BF01220022044B2344DD
:1003300083F82A2038D0024B05221A5534E000BF3A
:10034000FC030120E80301202412002059F90008D1
:10035000344B2344002283F82A200136324B40F6E6
:10036000280202FB0433D3F82038B3427FF6CFAD26
:1003700006EB860240F6280304FB03F303EBC203FB
:10038000294A134493F8213073B106EB860240F6F4
:10039000280304FB03F303EBC203234A134493F83B
:1003A0002230002B7FF469AF0023ADF8183006EB44
:1003B000860240F6280304FB03F303EBC2031A4A48
:1003C0001344998906AAC1F30B01E8B2FFF78AFA30
:1003D000D8B906EB860240F6280304FB03F303EBCF
:1003E000C203114A134493F82130002BB0D106EB1D
:1003F000860240F6280304FB03F303EBC2030A4A18
:10040000D358BDF818201A80A2E7064B1A1901210B
:1004100082F82A10884405221A55B8F1030F9CDD92
:1004200075E500BFFC0301202412002000B583B055
:100430000C4991F8443000930B6C002291F83C1069
:10044000104604F0E9FA04F09DFB00220421062086
:1004500004F0ABFE04F0BEFB04F086FC052005F0C2
:1004600025FDF7E77405012010B5C82005F01EFD35
:1004700007E04FF47A7005F019FD04F095FB04F0E5
:100480006DFB002004F02AFB0028F2D104F07AFB77
:1004900020B14FF47A7005F009FDEEE704F09AFB05
:1004A000044C2070022005F001FD2378002BF5D0CC
:1004B000E3E700BF3C040120064B1B7843B14356E1
:1004C000202B00D013B95F2343547047202343549B
:1004D000704700BFD0040120F0B4049D059C013C8E
:1004E000002C16DD6E1E0768002F14DB0768A7427C
:1004F00001DD00240460086800280EDB0868B042B3
:1005000007DD0E601168013111605B1B994200DD4F
:100510001360F0BC70470460E8E7002008601068D2
:10052000013810600028E9DA00201060E6E703686F
:100530006BB90B6803EB83034FF05B0C02F823C02D
:100540000B6803EB83039B0013335D21D1540368D5
:10055000012B03D00368022B07D070475B2382F87E
:1005600049305D2382F84F30F4E75B2382F83C305A
:100570005D2382F84230F0E710B504465022002196
:10058000EFF762FE012005F091FC0A4A0B2120469C
:10059000F1F702F8084B1B881BB2084A934204D0BB
:1005A000074B0022C3F8F82010BD064B064A1A601C
:1005B000F6E700BF14B80108CC100020CC93FFFF71
:1005C00074050120D0100020F5180108F0B583B0A3
:1005D0000446824B1D686B6A022201920092804A97
:1005E00080498148FFF778FF804B1B68804A137071
:1005F000042B6CD9052111707B4A01211160062B57
:1006000002D97A4B00221A60502200212046EFF7CF
:100610001BFE2B46774A14212046F0F7BDFF764A91
:10062000142104F13C00F0F7B7FF6B6A002B55D0A2
:100630002B6A6B4E3268714F53F822303A461421C0
:100640006018F0F7A9FF2A6A3368013352F82330A3
:100650003A46142104F12800F0F79EFF2A6A336815
:10066000604909680B4452F82330AB615E4B1B684C
:1006700073B95C4A1368013303EB83035B2104F80D
:100680002310136803EB83039B0027335D22E2549E
:10069000554B1A68012A42D0594B1B881BB246F6AB
:1006A00033418B427DD041DD47F233418B424CD008
:1006B00047F633018B4277D16B6A002B6DD14B4BE0
:1006C0001B68002B65D1494B06221A606CE06A6AF0
:1006D000002A94D1444A0021116090E7AB69494A4D
:1006E00014216018F0F758FF3F4B1B687BB13B4B60
:1006F0001B685A7F002AB9D099691A69914200DDB6
:100700009A6199695A699142B0DA9A61AEE7384BB9
:100710001B783D4AD15C2046FFF7CEFEE7E75B231E
:1007200084F83C305D2384F84230B5E743F633412A
:100730008B421AD045F633418B4235D16B6A23BBCD
:100740002A4A1368013313602EE06B6A43B9AB6920
:10075000274A11782D4A52F821201344AB6123E037
:10076000204A1368013B13601EE06B6A43B9AB6912
:100770001F4A1178254A52F821209B1AAB6113E0D9
:10078000184A1368013313600EE00132164B1A60E9
:100790000AE0013B154A136006E0013A124B1A6069
:1007A00002E01AB1012A12D003B0F0BD0B4B1B6856
:1007B00001229A77164B174A1A6000230A4A1360DF
:1007C000084A1360064A1360084A1360ECE7EB68B6
:1007D0001B68AB610023AB77ECE700BFC8100020BB
:1007E000A8040120AC040120A4040120C8040120B5
:1007F0009C04012020B80108F0BA010830B80108B3
:10080000CC10002044B801085CC6010844C60108A9
:10081000D0100020F51801082DE9F04184B0804681
:100820000F461646502200213046EFF70DFD662098
:10083000C04704464FF0000C04E08A4D45F82C40B8
:100840000CF1010CBCF1030FF7D96520C047054638
:100850004FF0040C04E0834B43F82C500CF1010CD6
:10086000BCF1070FF7D9804B1B78DBB17F4B1B78AE
:1008700063B194F8213013B1012384F8223095F844
:10088000213063B1012385F8223008E0002384F889
:10089000223084F8213085F8223085F82130724BDF
:1008A00000221A7023681A88714BA3FB0213DB081D
:1008B0002969098803916FF0090101FB0322029263
:1008C00001936C4B00933B466B4A50213046F0F746
:1008D00063FE6A4B1B786BB1694B1B68072B02D90F
:1008E000674B00221A60664B1B68664AD15C304633
:1008F000FFF7E2FD624B1A685A4B53F82200624B35
:100900001B881BB246F633418B4255D018DC43F6A8
:1009100033418B4236D045F633418B4276D05B4A29
:10092000934203D1012F3FD0022F41D094F82230BF
:10093000002B7ED194F82130002284F8212079E028
:1009400047F633018B4268D047F633418B4200F0C3
:10095000868047F233418B42E8D1484B1B78002B0D
:100960007DD001680C884A4B33F81220C2F51C5325
:100970000F339C4273DA012380F821300B881A442C
:100980000A806CE03D4B1B78002B68D00368198807
:100990003F4C34F81220914261D3012180F821109C
:1009A00019888A1A1A805AE03A4B3B4A1A60BDE706
:1009B000384B3A4A1A60B9E794F8213013B995F8E0
:1009C0002130BBB1012F0DD0022F0FD00023274AB9
:1009D0001370254A01211170284A13702D4B304A9B
:1009E0001A603CE02F4B304A1A60EFE72D4B2F4A3C
:1009F0001A60EBE7012F05D0022F97D1254B2C4A27
:100A00001A6093E7234B2B4A1A608FE71B4B1B7826
:100A10002BB301321A4B1A6021E0184B1B781BB91B
:100A2000164B01221A701AE0CAB1013A144B1A602F
:100A300015E0002395F822203AB994F8212002B954
:100A40001A46002385F8213013460C4A0021117004
:100A50002BB1104B1968184A1160184A1A6004B07B
:100A6000BDE8F0817C04012078040120C00401204D
:100A7000CDCCCCCC14B8010854B8010877040120BF
:100A8000C80401203CC60108CC100020CC93FFFF15
:100A90002CC60108D0100020290F0108E90E01081A
:100AA00025180108C4040120E10A0108C10A01084F
:100AB0004D1101086D110108BC040120C117010886
:100AC00008B5024602210448FFF7A6FE034B0422A4
:100AD000C3F8F82008BD00BFC9F90008740501205B
:100AE00008B5024601210448FFF796FE034B032296
:100AF000C3F8F82008BD00BFB9F90008740501204B
:100B000010B5044650220021EFF79EFB024A502107
:100B10002046F0F741FD10BDA0B801082DE9F04FC7
:100B200089B007460D4698469D4B1B7813B99D4BDF
:100B3000082119609C4B19789C4B1B88994202D85C
:100B40009A4B00211980994B1B885A2101FB0324E1
:100B5000974B1E8806EB460334F8130090B1B84754
:100B60000746944B984213D090B1934B1B78DBB15E
:100B7000924B1B7883B190F8213093B1012380F818
:100B800022300EE08A4B00221A8009B0BDE8F08FB7
:100B90002846FFF7B5FFF8E7002380F8223080F8F9
:100BA0002130854B00221A707E4B1B68844A12F854
:100BB0000390844A32F813A03B68B3F800B006EB08
:100BC000460304EB43039B785BB106EB460304EB5F
:100BD0004303DA78012393400BEA0303D3401FFA5F
:100BE00083FB502200212846EFF72EFB764B07931C
:100BF000764B0693764B0593CDF810B06C4B1B8863
:100C00000393744B0293CDF80480684B1B880093C8
:100C1000714B724A50212846F0F7BEFC614B1B68AD
:100C2000092B02D95F4B00221A605E4B1B68644A95
:100C3000D15C2846FFF740FC694B1A8813B246F690
:100C400033418B427BD017DD47F633018B425CD0BA
:100C500027DD47F623418B4204D04FDC47F6134291
:100C6000934292D14E4B00221A7097F82230002BFB
:100C70008BD187F8212088E743F63342934215D081
:100C800045F63342934280D1454B1B78002B3FF40D
:100C90007CAF444B1B68002B4DD1424B09221A609C
:100CA00073E747F2334293427FF46FAF3C4B1B78BC
:100CB000002B3FF46AAFBAF1000F00F0B880B9F131
:100CC000090F00F0A180B9F11D0F00F0BF800123D2
:100CD00087F8213006EB460304EB43039B78002B97
:100CE00000F0D18039680B8806EB460604EB460419
:100CF000E0780122824053400B8098E0A2F5F84250
:100D0000313A92B2012AADD93FE7254B1B7833B96E
:100D1000234B01221A70234B00221A6035E7214B26
:100D20001B68092B03D001331E4A13602DE71D4BAE
:100D300000221A6029E7013B1A4A136025E7B9F13E
:100D4000330F0AD0B9F12C0F1DD0B9F1450F4FD098
:100D5000234B47F633421A8017E7114B1B78002BC1
:100D60003FF413AF97F82130002BEBD0124B012248
:100D70001A700B4B00221A701A4B19681A4A11602C
:100D80001A4A1A60DEE797F822300BB987F821304B
:100D9000129A144B1A60024B00221A70D5E700BF5A
:100DA00076040120C80401208CC5010874040120C8
:100DB00072040120AC03012070040120C004012052
:100DC00020C601080CC60108F4B8010800B90108E2
:100DD0000CB9010814B90108B4B80108BCB801087D
:100DE000CC100020D0100020C404012025180108D8
:100DF00097F822300BB987F82130139A334B1A60D9
:100E0000334B00221A70A3E797F822300BB987F80A
:100E10002130304B1B881BB247F2334293420BD038
:100E20002C4B1B881BB243F63342934209D0294B0B
:100E300047F633421A80A8E6274A13880133138005
:100E4000EEE7254A1388013B1380F0E797F822303C
:100E50000BB987F821301F4B1B881BB247F2334276
:100E600093420BD01B4B1B881BB243F63342934279
:100E7000DDD11A4A1388013B1380D8E7174A13883B
:100E800001331380EEE7134B1B881BB247F233424A
:100E9000934210D00F4B1B881BB243F63342934250
:100EA000C5D13A6813880E4908680E4931F8101008
:100EB0005B1A1380BBE73A68138809490868094937
:100EC00031F810100B441380B1E700BFD0100020A0
:100ED00076040120CC10002074040120720401204B
:100EE000C80401200CC6010800B583B00146084BB8
:100EF0000193084B0093084B084A0948FFF70EFE80
:100F0000084B0422C3F8F82003B05DF804FB00BFCF
:100F10004D110108C10A010820B9010838BF0108B4
:100F2000C9F900087405012000B583B00146084BDB
:100F30000193084B0093084B084A0948FFF7EEFD60
:100F4000084B0322C3F8F82003B05DF804FB00BF90
:100F50006D110108E10A010820B9010838BF010834
:100F6000B9F900087405012000B583B00146084BAB
:100F70000193084B0093084B084A0948FFF7CEFD40
:100F8000084B0222C3F8F82003B05DF804FB00BF51
:100F9000B11301088117010824B9010824C401080C
:100FA000A9F900087405012000B583B00146084B7B
:100FB0000193084B0093084B084A0948FFF7AEFD20
:100FC000084B0122C3F8F82003B05DF804FB00BF12
:100FD00091130108A117010824B9010824C40108CC
:100FE00099F900087405012070B582B004460D46D9
:100FF000164650220021EFF727F901960095044B81
:10100000044A50212046F0F7C7FA02B070BD00BF75
:1010100028B9010830B901082DE9F04186B08046B1
:101020000E461746502200213846EFF70DF9D3201F
:10103000C0470388394DA5FB0325ED08B3F57A7F3A
:1010400000D36325C5EB4534C5EB84046400A4B22A
:101050001C44A4B2092C00D90924D220C04703881B
:1010600042F22832934200D913462D4A00211160E2
:10107000012E2AD0022E33D0B11C2A4A0A4492F8FB
:101080002A20002A37D0284A049303940295274B3C
:10109000019300923346264A50213846F0F77CFAF5
:1010A000B41C204B234493F82A3033BB1D4B2344FC
:1010B00093F82A3033B91F4B1B881BB246F63342D4
:1010C00093421FD006B0BDE8F081164A127A002A7A
:1010D000D0D0144B9A6918493846FFF785FFDFE7EF
:1010E000104A527A002AC7D00E4BDA6912493846A4
:1010F000FFF77AFFD4E7114AC6E707213846FFF722
:10110000DBF9D3E7012E05D0022EDBD10C4B0D4AC3
:101110001A60D7E70A4B0C4A1A60D3E7CDCCCCCC87
:10112000C8040120FC0301206CBA010814B80108AE
:101130003CB90108CC10002020B90108F0B8010822
:10114000D0100020C10A0108E10A010808B50246D2
:1011500002210448FFF760FF034B0422C3F8F82084
:1011600008BD00BF89F900087405012008B50246D2
:1011700001210448FFF750FF034B0322C3F8F82076
:1011800008BD00BF79F90008740501202DE9F04F72
:1011900091B004460D460A92F020A04703886F4E96
:1011A000A6FB0323DB08ADF83830F120A047038805
:1011B000A6FB0323DB08ADF83A30F220A0470388F2
:1011C000A6FB0363DB08ADF83C30002300E00133ED
:1011D000022B0FD810AA02EB430232F8082CB2F50A
:1011E0007A7FF4D340F2E73110AA02EB430222F8EF
:1011F000081CECE7F320A0470388ADF83030F4205A
:10120000A0470388ADF83230F520A0470388ADF839
:101210003430002300E00133022B0FD810AA02EB78
:10122000430232F8102CB2F57A7FF4D340F2E73162
:1012300010AA02EB430222F8101CECE76520A0473D
:101240000288464BA3FB0213DB080B9342F20F7399
:101250009A4202D940F2E7330B93BDF83860BDF8EB
:101260003090BDF83A70BDF832A00AFB07F409FBD4
:101270000644BDF83C80BDF834B00BFB0844384B45
:1012800083FB0423E417C4EBA314A4B2632C00D99A
:101290006324012D3CD0022D03D1324BDB79002B8E
:1012A00041D1502200210A98EEF7CEFF2D4B2B445E
:1012B00093F82A30002B3DD02B4B08940B9A0792C1
:1012C000CDF818B0CDF814A0CDF81090CDF80C8062
:1012D00002970196254A0092254A50210A98F0F774
:1012E0005BF9204B2B4493F82A302BBB214B002277
:1012F0001A601C4B2B4493F82A3033B91E4B1B88C1
:101300001BB246F6334293421BD011B0BDE8F08FBA
:10131000144B9B79002BBED0124B1A6917490A98BF
:10132000FFF762FEDDE70F4B5A6914490A98FFF791
:101330005BFED6E7124BC0E707210A98FFF7BCF81F
:10134000D4E7012D05D0022DDFD10E4B0E4A1A60D5
:10135000DBE70C4B0D4A1A60D7E700BFCDCCCCCCF5
:10136000D34D6210FC0301206CBA010814B80108C7
:1013700080B90108C8040120CC10002024B901085C
:10138000F0B80108D010002081170108A11701084A
:1013900008B5024601210448FFF7F8FE034B01227D
:1013A000C3F8F82008BD00BF59F9000874050120F2
:1013B00008B5024602210448FFF7E8FE034B02226B
:1013C000C3F8F82008BD00BF69F9000874050120C2
:1013D0002DE9F0418AB00646884615465022002184
:1013E0002846EEF731FF6620B0470446002303E0AD
:1013F0009D4A42F823400133032BF9D96520B047B9
:101400000746042303E0984A42F823700133072B70
:10141000F9D97920B0470646082303E0924A42F8FA
:10142000236001330B2BF9D9904B1B782BB3904BD6
:101430001B7893B194F8213013B1012384F8223042
:1014400096F8213013B1012386F8223097F8213025
:1014500083B1012387F822300CE0002384F8223086
:1014600084F8213086F8223086F8213087F822303F
:1014700087F821307D4B00221A702368B3F800C032
:101480007C4BA3FB0C12D208ADF8242002EB8202A5
:10149000ACEB420292B2ADF8262039680988A3FB72
:1014A0000103DB08ADF8203003EB8303A1EB43031A
:1014B0009BB2ADF8223030680088ADF81C004FF0C8
:1014C000000EADF81EE042F20F7EF44503D940F263
:1014D000E73CADF824C0B0F57A7F03D340F2E730A3
:1014E000ADF81C0042F20F70814203D940F2E7319F
:1014F000ADF82010092A02D90922ADF82620092BBF
:1015000002D90923ADF82230BDF82430BDF82620D9
:10151000BDF82010BDF82200BDF81CC0CDF810C0E9
:101520000390029101920093534B544A5021284654
:10153000F0F732F8524B1B680A2B02D9504B0022AD
:101540001A60504B1B78002B4AD14D4B1968464B03
:1015500053F821004C4B1B881BB246F63342934292
:1015600000F0A48044DC43F63342934262D045F657
:101570003342934200F0C180444A934205D1B8F10E
:10158000010F69D0B8F1020F6AD094F82230002B15
:1015900040F0E18094F82130002284F8212096F870
:1015A000222032B994F8212002B11346002286F895
:1015B000212097F8222032B994F8212002B1134655
:1015C000002287F821202F4A002111702BB1304BC7
:1015D0001968304A1160304A1A600AB0BDE8F081DB
:1015E000274B1B682D4AD15C2846FEF765FFACE708
:1015F00047F63302934200F09A8047F63342934213
:10160000EBD047F233429342BFD11E4B1B78002BE5
:10161000E3D004682588224B33F81120C2F51C530F
:101620000F339D42D9DA012380F8213023881A44F0
:101630002280D2E7134B1B78002BCED003681C8886
:10164000174A32F811209442C7D3012180F82110A3
:1016500019888A1A1A80C0E70D4B124A1A6094E75B
:101660000B4B114A1A6090E7400401203E04012010
:10167000C0040120CDCCCCCC14B80108CCB90108F1
:10168000C80401203D040120CC100020CC93FFFFB2
:10169000D0100020BC040120C117010800C60108B9
:1016A000E8C50108A90F0108690F010894F8213065
:1016B0002BB996F8213013B997F8213073B1274B25
:1016C0001968274A1160002226490A70264901201C
:1016D000087026490A70264A1A607EE7B8F1010FA1
:1016E00007D0B8F1020F7FF450AF1C4B214A1A60AB
:1016F0004BE71A4B204A1A6047E71C4B1B78002B1C
:101700003FF46BAF19B91D4B07221A6065E7042936
:1017100005D0082907D00139184A11605DE7174B39
:101720000A221A6059E7154B03221A6055E70F4B3E
:101730001B7833B90D4B01221A70104B03221A602B
:101740004BE70A2903D001310C4A116045E70B4BE6
:1017500000221A6041E7002321E700BFD0100020DB
:10176000C4040120C00401203E0401203D040120E6
:1017700025180108B113010891130108C8040120BC
:1017800008B5024602210448FFF722FE034B02225D
:10179000C3F8F82008BD00BFA9F9000874050120AE
:1017A00008B5024601210448FFF712FE034B01224F
:1017B000C3F8F82008BD00BF99F90008740501209E
:1017C00010B582B0044650220021EEF73DFD0E4BCD
:1017D00001930E4B00930E4B0E4A50212046EFF71B
:1017E000DBFE45212046FEF767FE0B4B1B881BB234
:1017F00046F63342934201D002B010BD074B1A683F
:10180000074B1A60F8E700BF60BA010870BA010818
:1018100018BA010824BA0108CC100020BC04012029
:10182000D010002010B582B0044650220021EEF7FF
:101830000BFD264B0193264B0093264B264A502145
:101840002046EFF7A9FE254B1B68012B02D9234B3D
:1018500001221A60214B1B68214AD15C2046FEF709
:101860002BFE204B00221A701F4B1B881BB246F622
:101870003342934218D047F6330293420CD045F6D8
:101880003342934206D1154B01221A60164B47F69C
:1018900033421A8002B010BD104B00221A60124B66
:1018A00047F633421A80F5E70C4B1B68012B14BF37
:1018B000002301230B4A13700C4B1A680C4B1A605F
:1018C000094B47F633421A80E4E700BFB0BA01087B
:1018D000B4BA010800B901087CBA0108C8040120A3
:1018E000E4C50108C0040120CC100020C40401207C
:1018F000D01000202DE9F04788B00546002300E015
:10190000013376490C689C420ED975492C2202FBA2
:1019100003118A7F002AF3D171492C2202FB0311A3
:10192000CA6812688A61EBE76E4E03230193009345
:10193000234632466C496D48FEF7CEFD5022002109
:101940002846EEF781FC32682C21654B01FB0233FF
:10195000997F00295DD0DFF8B8C161482C2101FBD7
:101960000206D6F818E0561C02FB01110144887FDC
:10197000002851D0DFF8988159482C2707FB06062C
:10198000D6F81890023207FB0200867F002E46D060
:10199000DFF87CA1524E2C2707FB02629269079266
:1019A000CDF818A00590CDF81090CDF80C800291DC
:1019B000CDF804E0CDF800C04D4A50212846EFF79D
:1019C000EBFDDFF824812A4641464848FEF7AFFD8B
:1019D000484B00221A60D8F80010424B1B680B4499
:1019E00007FB0366444B1E60444B1B881BB246F644
:1019F000334083422DD015DD47F2334293421ED04F
:101A000047F6330293421DD1384A1368013B1360F5
:101A100018E0DFF800C1A0E7DFF8F880ACE7DFF8F6
:101A2000F4A0B7E743F6334293420ED045F6334273
:101A3000934207D12D4A13680133136002E0013944
:101A4000294B196008B0BDE8F0870131264B1960B9
:101A5000F8E7264B1B68A3B9337F2BB9284B1E60D0
:101A6000284B294A1A60EDE7B36A9847254B274A65
:101A70001A6000231D4A13601B4A1360194A136041
:101A8000E0E7022B11D0012BDCD1002223E0144A25
:101A900001FB032300229A77DA68996911609B6A37
:101AA00003B19847FDF7C0FCE0E700239C42C9D989
:101AB0000B4A2C2101FB0322927F002AE7D101333C
:101AC000F4E7074B2C2101FB023300219977D968F9
:101AD0000968996101329442F3D8C7E790C50108BB
:101AE000480D0020B0040120B8040120B4040120F6
:101AF000BCBA0108C8040120A0040120CC100020B9
:101B0000C8100020D0100020CD050108790501087B
:101B1000B8BA0108F0B8010810B54FF4FA7004F033
:101B2000C5F9002412E00F4A137883F00103137003
:101B300000240D48FDF718FC00231A4619460B48EF
:101B4000006803F053FB1C2004F0B0F94FF0FF31A4
:101B5000064B186803F024FD631C0A2CE3DC1C46CA
:101B6000E7E700BFD004012024050120CC040120B8
:101B700010B584B0FDF7F0FB00225021A048EEF72D
:101B800063FB03220021012003F00FFB9D4B186033
:101B900020B100231A46194603F028FB00240194C3
:101BA0000223009323464FF480629749974803F03D
:101BB00085FF02948DF80C40B2E0954B47F6334216
:101BC0001A80B4E0934A93422DDC1F3A93422ADBF9
:101BD00003F5F84333331F2B25D8DFE803F04C51CE
:101BE0002424242424242424242424242456242483
:101BF000242424242424242424242424245B864BE5
:101C0000D3F8E8307BB1854B9A4203D0844B834AAA
:101C10001A6008E0834B012283F8262003E0814B01
:101C2000012283F827207A4B47F633421A8001239A
:101C300040E0794BD3F8F030002BF4D07A4B9A4245
:101C400003D0774B784A1A60EDE7764B012283F890
:101C50002820E8E7704BD3F8F430002BE3D0734B27
:101C60009A4203D06E4B714A1A60DCE76D4B012239
:101C700083F82920D7E76B4B012283F82120D2E794
:101C8000684B012283F82220CDE7664B012283F8BE
:101C90002320C8E7634B012283F82420C3E7604B6D
:101CA000634A1A60BFE7002103F110026A4402F898
:101CB000081C0133042B16D85A4A1A445279002AB8
:101CC000F1D003F110026A4412F8082C002AF0D176
:101CD00003F110026A44012102F8081C554A52F827
:101CE00023204F4B1A60012304E04E4A012182F861
:101CF0002F100B44042BF8D9424C4FF0FF312068D1
:101D000003F04EFC50224C493D48EFF79DFC002368
:101D10001A461946206803F069FA1E2004F0C6F836
:101D20003B4B1B881BB2454A93423FF446AF3C4CA9
:101D30002368414898472268414B9A423FF473AF69
:101D4000404B9A423FF46FAF314B1B881BB23E4968
:101D50008B42A4D07FF736AF47F632418B423FF734
:101D600062AF47F613418B42FFF65DAFA3F5F84330
:101D7000133B1F2B3FF657AF01A151F823F000BFD3
:101D8000551C0108271C0108271C0108271C0108F5
:101D9000271C0108271C0108271C0108271C010813
:101DA000271C0108271C0108271C0108271C010803
:101DB000271C0108271C0108271C0108271C0108F3
:101DC000331C0108271C0108271C0108271C0108D7
:101DD000271C0108271C0108271C0108271C0108D3
:101DE000271C0108271C0108271C0108271C0108C3
:101DF000271C0108271C01081F1C0108FF1B0108E4
:101E000024050120CC040120F8BA0108191B01089F
:101E1000CC100020EC83FFFF740501209113010812
:101E2000D0100020FC0301206D1101084D110108A4
:101E30007905010864C60108D4040120CC83FFFFA2
:101E400025180108C1170108CCCBFFFFB4EEE02A2A
:101E5000F1EE10FA11DCB4EEC02AF1EE10FA0FD454
:101E600071EEC11A32EE402A61EE821A30EEC00ADB
:101E7000C1EE807A37EE810A70479FED030A704702
:101E80009FED010A704700BF00000000F8B52DED7E
:101E9000028B0F46B0EE408AD0ED000AF4EEC00A85
:101EA000F1EE10FA0CDB9FED250AB0EE482AD1EDD9
:101EB000001AB0EE401AFFF7C9FFBDEC028BF8BD67
:101EC0000546164602F18043013B9A0000EB83036E
:101ED000D3ED007AF4EEC07AF1EE10FA29D50A4477
:101EE00092ED000AE9E72346721E9A42E5D95C1C8E
:101EF000A10005EB8402D2ED000AF4EEC80AF1EE6F
:101F000010FAF0DB9A0005EB8303D3ED007AF4EED0
:101F1000C87AF1EE10FAE6D53A443944B0EE482AD0
:101F2000D1ED001A92ED001AB0EE670AFFF78EFFAE
:101F3000D9E700239FED010AD6E700BF00000000AB
:101F400010B500240BE0182211491248FFF79EFF3C
:101F5000114B83ED000A0024012003F0A7FFF6F7E0
:101F600049FE07EE900AF8EE677A0C4B93ED000AF3
:101F700077EEC07A9FED0A7A67EE877A30EE270A0D
:101F800083ED000A631CB4F5FA6FDCDC1C46E3E762
:101F900034110020D4100020E8200120E42001208A
:101FA000CDCCCC3D374AD2F8003843F48033C2F868
:101FB0000038002300E00B46324AD2F8002812F421
:101FC000003F04D1591C4FF6FF729342F3D12D4BC1
:101FD000D3F8003813F4003F00D1FEE7294BD3F8C3
:101FE000402842F08052C3F8402827490A6842F44A
:101FF00040420A60D3F80828C3F80828D3F8082814
:1020000042F42042C3F80828D3F8082842F4A0522A
:10201000C3F808281D4AC3F80428D3F8002842F062
:102020008072C3F80028174BD3F8003813F0007FF4
:10203000F9D0154A136843F480331360124B5B6880
:1020400013F4803FFAD0104A136843F4003313604E
:102050000D4B5B6813F4003FFAD00A4BD3F8082805
:1020600022F00302C3F80828D3F8082842F002023D
:10207000C3F80828034BD3F8083813F0080FF9D039
:10208000704700BF00300240007000400854400715
:1020900008B5FFF787FF08BD00B583B02B4AD2F81B
:1020A000883043F47003C2F88830294AD2F80038E7
:1020B00043F00103C2F80038254BD3F8003813F081
:1020C000020FF9D0224AD2F8083843F08003C2F850
:1020D00008380023019302E0019B01330193019B27
:1020E0004F2BF9D91A4AD2F8083843F09003C2F8B6
:1020F00008380023019302E0019B01330193019B07
:102100004F2BF9D9124BD3F8082822F00302C3F859
:102110000828D3F8002822F0847222F48032C3F811
:102120000028D3F8002822F48022C3F800280022D7
:10213000C3F80828D3F808180649C3F80418C3F8E8
:102140000C28FFF7A5FF03B05DF804FB00ED00E0ED
:10215000003002401030002408B540F6081001F0AD
:102160008CFA40F6081001F095FA08BD064BD3F83A
:10217000042322F4E022C3F80423D3F80423024307
:10218000C3F80423704700BF00200140AAB111F436
:10219000807F03D0436843F48073436011F4806F01
:1021A00003D0436843F48063436011F0020F19D0F9
:1021B000836843F002038360704711F4807F03D08B
:1021C000436823F48073436011F4806F03D0436845
:1021D00023F48063436011F0020F03D0836823F07F
:1021E00002038360704721B1836843F40063836016
:1021F0007047836823F4006383607047836813F03B
:10220000010F03D1836843F0010383607047436883
:1022100023F04073436043680B43436070470129D8
:1022200002D002290ED07047013A0F2A17D8C36A8C
:1022300023F47003C362C36A120502F470021343ED
:10224000C3627047013A032A09D8836B23F4401311
:102250008363836B120502F4401213438363704758
:1022600010B405291FD8446B01EB81014FF01F0CFE
:102270000CFA01FC24EA0C0C02FA01F141EA0C010F
:102280004163092A31D8016902EB42024FF0070C81
:102290000CFA02FC21EA0C0103FA02F20A43026181
:1022A0005DF8044B70470B290ED8046B063901EB1F
:1022B00081014FF01F0C0CFA01FC24EA0C0402FA15
:1022C00001F121430163DCE70F29DAD8C46A0C3934
:1022D00001EB81014FF01F0C0CFA01FC24EA0C0405
:1022E00002FA01F12143C162CBE7122AD8D8C168B2
:1022F0000A3A02EB42020724944021EA0401934087
:102300000B43C360CCE7012902D0022908D07047F3
:10231000836823F07063836083681343836070472E
:10232000836823F47023836083681343836070475A
:10233000012902D0022909D07047836823F0405355
:102340008360836843EA027383607047836823F481
:1023500040138360836843EA025383607047012916
:1023600002D0022905D07047836843F08043836020
:102370007047836843F4800383607047C06C80B209
:10238000704703680B4201D100207047012070475D
:10239000036823EA0103036070470000064BD3F88B
:1023A000042322F01F02C3F80423D3F804230243BA
:1023B000C3F80423704700BF0020014001EB410334
:1023C00000EBC3031A6922F001021A6100221A61AC
:1023D0005A619A61DA611A625A6203290CD88368D9
:1023E00001EB4102C1F34001890001EB42013D22B2
:1023F0008A401343836070470439C9B2C36801EB54
:102400004102C1F34001890001EB42013D228A40B3
:102410001343C360704710B401EB410100EBC100EE
:10242000436A23F004034362136883619368C361C2
:10243000D3694361016921F45E3121F0C001136960
:1024400043EA8303146A2343946923430B430361E0
:10245000536893B9036943F400730361D368C3B944
:10246000036943F4806303615369BBB9036943F4AF
:10247000807303615DF8044B7047012B04D003693E
:1024800043F400430361E9E7036923F40073036144
:10249000E4E7036923F480630361E5E7036923F458
:1024A00080730361E6E701EB410100EBC10042618B
:1024B000704701EB410100EBC1004069704701EB3F
:1024C000410100EBC100036923F48073036170478D
:1024D00001EB410100EBC100036943F0010303611B
:1024E000704701EB410100EBC100036923F00103D8
:1024F0000361704701EB410100EBC100036923F068
:10250000606343EA42630361704703290BD8836821
:1025100001EB410CC1F34001890001EB4C018A4001
:102520001343836070470439C9B2C36801EB410C9F
:10253000C1F34001890001EB4C018A401343C360A1
:102540007047802A07D001EB410100EBC10003690D
:1025500013430361704701EB410100EBC100436A83
:10256000134343627047802A08D001EB410100EB1E
:10257000C100036923EA02030361704701EB4101D3
:1025800000EBC100436A23EA02034362704710B5BF
:10259000032971D8531E1F2B00F2E580DFE803F0FA
:1025A00010E3E328E3E3E339E3E3E3E3E3E3E34ACC
:1025B000E3E3E3E3E3E3E3E3E3E3E3E3E3E3E35B73
:1025C000046801EB410CC1F340039B0003EB4C0397
:1025D00002FA03F31C4000EBCC014B6A03F08003CA
:1025E000002C00F0C480002B40F0C3800020BBE032
:1025F000046801EB410CC1F340039B0003EB4C0367
:1026000002FA03F31C4000EBCC010B6903F0020358
:10261000E6E7046801EB410CC1F340039B0003EBC8
:102620004C0302FA03F31C4000EBCC010B6903F0EE
:102630000403D5E7046801EB410CC1F340039B00A0
:1026400003EB4C0302FA03F31C4000EBCC010B69D3
:1026500003F00803C4E7046801EB410CC1F3400335
:102660009B0003EB4C0302FA03F31C4000EBCC018C
:102670000B6903F01003B3E70B1FDBB202F1FF3C61
:10268000BCF11F0F71D8DFE80CF010707023707070
:10269000703670707070707070497070707070709B
:1026A0007070707070707070705C446803EB430CF5
:1026B000C3F340039B0003EB4C0302FA03F31C40FB
:1026C00001EB410100EBC1014B6A03F0800387E796
:1026D000446803EB430CC3F340039B0003EB4C0340
:1026E00002FA03F31C4001EB410100EBC1010B694D
:1026F00003F0020374E7446803EB430CC3F34003A5
:102700009B0003EB4C0302FA03F31C4001EB410175
:1027100000EBC1010B6903F0040361E7446803EBBC
:10272000430CC3F340039B0003EB4C0302FA03F397
:102730001C4001EB410100EBC1010B6903F00803F0
:102740004EE7446803EB430CC3F340039B0003EBE9
:102750004C039A40144001EB410100EBC1000369B6
:1027600003F010033CE7002010BD0020FCE7002030
:10277000FAE70120F8E703290BD8836801EB410C45
:10278000C1F34001890001EB4C018A40134383608F
:1027900070470439C9B2C36801EB410CC1F3400171
:1027A000890001EB4C018A401343C360704700006D
:1027B0000E4B19680E4A0A401A6000215960996050
:1027C000D9609A6922F0BE021204120C42F0800213
:1027D0009A61D961074A9169074B0B4043F008732E
:1027E00093611368054B1360704700BF008002407F
:1027F0000F8130FD00900240233FDEF80060C102EF
:1028000082B000230193019002E0019B013B019300
:10281000019B002BF9D102B0704700000B4A1368EE
:1028200043F0010313600023084A1268013312F0D9
:10283000010F02D0064A9342F6D1044B1B6813F0F5
:10284000010F01D000207047012070470090024026
:10285000FFFF0400044B1B6813F0010F01D00020A0
:1028600070470120704700BF0090024070B4B0F57F
:10287000E00F0FD01748184BD860184B1860184E4F
:102880004FF488454FF000440023164A1360164A5F
:1028900013600EE01548104B1861154B1860154E6B
:1028A00000254FF48014EFE75A1C00EB0212CA60B7
:1028B0000133042B0BD81A0100EB031184504D6037
:1028C00006EB83228A60032BEED9C860F0E770BC68
:1028D000704700BF8849012000900240302101204C
:1028E00038350120282101202C21012038490120E0
:1028F00034210120382101202C4B1B681B68002B40
:102900004CDB10B4E8B103F40342B2F5407F47D189
:10291000C3F30D42A2F1040C254C246814F0007F8F
:1029200003D013F0200F00D094468C453CD80023F0
:1029300005E01E4A12689268D25CC25401336345B6
:10294000F7D31A4B1B684FF000421A60194B5B69B2
:1029500013F0800F04D0174B80225A6100229A6036
:10296000124B1B685A6812F4804F04D0DA680F4B80
:102970001A60012015E012F4004F05D00D4BDA6803
:102980000A4B1A6001200CE00A4A1268C2F3840262
:1029900013441033054A1360012002E00020704701
:1029A00000205DF8044B70470020FAE73021012039
:1029B0000080024000900240284B1B681B68002BDF
:1029C00047DBB1F5806F46D858B1002307E0234AB2
:1029D0001268926810F803C002F803C001338B42FA
:1029E000F5D31E48036859601A6842F040521A60D5
:1029F0000268136843F000431360194A536952692F
:102A000002F0200213F0040300D122B11343144A50
:102A1000536100235360114B1B681A6812F4801F26
:102A200004D0DA680D4B1A600120704712F4001FC1
:102A300005D00B4B1A69094B1A6001207047084AF0
:102A40001268C2F3840213441033044A1360012055
:102A50007047002070470020704700BF34210120DC
:102A600000900240036823F4400303600B430360BB
:102A7000704700004A790B7943EA0223074A8350E2
:102A8000CA788B781B0443EA02634A7843EA02233C
:102A90000A781343024A8350704700BF40800240C7
:102AA0004480024000F01F02800900F1804000F5E0
:102AB000203001239340036070470000054A1368EB
:102AC00043F00403136002F58052936943F002035C
:102AD000936170470080024010B4044618480069B2
:102AE00020F47F4020F0C300920102F4F8622243F8
:102AF000C90289B20A43024342F00102022C18D0F3
:102B00000F490A6100220E490969013211F0010FD3
:102B100002D00C498A42F6D1094A126912F0010F1B
:102B20000BD0002014B9064A52691A805DF8044B94
:102B30007047188802494861E2E70120F2E700BFC8
:102B400000800240FFFF040010B582B0284B1C69D2
:102B500024F01C04012000F0BFFD264B0344264A4C
:102B6000934211D244F00804214B1C614FF40043FE
:102B7000ADF806300DF10603002211460220FFF7E2
:102B8000ABFFF0B902B010BD1C4B03441C4A93428A
:102B900002D844F00C04E7E71A4B03441A4A934264
:102BA000E2D31A4B03441A4A934202D844F0040475
:102BB000DAE7184B0344184A934216D844F010043D
:102BC000D2E71648FFF71CFE0DF10603002211465E
:102BD0001046FFF781FF0028D4D0BDF90630002B46
:102BE00001DB0120CEE70020CCE70020CAE700BFD0
:102BF0000080024000D3CEFEC0E1E40040F1E9FDD8
:102C00003F787D0100796CFC005A6202001F0AFACD
:102C10007FF0FA02802E0FF7804A5D05FFFF040067
:102C2000F0B583B004460D4616460023ADF80630D5
:102C3000FFF78AFF38B93D48FFF7E2FDFFF784FF51
:102C4000034600286ED0FFF7B3FD2746012C55D16F
:102C500000240DF10603012200210846FFF73CFF86
:102C6000BDF8063003F00403ADF8063001341BB99B
:102C70004FF6FE739C42ECD94FF6FF739C4200F076
:102C800059814FF48053ADF806300DF10603002250
:102C900011460220FFF720FF0346002842D00024FF
:102CA0000DF10603012200210846FFF715FFBDF8CC
:102CB000063003F02003ADF8063001341BB94FF69F
:102CC000FE739C42ECD94FF6FF739C4200F03481B6
:102CD0000DF106031F2200210846FFF7FDFEBDF897
:102CE000063013F0100F07D04FF4006713F0040FF5
:102CF00022D147F480471FE00027F7E7E30803F4F9
:102D00008073ADF80630640804F400542343ADF832
:102D100006300DF10603002211460220FFF7DCFE0B
:102D2000034628B9184603B0F0BD00BFFFFF8F006F
:102D30006FF07F40FFF764FD814A136823F4B043CE
:102D40001F43176015F4806F0CD0136843F4806341
:102D5000136002F58052936923F0806305F080656B
:102D60001D439561764A536833435360754B1B6826
:102D700013F0010F15D0734B5B681146126822F0F7
:102D8000007222F080027048184002430A6001F588
:102D900080518A6922F0C0029B0803F0C0031343EC
:102DA0008B61684B1B6813F0020F09D0654B9A6862
:102DB00066490B6823F0E06323F4803313430B6010
:102DC000604B1B6813F0040F09D05E4BDA685F4953
:102DD0000B6823F47E0323F47C5313430B60594B9D
:102DE0001B6813F0080F09D0564B1A6957490B6836
:102DF00023F4404323F0020313430B60514B1B6841
:102E000013F0100F07D04F4B5B6950498869504A47
:102E1000024013438B614B4B1B6813F0200F12D001
:102E2000484B9969494A936923F0807323F004035E
:102E30004848084003439361136823F0800301F07E
:102E400080010B4313603F4B1B6813F0400F07D00A
:102E50003C4BDB693A49CA696FF310021343CB61FB
:102E6000384B1B6813F0800F18D0364B1B6A344860
:102E7000826922F0BE021204120C23F47F4121F079
:102E800041010A4382613149D1F8802022F0770262
:102E90001B0A03F077031343C1F88030294B1B68EA
:102EA00013F4807F03D0274B5A6A254B9A60254B39
:102EB0001B6813F4007F03D0224B9A6A204BDA6020
:102EC000204B1B6813F4806F09D01E4BDA6A1C4933
:102ED0004B6823F4FB6323F0060313434B60194B49
:102EE0001B6813F4006F09D0164B1A6B14490B685A
:102EF00023F4913323F0700313430B60114B1B68D1
:102F000013F4805F07D00F4B5B6B0D490A6822F406
:102F1000400213430B600B4B1B6813F4005F0DD092
:102F2000084B9B6B06490A6822F4602213430B602E
:102F30000123F7E60023F5E60023F3E60123F1E69B
:102F400000800240EC20012080000002009002403E
:102F5000E73FDEFD04000001094A936943F4801352
:102F600093610022064B9B69013213F4801302D057
:102F700004498A42F6D90BB10020704701207047FE
:102F800000900240FEFF040008B5064A136843F0B3
:102F900008031360FFF7E0FF034A936943F400530B
:102FA000936108BD008002400090024008B5FFF721
:102FB000EBFFFFF783FD08BD052923D8DFE801F00B
:102FC0001E1C0B03071A4068C0F30C007047C08832
:102FD000C0F30C0070470268C2F30D43042B14D9F0
:102FE000181F0C49096811F0007F11D012F0200F52
:102FF0000DD1704780687047806870470068C0F3E3
:10300000C30070474FF0FF307047002070471846EC
:10301000704700BF00800240436823F000434360D4
:10302000704700001C4B1A684FF0004111601A688D
:10303000536813F4804F12D0184B1B685BB1D968EA
:10304000154A11601A6812B1144B1A607047103398
:10305000124A13607047D2680F4B1A60704713F41E
:10306000004F0AD00E4BDA680B4B1A600B4B1B68F3
:103070008BB11A68094B1A607047094B1B68C3F380
:10308000840313441033044A1360044B1B6813B1C8
:103090001033024A1360704730210120282101209B
:1030A0000090024008B5124B1B681B68002B1DDB0B
:1030B00003F40342B2F5407F10D103F02102212A2C
:1030C00010D0C3F30D42101F0A49096811F0007FA8
:1030D0000DD013F0200F0AD0104608E0FFF7A2FF32
:1030E000012004E0FFF79EFF012000E0002008BD62
:1030F0003021012000800240084B00221A605A60F3
:103100009A60DA601A615A619A61DA611A625A62E7
:103110009A62DA621A635A639A637047EC2001205C
:1031200008B540F2194000F0A8FA40F2194000F04A
:10313000B1FAFFF7E1FF08BDF0B4026802F1A05256
:10314000D20013682B4C1C40036BC16A41EA430355
:10315000856A2B43456A43EA0523056A2B43C56903
:1031600043EA852385692B43456943EA05330569AD
:1031700043EA4533856843EA8533C66843EAC63384
:10318000466833432343466BB469776944EA0714BE
:10319000376944EA0724F76844EA0744B7683C43C0
:1031A00077683C4336683443082911D0012D12D08A
:1031B0006FF0704113600368DB0003F120435C6033
:1031C0000368DB0003F12043C3F80411F0BC70472F
:1031D00043F04003EAE7856BA9696E6941EA06118D
:1031E0002E6941EA0621EE6841EA06412D6829432D
:1031F000E0E700BF8100F7FF00F1A050C0000368C6
:1032000043F001030360704710B42C4BD3F8004C1B
:103210006FEA000C24EA0004C3F8004CD3F8044C15
:1032200024EA0004C3F8044CD3F8084C24EA000450
:10323000C3F8084CD3F80C4C24EA0004C3F80C4C37
:1032400041B101290CD11D49D1F8043C0343C1F817
:10325000043C05E01949D1F8003C0343C1F8003CA7
:10326000012A11D0022A1CD05AB9144BD3F8082CC9
:103270000243C3F8082CD3F80C2C0CEA0202C3F862
:103280000C2C5DF8044B70470C4AD2F8083C0CEA51
:103290000303C2F8083CD2F80C3C0343C2F80C3CD0
:1032A000EFE7064BD3F8082C0243C3F8082CD3F8F9
:1032B0000C2C0243C3F80C2CE3E700BF00300140A4
:1032C000034AD2F8003C0343C2F8003C704700BFF9
:1032D00000300140034AD2F8003C23EA0003C2F860
:1032E000003C704700300140014BC3F8140C70479C
:1032F00000300140F0B50568C6684FF0000C03E0EF
:103300000CF1010C1FFA8CFCBCF10F0F18D84FF018
:10331000010E0EFA0CFE1EEA030FF1D04FEA4C0428
:103320004FF0030E0EFA04FE25EA0E0501FA04F72B
:103330003D4326EA0E0E02FA04F444EA0E06DFE7E5
:103340000560C660F0BD10B5012906D0416821EACC
:10335000030141608468002105E041681943416030
:10336000F8E7013189B20F2913D84FF0010C0CFA9C
:1033700001FC1CEA030FF4D04FEA410C4FF0030E9E
:103380000EFA0CFE24EA0E0402FA0CFC4CEA0404C9
:10339000E7E7846010BD816170478162704703690F
:1033A0000B4201D0012070470020704730B5046AFD
:1033B000456A002301E001339BB2072B13D84FF07D
:1033C000010C0CFA03FC1CEA020FF4D04FEA830E46
:1033D0004FF00F0C0CFA0EFC24EA0C0401FA0EFE5E
:1033E0004EEA0404E7E7082301E001339BB20F2B08
:1033F00015D84FF0010C0CFA03FC1CEA020FF4D0B4
:10340000A3F1080C4FEA8C0C4FF00F0E0EFA0CFED5
:1034100025EA0E0501FA0CFC4CEA0505E5E7046215
:10342000456230BDC162704770B505460C46164610
:10343000022000F051F92C4BA3FB00239B0C2B4ADC
:10344000904219D21A46696821F03F011143696020
:1034500027498C4219D801333B2B0FD93C232B62CF
:103460006400B0FBF4F4032C00D80424EB69C4F32B
:103470000B042343EB6170BD3C22E4E7022B02D82E
:1034800002232B62ECE72B62EAE71A4B9C42F2D84C
:103490004FF4967302FB03F3174AA2FB03239B0925
:1034A00001332B62A6B904EB4404B0FBF4F0EB69E2
:1034B00023F48043EB61C0F30B030BB940F0010030
:1034C000EB6943F40043EB61EB690343EB61D2E743
:1034D00004EB840404EB8404B0FBF4F0EB6943F4E4
:1034E0008043EB61E7E700BF83DE1B430087930364
:1034F000A0860100801A0600D34D621010B4046843
:1035000024F0020C4CEA01010160C3F309031343E8
:1035100083605DF8044B7047036823F480630B43BA
:103520000360704712F1020F03D041F00101016105
:10353000704721F00101FAE7036843F001030360DB
:103540007047036843F4807303607047036843F473
:10355000007303607047016170478B091B5801F0CD
:103560001F01CB4013F0010F01D001207047002054
:10357000704740F2015399420CD04FEA911C5CF81D
:10358000003001F01F0101228A4023EA02034CF8B7
:1035900000307047436983697047000040F0BF60A6
:1035A00040F40030014BD860704700BF00ED00E0F0
:1035B00070B505460E461446274BDB6803F4E063FE
:1035C000B3F5E06F25D0244BDB6803F4E063B3F57B
:1035D000C06F38D0204BDB6803F4E063B3F5A06F15
:1035E00034D01D4BDB6803F4E063B3F5806F30D05B
:1035F000194BDB6803F4E063B3F5407F02D100238D
:10360000042208E04FF4A060FFF7C8FF02231A4627
:1036100001E004230022C2F104029640C3F1040336
:103620000F2222FA03F31C4034432401E4B20B4A74
:10363000531983F8004305F01F016D0901238B40E6
:1036400042F8253070BD03230122E4E702231A4625
:10365000E1E701230322DEE700ED00E000E100E006
:10366000830903F1804303F50E331A6800F01F004D
:10367000012181400A431A607047830903F18043A6
:1036800003F50E331A6800F01F00012181400A4340
:103690001A607047830903F1804303F50E331A68FB
:1036A00000F01F000121814022EA01021A607047E8
:1036B0006FF08073984206D0064AD2F88C380343E4
:1036C000C2F88C387047034AD2F88C380340C2F8ED
:1036D0008C3870470030024010B588B08446344CB6
:1036E00094E80F000DF1200E0EE90F0002AB10342C
:1036F00094E8030083E803006B4683E803002D4B46
:10370000D3F80838C3F38103012B44D0022B44D1F2
:10371000284AD2F8044804F03F04D2F80418C1F350
:103720008811D2F80438C3F3014301335B00D2F8A7
:10373000042812F4800F2CD01F48B0FBF4F001FBDA
:1037400000F0B0FBF3F01B49D1F80838C3F30313C2
:1037500020336B4413F8102C20FA02F2D1F8083809
:10376000C3F3822320336B4413F8183C22FA03F48A
:10377000D1F80838C3F3423320336B4413F8203CAC
:1037800022FA03F3BCF1030F09D8DFE80CF00B0AAF
:103790000D0F0A48D1E70848D5E70848D3E70020CD
:1037A00000E0104608B010BD2046FBE71846F9E7D8
:1037B00000AD01080030024000127A000024F4003D
:1037C00008B5264B984237D014D8A3F578439842D1
:1037D00029D003F5744398421CD0A3F5784398424E
:1037E00020D140F60E00FFF748FF40F60E00FFF72D
:1037F00051FF17E01A4B984227D003F58063984297
:1038000010D140F61510FFF738FF40F61510FFF7FE
:1038100041FF07E040F60C10FFF72FFF40F60C10B9
:10382000FFF738FF08BD40F60F00FFF726FF40F610
:103830000F00FFF72FFFF5E740F60D10FFF71DFF14
:1038400040F60D10FFF726FFECE740F61410FFF7E7
:1038500014FF40F61410FFF71DFFE3E700340140AA
:10386000005001400023036043608360C3604361F4
:10387000836103617047026802F441520B681A4386
:103880004B681A438B681A43CB681A430B691A4377
:103890004B691A438B6913430360C36923F40063C4
:1038A000C3617047036843F0400303607047436897
:1038B00043F0040343607047C1607047C06880B242
:1038C000704783680B4201D0012070470020704789
:1038D00001F003039B000F229A40D24398408908CD
:1038E000032932D8DFE801F0020E1A26174BD3F86D
:1038F00008180A40C3F80828D3F808280243C3F878
:1039000008287047114BD3F80C180A40C3F80C284C
:10391000D3F80C280243C3F80C2870470B4BD3F89C
:1039200010180A40C3F81028D3F810280243C3F82F
:1039300010287047054BD3F814180A40C3F8142810
:10394000D3F814280243C3F814287047003001400C
:10395000044AD2F8043823F400030343C2F80438BD
:10396000704700BF0030014008B55B4B984200F043
:10397000A9802DD8A3F5805398426DD014D9574B08
:10398000984272D003F58063984200F09280A3F5CC
:10399000006398424DD140F60400FFF76EFE40F6FA
:1039A0000400FFF777FE44E0A3F50063984241D09E
:1039B00003F58063984246D0B0F1804F39D14FF47F
:1039C0000060FFF75AFE4FF40060FFF763FE30E03F
:1039D000434B98425BD014D8A3F58043984220D043
:1039E00003F58063984249D0A3F56443984220D1FF
:1039F00040F60800FFF741FE40F60800FFF74AFED8
:103A000017E0384B98424BD003F58063984210D1B1
:103A100040F61210FFF731FE40F61210FFF73AFEA3
:103A200007E04FF41060FFF728FE4FF41060FFF737
:103A300031FE08BD40F60100FFF71FFE40F6010011
:103A4000FFF728FEF5E740F60200FFF716FE40F606
:103A50000200FFF71FFEECE740F60300FFF70DFE44
:103A600040F60300FFF716FEE3E740F60500FFF718
:103A700004FE40F60500FFF70DFEDAE740F6011000
:103A8000FFF7FBFD40F60110FFF704FED1E74FF40E
:103A90001160FFF7F2FD4FF41160FFF7FBFDC8E77F
:103AA00040F61110FFF7E9FD40F61110FFF7F2FDA7
:103AB000BFE740F60600FFF7E0FD40F60600FFF71F
:103AC000E9FDB6E740F60700FFF7D7FD40F607002F
:103AD000FFF7E0FDADE700BF001C00400014004010
:103AE00000400140004401400B888362204B984213
:103AF00012D0B0F1804F0FD0A3F57C4398420BD089
:103B000003F58063984207D003F58063984203D0A1
:103B100003F5784398420BD1036823F070030360E8
:103B200003684A881343036003688A881343036069
:103B30008B68C3620F4B98420ED003F580639842A6
:103B40000AD0036823F4407303600368CA881343F0
:103B50000360074B984207D0074B984204D0436953
:103B600043F00103436170470B7B0363F7E700BF3A
:103B7000000001400010004000040140036843F0D1
:103B8000010303607047036843F0800303607047DC
:103B9000012904D0436C23F4004343647047436C11
:103BA00043F4004343647047032900F2EE80DFE8EA
:103BB00011F0040041008400C600036A23F00103F1
:103BC0000362836923F003038361036A11880B4353
:103BD0000362036A23F002030362036A91880B43C2
:103BE00003626A4B984204D003F58063984240F028
:103BF000CC80036A23F004030362036A51880B43F9
:103C00000362036A23F008030362036AD1880B434B
:103C10000362436823F480734360436811890B4354
:103C20004360436823F4007343604368528913433D
:103C300043607047036A23F010030362836923F42F
:103C400040738361036A118843EA01130362036AC4
:103C500023F020030362036A918843EA011303629D
:103C60004A4B984204D003F58063984240F08D801F
:103C7000036A23F040030362036A518843EA011395
:103C80000362036A23F080030362036AD18843EA74
:103C900001130362436823F480634360436811891E
:103CA00043EA81034360436823F40063436043684D
:103CB000528943EA820343607047036A23F48073A6
:103CC0000362C36923F00303C361036A118843EAF3
:103CD00001230362036A23F400730362036A918879
:103CE00043EA01230362294B984203D003F5806322
:103CF00098424AD1036A23F480630362036A5188BD
:103D000043EA01230362036A23F400630362036A44
:103D1000D18843EA01230362436823F4805343605C
:103D20004368118943EA01134360436823F4005355
:103D300043604368528943EA021343607047036A51
:103D400023F480530362C36923F44073C361036A9D
:103D5000118843EA01330362036A23F400530362C8
:103D6000036A918843EA01330362084B984203D007
:103D700003F58063984208D1436823F4804343608D
:103D80004368128943EA8213436070470000014090
:103D9000032924D8DFE801F0020A131B836923F00A
:103DA000700383618369134383617047836923F4DC
:103DB000E0438361836943EA022383617047C369F7
:103DC00023F07003C361C3691343C3617047C369C0
:103DD00023F4E043C361C36943EA0223C36170472C
:103DE000032924D8DFE801F0020A131B836923F0BA
:103DF000080383618369134383617047836923F4F4
:103E000000638361836943EA022383617047C36966
:103E100023F00803C361C3691343C3617047C369D7
:103E200023F40063C361C36943EA0223C36170479B
:103E3000C3680B43C3607047C9430161704700000A
:103E400008B5334B98425AD021D8A3F53053984245
:103E50004CD010D8A3F50063984235D003F58063A9
:103E6000984230D140F61200FFF707FC40F61200EE
:103E7000FFF710FC27E0274B984224D140F61400AE
:103E8000FFF7FBFB40F61400FFF704FC1BE0224B9E
:103E9000984210D003F5806398421ED0A3F51843D2
:103EA000984210D140F61F00FFF7E7FB40F61F00D5
:103EB000FFF7F0FB07E040F60410FFF7DEFB40F6EB
:103EC0000410FFF7E7FB08BD40F61100FFF7D5FB34
:103ED00040F61100FFF7DEFBF5E740F60510FFF7AF
:103EE000CCFB40F60510FFF7D5FBECE740F61300DE
:103EF000FFF7C3FB40F61300FFF7CCFBE3E740F608
:103F00001E00FFF7BAFB40F61E00FFF7C3FBDAE71F
:103F100000780040005000400010014038B50446D1
:103F20000D462E4B98424DD01BD8A3F530539842E6
:103F300044D00DD8A3F5006398423BD003F58063CD
:103F4000984203D10220FFF7C7FB1EE000201CE0CF
:103F5000234B984203D10220FFF7BEFB15E000205F
:103F600013E0204B98420DD003F5806398421DD09A
:103F7000A3F51843984203D10220FFF7ADFB04E0FC
:103F8000002002E00320FFF7A7FBE36813F4004FD3
:103F90001CD06B0803EB4003B3FBF5F34FF6F07254
:103FA0001A40C3F342031343A36038BD0320FFF755
:103FB00093FBEAE70220FFF78FFBE6E70220FFF71B
:103FC0008BFBE2E70220FFF787FBDEE700EB550003
:103FD000B0FBF5F080B2A060E7E700BF00780040DA
:103FE0000050004000100140C36823F4C063C36068
:103FF000C3680B43C3607047C36823F48053C36036
:10400000C3680B43C3607047036923F440530361E3
:1040100003690B4303617047C36843F40053C360F3
:104020007047C36823F008030B43C3607047C3683D
:1040300023F004030B43C3607047C36823F40043B9
:10404000C360C3680B43C3607047D0F8803043F04F
:104050000103C0F880307047D0F8843003F07F430C
:10406000C0F88430D0F884300B43C0F884307047F7
:104070004068C0F308007047D0F8C03023F0020356
:10408000C0F8C030D0F8C03001F002010B43C0F8D6
:10409000C0307047436923F040030B4343617047CE
:1040A000436923F080030B43436170478B091B581E
:1040B00001F01F01CB4013F0010F01D00120704728
:1040C000002070474FEA911C5CF8003001F01F019E
:1040D00001228A4023EA02034CF8003070474FEA7D
:1040E000911C5CF8003001F01F0101228A4013434B
:1040F0004CF8003070474FEA911C5CF8003001F03A
:104100001F0101228A4023EA02034CF80030704765
:1041100008B50B88052B01D0032008BD43788178B2
:1041200041EA0321013101231A4689B2033000F02C
:10413000E3FD0028F1D000F0BBF9EEE70B88052B7A
:1041400022D910B50C464278837843EA0223013322
:1041500099B2C378027942EA032290F805C0531E4F
:104160009BB2772B12D85300DBB2634501D00320FA
:1041700010BD0123063000F0BFFD10B905232380D8
:10418000F6E700F095F9F3E7032070470320EFE727
:1041900038B50B88052B01D0032038BD02460C46EC
:1041A0004378817841EA0321013189B205796B1E98
:1041B0009BB27C2B01D90320EFE7002323804FF033
:1041C000030C00F802CBB4F800C00CF1010CA4F809
:1041D00000C04FEA450C82F801C0228801322280DB
:1041E0002A4600F089FD20B9238803EB450323808C
:1041F000D3E700F05DF9D0E7F8B50B88092B43D978
:1042000004460D464378817841EA032101318EB29C
:10421000C378077947EA03274379817941EA032183
:10422000013189B2C379027A42EA0322407A7B1EC5
:104230009BB27C2B2AD85AB3792A2BD8B0EB420FE9
:1042400001D0032021E0012304F10A0000F054FD15
:104250000346B0B928802046172200F8022B2A888E
:1042600001322A807A0062702A8801322A803A4616
:10427000314600F041FD20B92B8803EB47032B802A
:1042800003E000F015F900E00020F8BD0320FCE792
:104290000320FAE70320F8E730B583B005460C4663
:1042A000002201A9094B186801F0CBF8012802D0BF
:1042B000062003B030BD40F2C3320199681CEDF70F
:1042C000C3F94FF4717323800020F2E7E02001204E
:1042D00010B50C4606234370182204490230EDF74E
:1042E000B3F91A232380002010BD00BFC82001208D
:1042F0004278062A09D810B50C469200811C044861
:10430000EDF7A2F90020208010BD0320704700BF08
:10431000C82001204378817843B1062B08D8054A8C
:1043200082F8553A82F8561A0020704703207047E9
:1043300003207047701601202DE9F04782B0064631
:104340000F46DFF86CA0DAF80000ECF779FF0446BE
:10435000DFF86090D9F80000ECF772FF05464FF0E7
:104360000008CDF80080CDF80480D8F810200F495F
:104370006846EDF721FA2246DAF800103046EDF7EC
:1043800063F92A46D9F800103019EDF75DF9601984
:10439000082269463044EDF757F92C44A4B208349A
:1043A0003C80404602B0BDE8F08700BF08BB010872
:1043B0002012002098110020034600205870092286
:1043C0009A7003230B807047F8B504460E46857833
:1043D000437805EB0325ADB2284600F07BFDB8B16C
:1043E0000746C5F307236370A57007220146E01C4A
:1043F000EDF72AF9B868ECF723FF05460246B968DD
:1044000004F10A00EDF720F90A3535800020F8BDE7
:104410000220FCE72DE9F84F88468478437804EBC6
:104420000324A4B20579C37805EB0325ADB28679E0
:10443000437906EB0326B6B2077AC37907EB032765
:10444000BFB2204600F046FD8346284600F042FDFC
:104450008246304600F03EFD8146384600F03AFD87
:10446000B8F80030092B15D1BCB1C5B1CEB1D7B168
:10447000DBF800200D4BC3F8582ADAF80020C3F807
:104480005C2AD9F80020C3F8602A0268C3F8642ABD
:10449000002000E00220BDE8F88F0220FBE70220A8
:1044A000F9E70220F7E70220F5E700BF70160120C8
:1044B000012803D0072803D020B970470220704795
:1044C0000620704704207047024B00221A7001201A
:1044D000704700BFD84901200123034A1370034AE3
:1044E00010701846704700BFD8490120D9490120F3
:1044F0000346054A107830B1044A12781A70024B0C
:1045000000221A7001207047D8490120D9490120A2
:104510000120704708B5024B1B68984708BD00BFD3
:104520000456012038B5054608B94FF4FB75F6F777
:104530005FFB044638B12A460C49F6F723F820B150
:104540002046F6F7E5FB012038BDFF212046F6F7AF
:10455000D3F8054628B10649F6F748F9054B1D6022
:10456000F1E72046F6F7D4FBEDE700BF24BF0108D2
:10457000B9450108E8510120C8B110B50446F6F765
:10458000C7FB40B90A4B1B68A34208D0094B1B6804
:10459000A34208D010BD2046F6F720FAF2E7044BFC
:1045A00000221A60F2E7034B00221A60F2E770471C
:1045B000E4510120E851012038B5154632B90C46C6
:1045C0000C4B1B6823B10846FFF7D6FF284638BDC1
:1045D000084B196008492046F6F700F907492046BC
:1045E000F6F700F921462046F6F7F5F8044B0022CD
:1045F0001A80EBE7E4510120114601080546010845
:10460000DA49012018B108B5FFF7B6FF08BD7047B9
:1046100070B51D46A3B90E4614469AB1518930466D
:10462000F6F78CF8194B1B886289981840F606013A
:1046300088420BDD3046FFF79FFF2046F5F7E5FC8B
:10464000284670BD0846FFF797FFF9E761681048F4
:104650001844ECF7F9FF63890C4A11880B449BB2AC
:104660001380062BE9D90A4A1179527942EA0122CC
:10467000511D9942E1DA0632934203D03046FFF7EA
:104680007BFFDAE70120FFF727FFD6E7DA490120B1
:10469000DC49012008B5024B1868FFF76DFF08BD23
:1046A000E4510120044B0360044B1A880A80002265
:1046B0001A800120704700BFDC490120DA4901203F
:1046C00008B58446124B186800B30A46036F4FF6CC
:1046D000FE718B4202D89BB29A420ADC01236146EA
:1046E000F8F756FA60B90A4B1868F8F76DFE012022
:1046F00008BD084B084A4FF49A710848ECF70CFEC5
:10470000034B1868FFF738FF0020F1E70020EFE7C0
:10471000E451012018BB010878C6010844BB010818
:1047200000B5FF2296460AE010F8013B5340084AC4
:10473000D25C82EA0E02074911F803E061464B1E83
:104740001FFA83FC0029EFD142EA0E205DF804FB3A
:1047500090C7010890C6010810B508461446082203
:104760002146F4F761F8012801D0032010BDB4F50B
:10477000964F0AD864000748B0FBF4F080B2FFF708
:10478000C7FE012803D00320F0E72320F6E700202E
:10479000ECE700BFA07F170008B50021034B19709C
:1047A0000120F4F7EDF8FFF7B5FE08BDF455012040
:1047B00008B500210846F4F7E3F808BD0F4B1B8845
:1047C0009BB2032B01D80520704770B506460D46F5
:1047D00014460A4B198889B20948FFF7A1FF50B95E
:1047E000074A12F8013B3370044B1B889BB2033B12
:1047F00023802A6070BD0520FCE700BFEC5101203A
:10480000F4510120184B1B78DBB2012B01D005209D
:10481000704770B54E1E154B1E60154C0125258046
:1048200001F8010C238812FA83F39BB223802188BC
:1048300089B23046FFF774FF23889BB25A1992B2AF
:104840002280C2B20B49CA5423889BB25A1992B231
:104850002280C0F30720C854074B1D702946002052
:10486000F4F78EF8002070BDF4550120F0510120BE
:10487000EE510120F4510120F555012000B583B01F
:104880000DF10700F4F7CCF8174B1B78DBB2012BC6
:1048900012D0022B1FD1154B1B889BB2B3F5806F32
:1048A0001DD212490B889BB25A1C92B20A809DF805
:1048B00007100F4AD1540EE00C4A002313801388CE
:1048C0009BB2591C89B211809DF80710084AD15437
:1048D000054B02221A70002003B05DF804FB024B66
:1048E00003221A70F7E700BFF4550120EC510120B4
:1048F000F451012010B5184B1B7803F0FF041BB1D5
:10490000012C07D0002403E000210120F4F738F83F
:10491000204610BD114B1B889BB283B1104C2368FD
:10492000187840B2F4F770F82368013323600B4A1B
:1049300013889BB2013B9BB213800024E8E703205D
:10494000FFF7CAFD044600210120F4F719F8024BD5
:1049500000221A70DCE700BFF5550120EE5101205E
:10496000F051012008B50A4B1B782BB103F0FF0270
:10497000022A08D0002002E00020FFF7ADFD044B22
:1049800001221A7008BD0120FFF7A6FDF7E700BF5E
:10499000F455012008B5FFF7C5FD08B1002008BD9A
:1049A0000320FCE7704708B5FFF774FE08BD70B53B
:1049B00082B006460D4614460DF1020101A8FFF72C
:1049C00071FE80B1019B9978DA7852EA01220CD10C
:1049D00007332B60BDF80230073B2380FF23337081
:1049E000002002B070BD0520FBE70520F9E708B5FF
:1049F0000846D11D531C1B1200F8033C013200F87D
:104A0000022C89B20738FFF75BFE08B1002008BD11
:104A10000520FCE77047000038B50446084601F160
:104A2000FF3C5FFA8CFCBCF1F60F2DD811461A46FC
:104A3000184B18700CB1022527E0174B174D1D605D
:104A4000174B184D1D60184B184D1D60184B194D14
:104A50001D60194B00251D60184B194D1D60194B29
:104A6000194D1D60194B1A4D1D609DF81030FFF750
:104A700073FE054648B9FFF727FD40B1154B1C7082
:104A8000154B01221A7000E00225284638BD032587
:104A9000FBE700BF275601201C560120994701085B
:104AA00018560120B1470108205601200548010889
:104AB00014560120BD470108105601200C56012054
:104AC0007D48010808560120F548010804560120D8
:104AD00065490108265601201C12002010B5FFF779
:104AE00059FF044620B1114B01221A70204610BD17
:104AF000FFF7EAFCC0B10E4B0E4A1A600E4B0F4A8C
:104B00001A600F4B0F4A1A600F4B104A1A60104B75
:104B100000221A600F4BFF221A700F4B02221A70EC
:104B2000024B01221A70E1E70324DFE71C12002088
:104B30001C560120A549010818560120A749010863
:104B400014560120AF49010820560120EF49010801
:104B500010560120275601202656012008B5074B84
:104B60001B78012B01D0062008BD054B1B6813B133
:104B700098470020F8E70020F6E700BF1C1200204D
:104B80001056012008B5064B1B78012B01D00620DA
:104B900008BD044B1B6898470020014B1870F7E7CD
:104BA0001C1200201C56012010B5084B1C783CB983
:104BB000074B1B689847054B01221A70204610BD11
:104BC000012C01D00624F9E70024F7E71C1200208D
:104BD0001856012030B583B03C4B1C78002C6FD1A7
:104BE0003B4B1B884FF6FD72934202D80133384A83
:104BF00013800DF10700FFF77BFC012802D020464F
:104C000003B030BD9DF80730012B14D0022BF6D134
:104C1000304B18680178304B1970304B01221A70F4
:104C200000230F2B28DC2E4A12F8332022B39142A6
:104C30001AD00133F5E72B4B1B682B4A25492B482B
:104C4000984705460028DAD1284B1B78284A127865
:104C5000934201D0002B35D10220FFF73DFC1C4BC5
:104C600000221A802C46CAE71D4A02EBC3035B6888
:104C70001D499847194B18701C4B1B7823B3174BD1
:104C80001B789BB1184A00211180134909781148FB
:104C900005684FF0010CA2F800C041F080012970B6
:104CA0000068118801EB0C0515804354114B1B68FB
:104CB0000D4A1288074909680D48007898479EE711
:104CC00006249CE704469AE71C4698E71C1200203D
:104CD00024560120FC550120F7550120F6550120EE
:104CE0009C11002014560120F85501200056012087
:104CF00027560120205601202DE9F0410646144692
:104D00004D1E984623B1012B15D00020BDE8F0813F
:104D10007CB1A8B200F0DEF808B303681A88110A63
:104D2000334603F8021B72700135013CA4B21E46E3
:104D3000EEE74046EAE784B1A8B200F0CBF880B1D4
:104D4000374617F8021B727842EA012100F012F888
:104D50000135013CA4B23E46EDE70020D6E7012034
:104D6000D4E74046D2E70000014B1888704700BFE7
:104D70002456012008B590F82030002B00F0A480C4
:104D80004379012B00F2A2800279042A00F29E806E
:104D9000DFE802F0031F3C5B7A004D4B1980D0ED39
:104DA000057AFCEEE77A17EE903A9AB2D0ED067AE1
:104DB000FCEEE77A17EE903A9BB2994200D80B4688
:104DC000934200D31A4603691A80436A00689847E1
:104DD0007CE03F4B1980D0ED057AFDEEE77A17EEC7
:104DE000903A1AB2D0ED067AFDEEE77A17EE903AD5
:104DF0001BB209B2994200DC0B46934200DB1A4613
:104E000003691A80436A006898475FE0304A22F8D5
:104E10001310012B5AD1D0ED057AFCEEE77A17EE8C
:104E2000902AD0ED067AFCEEE77A17EE903A284900
:104E300009688B4200D30B46934200D31A4603699C
:104E40001A60436A0068984740E0214A22F813102C
:104E5000012B3BD1D0ED057AFDEEE77A17EE902AD3
:104E6000D0ED067AFDEEE77A17EE903A1849096818
:104E70008B4200DB0B46934200DB1A4603691A6043
:104E8000436A0068984721E0114A22F81310012B69
:104E90001CD190ED057AD0ED067AD2ED006AF4EEE1
:104EA000E67AF1EE10FA01D4F0EE667AF4EEC77A03
:104EB000F1EE10FA01D4B0EE677A036983ED007A5F
:104EC000436A0068984701E00368198008BD00BF85
:104ED0002856012001460023042B24D8134A40F60B
:104EE000280000FB0322B2F8240801F47F4290421C
:104EF00001D00133F0E710B440F628000B4A00FB64
:104F0000032CDCF820480023A34208D203EB8300E3
:104F10000CEBC00082898A4202D00133F4E7002002
:104F20005DF8044B70470020704700BF241200203A
:104F300000F1080343604FF0FF328260C3600361F9
:104F400000230360704700230361704743684B6090
:104F50009A688A6051609960086103680133036050
:104F6000704730B40D68B5F1FF3F11D000F1080370
:104F70001C465B681A68AA42FAD963684B6099605C
:104F80008C606160086103680133036030BC704766
:104F90000469F2E70369416882688A604168516088
:104FA0005A68824206D0002202611A68013A1A60E9
:104FB0001868704782685A60F5E70346406A18B17E
:104FC0001B6B1868C0F10700704710B5044601F06C
:104FD00031FDA26BE36B9A4204D0002401F04CFD3A
:104FE000204610BD0124F9E710B5044601F022FD6A
:104FF000A36B23B9012401F03FFD204610BD00241E
:10500000F9E770B504461546866B026C5AB9036819
:105010001BB100200136A66370BD806801F0ECF87A
:105020000023A360F6E76DB94068ECF70DFB6368F9
:10503000226C13446360A268934219D323686360AF
:105040002846E7E7C068ECF7FFFAE368226C5142B4
:105050009B1AE3602268934202D2A3680B44E36088
:10506000022D01D00020D5E726B1013E0020D1E776
:105070002846CFE70020CDE70346026C6AB110B5A1
:105080000846D9681144D9609C68A14201D31968C7
:10509000D960D968ECF7D8FA10BD704738B5054625
:1050A00001F0C8FC95F8454064B201E0013C64B2EF
:1050B000002C0ADD6B6A43B105F1240000F09CFF6F
:1050C0000028F3D001F02CF8F0E7FF2385F84530F5
:1050D00001F0D2FC01F0AEFC95F8444064B201E06E
:1050E000013C64B2002C0ADD2B6943B105F11000CC
:1050F00000F082FF0028F3D001F012F8F0E7FF2360
:1051000085F8443001F0B8FC38BD38B5E0B10D4643
:10511000044601F08FFC2368E26B216C01FB023036
:10512000A0600020A0636360013A02FB0133E360EA
:10513000FF2384F8443084F84530FDB9236963B90E
:1051400001F09AFC012038BD4FF4006383F311880D
:10515000BFF36F8FBFF34F8FFEE704F1100000F035
:105160004BFF0028ECD04FF0E0234FF08052C3F803
:10517000042DBFF34F8FBFF36F8FE1E704F11000F1
:10518000FFF7D6FE04F12400FFF7D2FED8E710B5F2
:10519000034602980C4631B90060C36304640121E0
:1051A000FFF7B3FF10BD0260F7E740B94FF40063AB
:1051B00083F31188BFF36F8FBFF34F8FFEE7F0B516
:1051C00083B00C461546064601FB00F0483001F05E
:1051D00053FB074638B100902B4600F148022146A8
:1051E0003046FFF7D4FF384603B0F0BDF0B585B0C8
:1051F000019288B10F461D460446B1B1022D20D15F
:10520000E36B012B1DD04FF4006383F31188BFF3D0
:105210006F8FBFF34F8FFEE74FF4006383F3118866
:10522000BFF36F8FBFF34F8FFEE7036C002BE5D00A
:105230004FF4006383F31188BFF36F8FBFF34F8F79
:10524000FEE700F073FF064658B9019B002B48D0DB
:105250004FF4006383F31188BFF36F8FBFF34F8F59
:10526000FEE700263DE02A4639462046FFF7C9FE04
:10527000636A7BB948B14FF0E0234FF08052C3F826
:10528000042DBFF34F8FBFF36F8F01F0F5FB0120AB
:1052900005B0F0BD04F1240000F0AEFE0028F4D00B
:1052A0004FF0E0234FF08052C3F8042DBFF34F8F2F
:1052B000BFF36F8FE9E701F0DFFB0020E8E702A80A
:1052C00000F0E0FE012619E0002384F8443021E0DC
:1052D000002384F8453023E02046FFF7DFFE00F08E
:1052E00069FD01F0A7FBA26BE36B9A42BBD3022DD1
:1052F000B9D0019B002BDED0002EE0D001F0BCFB2A
:1053000000F0BEFC01F096FB94F8442052B2B2F1DA
:10531000FF3FD9D094F8452052B2B2F1FF3FD7D029
:1053200001F0AAFB01A902A800F0B8FED8B92046F6
:10533000FFF74BFE0028CFD0019904F1100000F0D8
:1053400027FE2046FFF7AAFE00F034FD0028C8D152
:105350004FF0E0234FF08052C3F8042DBFF34F8F7E
:10536000BFF36F8FBDE72046FFF798FE00F022FDE8
:1053700000208DE72DE9F84390B10F4616461C46F4
:105380000546B1B1022C20D1EB6B012B1DD04FF49F
:10539000006383F31188BFF36F8FBFF34F8FFEE776
:1053A0004FF4006383F31188BFF36F8FBFF34F8F08
:1053B000FEE7036C002BE5D04FF4006383F3118804
:1053C000BFF36F8FBFF34F8FFEE701F059FCEFF390
:1053D00011884FF4006383F31188BFF36F8FBFF31D
:1053E0004F8FAA6BEB6B9A4206D3022C04D000209D
:1053F00088F31188BDE8F88395F845904FFA89F94C
:10540000AB6B224639462846FFF7FBFDB9F1FF3F5B
:1054100006D009F101035BB285F845300120E7E7CA
:105420006B6A0BB90120E3E705F1240000F0E4FD0D
:1054300018B126B101203060DAE70120D8E7012059
:10544000D6E7F0B585B0019290B10F460446C1B1E0
:1054500000F06CFE064600BB019B002B5ED04FF4B3
:10546000006383F31188BFF36F8FBFF34F8FFEE7A5
:105470004FF4006383F31188BFF36F8FBFF34F8F37
:10548000FEE7036C002BE3D04FF4006383F3118835
:10549000BFF36F8FBFF34F8FFEE700263EE0394624
:1054A0002046FFF7E9FD013DA563236923B901F01B
:1054B000E3FA012005B0F0BD04F1100000F09CFDFE
:1054C0000028F4D04FF0E0234FF08052C3F8042DB1
:1054D000BFF34F8FBFF36F8FE9E701F0CDFA0020E4
:1054E000E8E702A800F0CEFD012621E0002384F8C1
:1054F000443029E0002384F845302BE02046FFF7B4
:10550000CDFD00F057FC09E02046FFF7C7FD00F095
:1055100051FC2046FFF768FD00283FD101F08AFAD0
:10552000A56B002DBBD1019B002BD6D0002ED8D06F
:1055300001F0A2FA00F0A4FB01F07CFA94F84430E8
:105540005BB2B3F1FF3FD1D094F845305BB2B3F119
:10555000FF3FCFD001F090FA01A902A800F09EFD14
:105560000028D1D12046FFF73FFD0028C6D0019981
:1055700004F1240000F00CFD2046FFF78FFD00F041
:1055800019FC0028CAD14FF0E0234FF08052C3F835
:10559000042DBFF34F8FBFF36F8FBFE7002089E764
:1055A00070B584B0019158B10446036C8BB14FF4CF
:1055B000006383F31188BFF36F8FBFF34F8FFEE754
:1055C0004FF4006383F31188BFF36F8FBFF34F8FE6
:1055D000FEE700F0ABFD054650B9019B5BB14FF40F
:1055E000006383F31188BFF36F8FBFF34F8FFEE724
:1055F0000026354655E0064653E0013BA363236889
:105600003BB123694BB901F037FA0126304604B0AB
:1056100070BD00F0A3FEA060F3E704F1100000F0FD
:10562000EBFC0028EFD04FF0E0234FF08052C3F89E
:10563000042DBFF34F8FBFF36F8FE4E746B14FF4F4
:10564000006383F31188BFF36F8FBFF34F8FFEE7C3
:1056500001F012FADAE702A800F014FD01252AE0B1
:10566000002384F8443032E0002384F8453034E0ED
:1056700001F0E0F9A06800F069FD064601F0FCF9D0
:105680003BE02046FFF70AFD00F094FB09E02046CE
:10569000FFF704FD00F08EFB2046FFF7A5FC002875
:1056A00042D101F0C7F9A36B002BA6D1019B002BBF
:1056B000C4D0002DCFD001F0DFF900F0E1FA01F005
:1056C000B9F994F844305BB2B3F1FF3FC8D094F815
:1056D00045305BB2B3F1FF3FC6D001F0CDF901A96F
:1056E00002A800F0DBFC0028D1D12046FFF77CFCAB
:1056F0000028C6D02368002BBAD0019904F12400F9
:1057000000F046FC2046FFF7C9FC00F053FB0028E0
:10571000C7D14FF0E0234FF08052C3F8042DBFF300
:105720004F8FBFF36F8FBCE70EB900266EE701F015
:1057300081F92046FFF741FC0146A06800F0B4FD66
:1057400001F09AF9F1E700000023072B0CD8074A73
:1057500052F833200AB10133F7E7044A42F8331014
:1057600002EBC30250607047704700BF2C56012007
:1057700070B504460D46164601F05CF994F84430C5
:105780005BB2B3F1FF3F0DD094F845305BB2B3F19B
:10579000FF3F0BD001F070F9A36B5BB12046FFF720
:1057A0007DFC70BD002384F84430EDE7002384F8CD
:1057B0004530EFE73246294604F1240000F000FCB2
:1057C000ECE70000084B1B681B6823B9074B4FF040
:1057D000FF321A607047044B1B68DB68DB685A684D
:1057E000024B1A60704700BFDC560120745601203E
:1057F00010B50446006B01F091F8204601F08EF8D8
:1058000010BD2DE9F04707469846089DDDF8249025
:105810000A9C266B02F18042013A06EB820626F0D2
:105820000706C1B308464FF0000CBCF10F0F09D8B2
:1058300010F90C2004EB0C0383F8342012B10CF1A6
:10584000010CF2E7002384F84330062D00D9062529
:10585000E56265644FF0000AC4F848A0201DFFF718
:1058600072FB04F11800FFF76EFB2461C5F1070518
:10587000A5616462C4F84CA084F850A04246394641
:10588000304601F0A9F82060B9F1000F01D0C9F845
:105890000040BDE8F087002384F83430D5E70000ED
:1058A00038B5002407E004EB840293000E48184446
:1058B000FFF73EFB0134062CF5D90C4D2846FFF7C7
:1058C00037FB0B4C2046FFF733FB0A48FFF730FB52
:1058D0000948FFF72DFB0948FFF72AFB084B1D601D
:1058E000084B1C6038BD00BF08570120F45601204A
:1058F000E0560120C4560120B056012098560120E0
:10590000DC560120D856012010B5044601F092F86B
:10591000214A136801331360204B1B685BB1204B95
:105920001B686BB91D4B1B68DA6AE36A9A4207D899
:105930001A4B1C6004E0194B1C601368012B28D023
:10594000184A136801331360E06A01238340164A42
:1059500011680B43136000EB8000211D134B03EB18
:105960008000FFF7F3FA01F087F80D4B1B687BB15D
:105970000A4B1B68DA6AE36A9A4209D24FF0E023C5
:105980004FF08052C3F8042DBFF34F8FBFF36F8FDA
:1059900010BDFFF785FFD3E79456012094570120EF
:1059A00088560120785601208C5601200857012086
:1059B0000F4B1B68D3B110B501F03CF80D4BDB6801
:1059C000DC68201DFFF7E6FA0B4A1368013B136001
:1059D000074A1368013B136001F04EF82046FFF7B9
:1059E00007FF034B1B68002BE6D110BD704700BFBB
:1059F000AC560120B05601209456012008B5FFF79F
:105A0000D7FF074B1B68012BF9D94FF0E0234FF06C
:105A10008052C3F8042DBFF34F8FBFF36F8FEEE7B3
:105A20000857012070B504460D461D4B1E681D4BDE
:105A300018680430FFF7AEFA48B91A4B1B68DB6AE6
:105A400001229A4018490B6823EA02030B60B4F163
:105A5000FF3F0DD03444134B1B685C60A64210D945
:105A6000124B18680F4B19680431FFF77AFA70BDB2
:105A7000002DEFD00B4B196804310D48FFF766FA83
:105A8000F5E70C4B1868074B19680431FFF769FA02
:105A9000094B1B68A342EAD9074B1C60E7E700BF2C
:105AA00090560120945701208C560120D856012091
:105AB00098560120DC560120745601202DE9F04350
:105AC00085B007460E4614461D46900000F0D4FEF1
:105AD000F8B18146542000F0CFFE804698B1C0F85E
:105AE00030900023039302900D9B01930C9B009335
:105AF0002B46224631463846FFF783FE4046FFF7E5
:105B000003FF012007E0484600F008FF4FF0FF3098
:105B100001E04FF0FF3005B0BDE8F08338B5044632
:105B200000F088FF002C34D0251D2846FFF732FAFC
:105B300070B9E26A02EB82039B002749CB583BB95C
:105B4000012303FA02F225490B6823EA02030B60E2
:105B5000A36A1BB104F11800FFF71CFA204A13686E
:105B6000013313601F4B1B68A34215D01E4A1368F4
:105B7000013B13602046FFF73BFEFFF723FE00F0DA
:105B80007BFF1A4B1B681BB1164B1B68A3420CD042
:105B900038BD144B1C68C7E729461548FFF7D6F9EE
:105BA000144A136801331360E9E7134B1B6843B1D0
:105BB0004FF4006383F31188BFF36F8FBFF34F8FF0
:105BC000FEE74FF0E0234FF08052C3F8042DBFF3FF
:105BD0004F8FBFF36F8FDBE7085701208C560120F2
:105BE00078560120945701209456012088560120B0
:105BF000B0560120AC5601206C56012000B583B090
:105C0000194B0193002300934FF480621749184801
:105C1000FFF754FF012805D0B0F1FF3F1BD003B0C0
:105C20005DF804FB00F030FC0128F5D14FF400636F
:105C300083F31188BFF36F8FBFF34F8F0D4B4FF07E
:105C4000FF321A600C4B01221A600C4B00221A60C2
:105C500000F08AFFE3E74FF4006383F31188BFF39A
:105C60006F8FBFF34F8FFEE7705601201CBD0108F8
:105C7000FD590108745601208856012090560120D4
:105C8000024A136801331360704700BF6C5601204D
:105C9000014B1868704700BF90560120F8B53A4B89
:105CA0001B68002B69D1394B1D6801351D60C5B9D2
:105CB000374B1B681B6843B14FF4006383F31188B3
:105CC000BFF36F8FBFF34F8FFEE7314A1168314B3F
:105CD000186810601960304A136801331360FFF7C9
:105CE00071FD2E4B1B68AB423DD900272C4B1B6826
:105CF000DB6A03EB83039A002A4B9B58012B00D9E4
:105D00000127294B1B68002B3CD001273AE00127D3
:105D10001F4B1B681B6843B31D4B1B68DB68DC68AB
:105D200063689D4226D3261D3046FFF733F9A36AE8
:105D30001BB104F11800FFF72DF9E36A01229A4024
:105D40001A49086802430A6003EB83039A0031464C
:105D500014481044FFF7FAF8E26A114B1B68DB6A3B
:105D60009A42D4D2D4E70027D2E70C4B4FF0FF324F
:105D70001A60BBE7094A1360B8E70D4A136801339C
:105D8000136000273846F8BD6C560120905601205C
:105D9000DC560120D85601207C5601207456012083
:105DA0009457012008570120805601208C5601206D
:105DB0008456012038B5354B1B6843B94FF4006356
:105DC00083F31188BFF36F8FBFF34F8FFEE700F0AF
:105DD00031FE2E4B1A68013A1A601B68002B4FD116
:105DE0002B4B1B680BB900244BE00024294B1B688C
:105DF0001BB3284BDB68DC6804F11800FFF7CAF816
:105E0000251D2846FFF7C6F8E06A01238340224A91
:105E100011680B43136000EB800029461F4B03EB16
:105E20008000FFF793F8E26A1D4B1B68DB6A9A4219
:105E3000DCD31C4B01221A60D8E70CB1FFF7C2FC7F
:105E4000194B1C6884B9174B1C68D4B14FF0E02380
:105E50004FF08052C3F8042DBFF34F8FBFF36F8F05
:105E600001240EE0013C07D0FFF718FF0028F9D00D
:105E70000C4B01221A60F5E70B4B00221A60E2E797
:105E8000002400F0F9FD204638BD00BF6C5601200B
:105E900094560120C45601208C5601200857012039
:105EA00094570120805601208456012010B5A8B1D6
:105EB0000446104B1B6843B14FF4006383F3118811
:105EC000BFF36F8FBFF34F8FFEE7FFF7D9FE0021BF
:105ED0002046FFF7A7FDFFF76DFF48B94FF0E0231D
:105EE0004FF08052C3F8042DBFF34F8FBFF36F8F75
:105EF00010BD00BF6C560120204B1B681BB1204B0E
:105F000001221A6070471E4B00221A601D4B1B684D
:105F1000B3FA83F3DBB2C3F11F0303EB83018A00FF
:105F200019498A5842B94FF4006383F31188BFF3CB
:105F30006F8FBFF34F8FFEE7134803EB83018A0097
:105F4000024451684968516003EB830C4FEA8C02AC
:105F500008320244914209D003EB83039A000A4BB2
:105F600013445B68DA68094B1A60704748686246F8
:105F70009100054A0A445060EEE700BF6C560120CC
:105F8000805601208C56012008570120945701208B
:105F900058B110B50C46094A11681831FEF7E1FFF7
:105FA00001212046FFF73EFD10BD4FF4006383F34F
:105FB0001188BFF36F8FBFF34F8FFEE79457012017
:105FC00038B570B10D4614460A4A11681831FEF70B
:105FD000BDFF0CB14FF0FF3521462846FFF722FDEB
:105FE00038BD4FF4006383F31188BFF36F8FBFF3A5
:105FF0004F8FFEE79457012038B5C368DC6824B39F
:1060000004F118052846FEF7C5FF184B1B682BBB8B
:10601000251D2846FEF7BEFFE06A01238340144A8F
:1060200011680B43136000EB80002946114B03EB12
:106030008000FEF78BFFE26A0F4B1B68DB6A9A4217
:1060400011D901200D4B186038BD4FF4006383F364
:106050001188BFF36F8FBFF34F8FFEE729460848C3
:10606000FEF774FFE7E70020EEE700BF6C56012063
:106070008C5601200857012094570120805601209A
:10608000C4560120034B1B680360034B1B6843602D
:10609000704700BF7C56012090560120F8B5C8B16A
:1060A0000C460546F9B100F0C5FC1B4B19686B683E
:1060B000C81A2268B2F1FF3F26D0184E36682F6802
:1060C000B74201D08B4224D9824215D800232360E5
:1060D00001241AE04FF4006383F31188BFF36F8F3C
:1060E000BFF34F8FFEE74FF4006383F31188BFF3D4
:1060F0006F8FBFF34F8FFEE75B1A13442360284670
:10610000FFF7C0FF002400E0002400F0B5FC2046AB
:10611000F8BD0124F9E700BF905601207C5601200C
:10612000014B01221A60704780560120054B1B6805
:1061300033B1054B1B680BB100207047022070473C
:1061400001207047885601206C560120002848D055
:1061500038B50446C36A254A1268D26A934238D2D7
:106160008269002A05DB214A1268D26AC2F107025D
:106170008261616903EB83031D4A02EB8303994249
:1061800005D01A4B1B68DB6AE362012038BD251D70
:106190002846FEF7FFFE38B9E36A01229A40154906
:1061A0000B6823EA02030B60104B1B68D86AE0629D
:1061B000012404FA00F30F4A11680B43136000EB4B
:1061C000800029460A4B03EB8000FEF7BFFE204605
:1061D000DCE7426C054B1B68DB6A9A4203D3002064
:1061E000D4E7002070470120D0E700BF945701207A
:1061F000085701208C56012000284BD038B50446A2
:10620000264B1B68834208D04FF4006383F3118848
:10621000BFF36F8FBFF34F8FFEE7836C43B94FF42B
:10622000006383F31188BFF36F8FBFF34F8FFEE7D7
:10623000013B8364C16A426C91422DD00BB10020B6
:1062400038BD051D2846FEF7A5FE68B9E36A03EBD5
:106250008302920012498A5832B901229A401149A8
:106260000B6823EA02030B60606CE062C0F1070375
:10627000A361012404FA00F30A4A11680B43136076
:1062800000EB80002946064B03EB8000FEF75EFE24
:106290002046D5E7002070470020D1E79457012021
:1062A000085701208C56012000284FD038B50446ED
:1062B000836C43B94FF4006383F31188BFF36F8F8E
:1062C000BFF34F8FFEE7426C8A4200D20A46E16A72
:1062D000914201D0012B00D038BD1D4B1B68A34259
:1062E0002BD0E262A369002B02DBC2F10702A2619C
:1062F000626901EB8101174B03EB81039A42EBD1F9
:10630000251D2846FEF746FE38B9E36A01229A4069
:1063100011490B6823EA02030B60E06A0123834002
:106320000D4A11680B43136000EB80002946094BAE
:1063300003EB8000FEF70AFECEE74FF4006383F321
:106340001188BFF36F8FBFF34F8FFEE7704700BF19
:1063500094570120085701208C560120054B1B68DB
:1063600023B1044B1A68936C01339364014B186892
:10637000704700BF94570120064B1A6813682BB969
:106380000123036023B9D368186870470023F8E736
:1063900000207047A857012008B541600061914274
:1063A0000CD8D21A83699A4201D3012008BD011D7D
:1063B000094B1868FEF7D5FD0020F7E79A4201D295
:1063C000994206D2011D054B1868FEF7CAFD002050
:1063D000ECE70120EAE700BFA4570120A8570120FD
:1063E00038B500F027FB0F4B1B6813B100F044FBDE
:1063F00038BD0D4D2846FEF79BFD0C4C2046FEF7A0
:1064000097FD0B4B1D600B4B1C6000220C210A20DA
:10641000FEF7CBFE034B18600028E7D00649FFF7D4
:1064200093F9E3E7A0570120C0570120AC570120A2
:10643000A8570120A457012024BD01082DE9F041EF
:10644000079F41B94FF4006383F31188BFF36F8F47
:10645000BFF34F8FFEE7064614461D4688468FB1B0
:10646000FFF7BEFF3E60C7F81880FD61069B3B62E8
:10647000381DFEF768FD2CB197F8243043F0040373
:1064800087F82430BDE8F08100B583B0FFF7A8FF9E
:106490000D4B1B685BB10D4B01930223009300234E
:1064A0004FF400620A490B48FFF708FB40B94FF46C
:1064B000006383F31188BFF36F8FBFF34F8FFEE745
:1064C00003B05DF804FB00BFA05701209C570120DA
:1064D0002CBD0108016801082DE9F04182B0044695
:1064E000884617461D46282000F0C6F9064658B1D2
:1064F000002380F824300190089B00932B463A46F5
:1065000041462046FFF79AFF304602B0BDE8F081D1
:10651000B8B19C4603461848006858B300B585B02A
:1065200001910292039305291CDCFFF7FFFD02286D
:1065300010D000231A4601A90F480068FEF756FE46
:1065400015E04FF4006383F31188BFF36F8FBFF33F
:106550004F8FFEE70023069A01A907480068FEF75F
:1065600045FE04E00023624601A9FEF703FF05B0E3
:106570005DF804FB00207047A057012070B582B081
:106580001B4B1B681A6862B3DB681E68DC68251D3C
:106590002846FEF7FFFC236A2046984794F82430EB
:1065A00013F0040FECD0A36933449E4207D263601A
:1065B000246129460E4B1868FEF7D3FCE0E7002162
:1065C00000910B4632462046FFF7A2FF0028D7D1A4
:1065D0004FF4006383F31188BFF36F8FBFF34F8FC6
:1065E000FEE7044A106802490860136002B070BDFB
:1065F000A8570120A457012038B50546FFF748FBEE
:106600000446074B1B68834205D800232B60044BCC
:106610001C60204638BDFFF7B1FF01232B60F6E771
:106620009857012070B582B006460D461749096893
:10663000C968CC68201DFEF7ADFC94F824C01CF09E
:10664000040F08D12CF0010C84F824C0236A2046E2
:10665000984702B070BDA16933462A4631442046AE
:10666000FFF79AFE0028F1D0002100910B46324638
:106670002046FFF74DFF0028E8D14FF4006383F375
:106680001188BFF36F8FBFF34F8FFEE7A85701202C
:1066900070B582B006460C46FFF7F2FA01A8FFF784
:1066A000ABFF019B33BB0546E4B9B04213D222468F
:1066B000711B124B1868FFF75BF8FFF77BFBD8B92B
:1066C0004FF0E0234FF08052C3F8042DBFF34F8FFB
:1066D000BFF36F8F10E0FFF76DFB29463046FFF7E1
:1066E000A1FF09E0064A126812680AB90124DEE730
:1066F0001C46DCE7FFF75EFB02B070BDA05701202F
:10670000A457012010B586B0002203A93B4B18689E
:10671000FEF797FE00286ED0039B002BF4DB059C50
:10672000636913B1201DFEF735FC02A8FFF764FF73
:10673000039B092BE8D8DFE803F005050530375047
:106740000505303794F8243043F0010384F82430F1
:10675000049BA169024619442046FFF71DFE00284C
:10676000D2D0236A2046984794F8243013F0040FBF
:10677000CAD0A269002100910B4604980244204629
:10678000FFF7C6FE0028BFD14FF4006383F31188E2
:10679000BFF36F8FBFF34F8FFEE794F8243023F0E1
:1067A000010384F82430AFE794F8243043F0010368
:1067B00084F824300499A16131B1034602460144B2
:1067C0002046FFF7E9FD9FE74FF4006383F311884C
:1067D000BFF36F8FBFF34F8FFEE794F8243013F0B1
:1067E000020F04D023F0010384F824308CE7204604
:1067F00000F094F888E706B010BD00BFA057012054
:1068000000B583B001A8FFF7B7FD0199FFF740FF7E
:10681000FFF778FFF6E768B110B5044600F00AF913
:1068200094F8243013F0010F0DD1002400F024F966
:10683000204610BD4FF4006383F31188BFF36F8FC0
:10684000BFF34F8FFEE70124F0E70000064B23F073
:106850000703064A136000205060054A054951604D
:10686000106059601A607047F0570120E05701200E
:10687000D8570120F88F010070B50446FFF700FAE1
:10688000214B1B6873B134B1083414F0070F02D0E8
:1068900024F007040834621E1C4B9A4230D81C496D
:1068A0000B6807E0FFF7D2FF174B01221A60EAE7F7
:1068B000194613465A68A24202D21A68002AF7D132
:1068C000144A93421ED00D6808351A680A605A6847
:1068D000121B102A0BD91E1972605C6074680C4A76
:1068E000104612685168A142FAD3326006605968B6
:1068F000094A13685B1A1360FFF75CFA284670BDFB
:106900000025F9E70025F7E7D4570120F68F0100AD
:10691000E0570120D8570120EC3A0020C8B138B523
:106920000446A0F10805FFF7ABF954F8040C094B35
:1069300019461B685A688242FAD344F8083C0D6035
:1069400054F8041C044A13680B441360FFF732FA2E
:1069500038BD7047E0570120EC3A002082B0002398
:1069600001930D4B1B68B3F1FF3F08D04FF4006358
:1069700083F31188BFF36F8FBFF34F8FFEE74FF4A0
:10698000006383F31188BFF36F8FBFF34F8F019BB9
:10699000002BFCD002B07047F03A00200848006895
:1069A000006880F308884FF0000080F3148862B616
:1069B00061B6BFF34F8FBFF36F8F00DF00BF0000E2
:1069C00008ED00E0DFF80C00016841F4700101609F
:1069D0007047000088ED00E04FF0807340F8043C01
:1069E00021F0010140F8081C054B40F80C3C40F830
:1069F000202C6FF0020340F8243C4438704700BF5D
:106A00005D690108000000000000000000000000B7
:106A1000074B19680868B0E8F04F80F30988BFF3A6
:106A20006F8F4FF0000080F311887047AFF3008044
:106A3000945701204FF4006383F31188BFF36F8FE5
:106A4000BFF34F8F0B4A136801331360012B00D043
:106A500070474FF0E023D3F8043D13F0FF0FF7D059
:106A60004FF4006383F31188BFF36F8FBFF34F8F31
:106A7000FEE700BFF03A0020094B1B6843B94FF412
:106A8000006383F31188BFF36F8FBFF34F8FFEE76F
:106A9000013B034A13600BB983F31188704700BFB1
:106AA000F03A00200000000000000000000000009C
:106AB000EFF30980BFF36F8F154B1A681EF0100FAC
:106AC00008BF20ED108A20E9F04F10602DE9090081
:106AD0004FF4006080F31188BFF34F8FBFF36F8FC7
:106AE000FFF70AFA4FF0000080F3118809BC19681B
:106AF0000868B0E8F04F1EF0100F08BFB0EC108A25
:106B000080F30988BFF36F8F704700BFAFF3008039
:106B10009457012008B54FF4006383F31188BFF345
:106B20006F8FBFF34F8FFFF7B9F828B14FF0E02315
:106B30004FF08052C3F8042D002383F3118808BD61
:106B40004FF0E022002313619361054B1B68054958
:106B5000A1FB03139B09013B53610723136170479A
:106B600094110020D34D62104FF0E023D3F8002D94
:106B70003D4B9A421BD04FF0E023D3F8002D3B4B06
:106B80009A421DD030B583B0394B1A78D2B20192F7
:106B9000FF221A701B78DBB28DF803309DF80330AA
:106BA000344B00221A70344B07221A601BE04FF45A
:106BB000006383F31188BFF36F8FBFF34F8FFEE73E
:106BC0004FF4006383F31188BFF36F8FBFF34F8FD0
:106BD000FEE7294A1368013B13609DF803305B0010
:106BE000DBB28DF803309DF8033013F0800FF0D145
:106BF000214B1B68032B08D04FF4006383F31188EB
:106C0000BFF36F8FBFF34F8FFEE71B021A4A13606B
:106C100003F4E0631360019BDBB2154A13704FF07D
:106C2000E024D4F8203D43F47003C4F8203DD4F8A8
:106C3000203D43F07043C4F8203DFFF781FF00255D
:106C40000E4B1D60FFF7BEFED4F8343F43F04043C7
:106C5000C4F8343FFFF7A2FEFFF74EF9FFF77EFEC0
:106C6000284603B030BD00BF71C20F4170C20F4152
:106C700000E400E0ECE70220E8E70220F03A002020
:106C8000EFF305830F2B0FD9114A9B5CDBB2114A3E
:106C900012789A4208D94FF4006383F31188BFF346
:106CA0006F8FBFF34F8FFEE74FF0E023D3F80C3D1B
:106CB00003F4E063084A1268934208D94FF4006372
:106CC00083F31188BFF36F8FBFF34F8FFEE77047D9
:106CD000F0E300E0ECE70220E8E702207047002044
:106CE0007047002070470020704700207047002048
:106CF00070470020704700002DE9F04F83B00090EE
:106D000001914FF00008464614E0D5F81890601C39
:106D10002946C0B202F0B0FBC0F3CF0019F8003032
:106D200033449EB20134A4B2BC42EED308F1010850
:106D30001FFA88F8294B1B8843450BD9274B03EBD7
:106D40004803588802F01AFA0546C0B183691F88C3
:106D50000024E9E74FF0000BF51DC5F3CF08BBF1A8
:106D6000000F34D00027FB1DC3F3CF03009A13801C
:106D7000019BA3F80080584603B0BDE8F08F0026C1
:106D80004FF0250BE8E7B569601C3146C0B202F050
:106D900073FBC0F3CF002B5C3B449FB20134A4B221
:106DA0004C45F0D30AF1010A1FFA8AFA0C4B1B88F2
:106DB0005345D8D90A4B03EB4A03588802F0DEF951
:106DC000064638B18369B3F800905C46E8E7DA46D6
:106DD0005F46EBE75F464FF0240BC4E72C3B0020F7
:106DE000283B0020002305E0044A32F8132020F855
:106DF000022B0133112BF7D9704700BF043B002051
:106E00000388428803EB0243014A5360704700BF86
:106E1000F83A0020034B1A68034B5A60034A526841
:106E20005A627047F43A0020003B0020F83A0020F4
:106E3000014B1868704700BFF0E70220002831D0EE
:106E400010B40446194B1B6863B11A8901898A4240
:106E50000ED82BB31A89914226D013D35A68D2B1D7
:106E60001346F6E7114B186000206060206006E0D2
:106E7000002020600D4B1A68626014601C605DF891
:106E8000044B70471A68226063601A6802B154604C
:106E90001C600020F3E75C60236000206060EEE788
:106EA0000120ECE7012070470120E8E7F0E702202D
:106EB0000D4B1B6803E00C4B1A6070475B688BB18D
:106EC0001A898242FAD119685A6801B14A6002B13E
:106ED00011600021196059601989034B1B681B89D7
:106EE0009942E8D0704700BFF0E7022010B5064B8A
:106EF0001C6803E020896468FFF7DAFF002CF9D1F1
:106F0000014B00221A6010BDF0E7022010B50446C4
:106F1000002100E0283422894FF6FF739A4205D001
:106F20002046FFF78BFF01460028F3D0084610BD2E
:106F300008B5064B00221A600548FFF7E7FF00B1CD
:106F400008BD0448FFF7E2FFFAE700BFF0E70220C0
:106F5000603B0020583D002008B51D4A4FF0200C32
:106F6000A2F800C0002353805360936044F21F00D6
:106F700090811849116153619383136282F8403004
:106F8000154AA2F800C0538053609360908111614C
:106F900053619383136282F84030104A1370FFF7F5
:106FA000C7FF88B900230E4A13700E4A13700E4AA9
:106FB00013800E4A13700E4A13600E4A13600E4A75
:106FC00013600E4A136008BDFFF790FFEAE700BFA9
:106FD000ACEB022020A1070068EB0220F2EB0220BC
:106FE0003CEC02203BEC022038EC02203AEC022080
:106FF00034EC022030EC02202CEC022018EC0220B1
:1070000010B582B0224B1C68002C29D0214B1B7874
:107010000093214B1B68214A1268214909782148B5
:107020000088A0470446FF281AD01F4B1B78022B6C
:1070300023D017D8012B04D100221146204603F09B
:1070400053FC0023184A1370164A1380144A137015
:10705000124A1360104A13600E4A13700C4A1360F0
:1070600002B010BD033BDBB2012BEAD80A4B1A6811
:107070000A4B196803F038FCE3E70C4B186800284A
:10708000DAD0EAF7D9FA094B00221A60D4E700BF38
:107090002CEC02203BEC022030EC022034EC0220ED
:1070A0003AEC022038EC02203CEC022018EC0220E2
:1070B00010B5074C2046FFF795FE064B1888064B87
:1070C0001A88214600F1D840EAF7BEFA10BD00BF89
:1070D000F8E70220A2E80220B0E8022010B5074B32
:1070E0001988074C074B1A8801F1D8412046EAF766
:1070F000ABFA2046FFF784FE10BD00BFA4E80220D3
:107100003CE80220AEE8022008B50A4B5B681BB9D8
:10711000094A138801331380084B1B783BB1084B95
:10712000B3F90030002B02DD013B054A138001F06A
:1071300003FB08BDACEB022088E80220B4E8022083
:10714000D4E802201F4B1B7853B91F4B1B783BB16F
:107150001E4B9B8B012B04D01D4B1B78012B13D096
:1071600070471A4A0023536093831A4A53609383EB
:10717000194A1380164B01221A704FF08043D3F83E
:107180002424164B1A60704710B44FF08043D3F894
:10719000243411490888114A14681B1B42F21074E8
:1071A00004FB03F30E4C04FB00330848436009481A
:1071B000436000230B801360054A13705DF8044B95
:1071C000704700BFD6E80220BAE80220ACEB0220EC
:1071D00080E8022068EB022088E8022084E8022090
:1071E00040420F0008B50A4B00221A80094B1B7859
:1071F0001BB1094B5B88032B03D0084B00221A807C
:1072000008BD074B1B88002BF7D1FFF751FFF4E7B0
:10721000C2E80220D9E8022068EB0220BCE8022084
:10722000BEE8022008B501F037FBFFF795FE00200D
:10723000044B1880044B1860044B1870044B012257
:107240001A7008BD88E8022084E8022080E8022045
:10725000F6E7022008B5FFF7DDFD08BD394B1B78C6
:10726000002B6DD010B5384B1B8C9CB213F4806F83
:1072700028D0364B1B782BB1354B1B7813B1354BCF
:1072800000221A80344B1B8D13B1013B324A138507
:10729000FFF758FF314B01221A70314B1B78002B3E
:1072A00042D1304B198801F1D8431B889BB22E4A3A
:1072B00013802E4B1B880B4403F1D84333F8023C58
:1072C0009BB2138014F4006F03D0284B1B88002B53
:1072D0002DD0214B5B88012B2CD0254B1B782BB15B
:1072E000244B5B88012B28D0222B26D0164B1B8CDD
:1072F00013F4806F17D0184A538D01339BB2538516
:107300001C4A5385174B198801F1D8431B889BB23F
:10731000154A1380154B1B880B4403F1D84333F8EF
:10732000023C9BB2138010BDFFF7D8FECAE7FFF7FF
:1073300009FFCEE7FFF78EFFCFE7FFF7B9FED5E7EE
:10734000704700BFBAE802200002006CD2E80220B9
:10735000D6E80220D0E80220ACEB0220D8E80220D8
:10736000DAE80220A4E802209EE80220AEE802202B
:10737000D9E8022068EB022008B5334B00221A80BE
:10738000324B1B78002B51D0314B1B781BB1314A4B
:10739000138801331380304B1B88002B34D02F4AC5
:1073A0001288934218D22E4B1B8843B12D49098D68
:1073B0002D480089814202D803312A4801852B4992
:1073C000098849B143B92A4B1B8D274909898B424A
:1073D00002D8033326490B85214B1B888BB9234BDD
:1073E0001B8873B1234B1B8C13F4006F03D1013244
:1073F0001A4B1A8008E00023184A13801C4A138590
:1074000002E00132154B1A801B4B1B7813B91B4B42
:107410001B7863B9FFF71EFF0D4B1B7833B1184B78
:107420001B881BB10B4A1288934203D008BDFFF79B
:1074300055FEEFE7FFF73CFE114B1B88012BF5D102
:10744000044B00221A80F1E7C6E80220D6E80220A9
:10745000D9E80220BCE80220CEE80220D0E80220D1
:10746000AEE80220ACEB0220803E0020B0E8022013
:1074700068EB02200002006CBAE80220DAE8022081
:10748000BEE8022008B5254B1B7863B3244B1B785C
:1074900013B1244A1278D2B9234A1278BAB95BB927
:1074A000224B1B8C9AB213F4806F20D01D4B01220B
:1074B0001A701F4B1B78BBB90020F0F71DFDFFF7BA
:1074C000C9FE1C4B1B78EBB90120F0F715FD4FF0FE
:1074D0008043D3F82434632B17D801F059FAFFF70F
:1074E0008FFD01F099F908BDFFF7F8FDE4E7124BB5
:1074F0001B88002BE0D112F4006FDDD0094B012274
:107500001A70D9E7FFF7D4FDDEE7FFF7FDFD4FF076
:1075100080430022C3F82424DFE700BFF6E70220FF
:10752000BAE80220D8E80220D6E802200002006C67
:10753000DAE80220D9E80220AEE802200023024A5D
:107540001360024A138070478CE8022016EC022078
:1075500008B5C3881B0B013B072B0DD8DFE803F0F0
:107560000406040404040409042008BD02F092FF88
:10757000FBE703F021FAF8E70520F6E710B50D4B1D
:10758000186830B1002101F0D3FC0020094B1860CD
:1075900010BD4FF48070EAF747F8044640B10E2260
:1075A0000549EAF751F8204603F006FA0020EFE714
:1075B0000720EDE78CE802201CEC022038B5064DD0
:1075C000AB8800EA03040020F0F796FCAC800120B1
:1075D000F0F792FC38BD00BF0002006C38B5064DD4
:1075E000AC88A4B204430020F0F786FCAC800120F4
:1075F000F0F782FC38BD00BF0002006C084B5B88CE
:107600009AB213F4006F02D112F4805F03D0054BDD
:1076100000221A707047034B01221A70704700BF96
:107620000005006C90E8022010B500F58071C900DB
:10763000044C082201F1D8412046EAF705F820461B
:1076400010BD00BF94E8022082B04FF48073ADF803
:107650000630C00000F1D84000F60600BDF8063044
:107660009BB2038003889BB2ADF80630BDF80630AC
:1076700013F4807FF6D002B0704782B00023ADF8DB
:107680000630C00000F1D84000F60600BDF8063014
:107690009BB2038003889BB2ADF80630BDF806307C
:1076A00013F4807FF6D102B07047000038B5A74BC5
:1076B0001A8842F6FE739A4240F20E810446002078
:1076C000FFF7B2FF4388028813F0010F40F00781F3
:1076D00012F0010F40F00581C18811F0010F46D072
:1076E000818801F00C00042801D01625F5E011F086
:1076F000020F00F0F880212B40F2F780B3F5807F75
:1077000000F2F580B2F5805FC0F0F380B2F5405F23
:1077100001D31625E1E00120FFF786FF43880288A8
:1077200013F0010F40F0E78012F0010F40F0E58008
:10773000C18811F0010F00F0E280818811F00C0F78
:1077400040F0DF8011F0020F00F0DD80212B40F2CD
:10775000DC80B3F5807F00F2DA80B2F5805FC0F0A4
:10776000D880B2F5405F80F0D680002500E0162575
:10777000002D40F0B280032C1FD8022C40F2A780CD
:107780000220FFF751FF4288018812F0010F40F0FC
:10779000D48011F0010F40F0D280C38813F00103B0
:1077A00002D0002A00F0CD80002B00F08180684BD1
:1077B0001B8893424CD01D258FE0664B01221A7026
:1077C0000320FFF731FF4288018812F0010F40F0DB
:1077D000A48011F0010F40F0A280C38813F00103D0
:1077E00002D0002A00F09D8053B35B4B1B8893426C
:1077F00001D01E2571E0002B00F09580442A00F294
:107800009480838813F00C0F40F09180534A1278D3
:10781000022A08D0022A00F08C80514A12888A423B
:1078200007D01E2559E0B1F5805FF3D3B1F5405F75
:10783000F0D213F0020FA0D0464B00221A709CE742
:10784000002A78D1444B1B88002B96D01E2544E09B
:10785000002B78D0442A00F28D80838803F00C023C
:10786000042A01D01D2538E03C4A1278022A08D0AB
:10787000022A00F081803B4A12888A4207D01D25E7
:107880002BE0B1F5805FF3D3B1F5405FF0D213F098
:10789000400F09D0344A0121117013F0020F16D0A5
:1078A0002C4B00221A7012E02F4A00211170F4E7CD
:1078B000002A63D1264B1B884BB11D250DE02046C5
:1078C000FFF7B2FEC288294B1A800134E4B2284B7C
:1078D0001B78A342F3D800E01425284638BD1725AD
:1078E000FBE71725F9E71625F7E71625F5E716252F
:1078F000F3E71625F1E71725EFE71725EDE716253E
:10790000EBE71625E9E71625E7E71625E5E716254F
:10791000E3E71625E1E71625DFE71725DDE717255D
:10792000DBE71E25D9E71E25D7E71E25D5E71E254F
:10793000D3E71E25D1E71E25CFE71725CDE717256D
:10794000CBE71D25C9E71D25C7E700BFAAE8022030
:10795000AEE80220B9E80220B0E80220A8E8022040
:10796000A2E80220A4E80220D7E802209CE8022036
:10797000ACE802201D25B0E71D25AEE71D25ACE7CC
:107980002DE9F843A04B9C89A04B9B891C40002308
:107990009F4A13809F4A13700220FFF745FE02881A
:1079A0009D4B1A80838813F0020F78D103250320A2
:1079B000FFF73AFE0388994A1380828812F0020F7B
:1079C0006FD1032296490F8807FB02329549098837
:1079D0008A4205DD9448008808448342C0F2178239
:1079E00092480088824205DD914A128802449342FF
:1079F000C0F20F82884AB2F800C08E4A168805FB92
:107A000006C2914205DA884D2D8829448C45C0F282
:107A10000282904205DA8649098801448C45C0F209
:107A2000FC81934203DA3B449C45C0F2F881824BCF
:107A3000B3F880309DB24FF0D842D2F8A009D2F806
:107A4000A4C9714A52887149498813F4106338D027
:107A500015F4C06E00F0E581BEF5806F00F0E381A3
:107A60006CB114F0040F03D115F4007F40F0DD81F8
:107A700014F0080F03D115F4806F40F0D88140B1A5
:107A8000A0F5F428A8F59078DFF8E091C84500F259
:107A9000D081BEF5C06F06D04FF0000E13E0012577
:107AA00085E701228EE7BCF1000F00F0848060457D
:107AB00000F2848014F0100F00F0BD814FF0010E31
:107AC00001E04FF0000E5D4C2478002C00F08C801B
:107AD000002B76D1931E9BB2012B40F2AE8102297E
:107AE00000F0AD81032900F0AC81032A00F0D980B9
:107AF000022A00F0DB80524B1B782BB9002A00F0E1
:107B0000A881002900F0A78102B911B14D4B0124D1
:107B10001C704C4B1C7834B1002E00F0CD803C4BD7
:107B20004FF480671F80931E9BB2012B03D902295B
:107B300001D0032906D1444B01271F7016B9344BDD
:107B400000271F80304B5A80304B598000233F4F15
:107B50003B803F4F3B803F4F3B803F4F3B80BEF1E0
:107B6000000F40F0B180022A00F0CB80032902D040
:107B7000364B01221A80394B00221A80384B1B8C5D
:107B80009BB2002E00F0C580002B00F0C280344A6A
:107B9000128892B2002A00F0B880023246F2A71191
:107BA00002FB0313DB082F4AA2FB0323C3F30F23BB
:107BB0002D4A1380B0E04FF0000E84E74FF0000E26
:107BC00081E715F4806F05D1032A00F03C81032979
:107BD00000F03B8115F4007F87D1022A00F0378145
:107BE000022982D13020E2E0002B47D13EB1002FA4
:107BF0003ED022210122044B01249C8378E7D7B395
:107C000032460121F7E700BFACEB022068EB02200F
:107C1000A0E80220D8E80220A4E80220A2E802207E
:107C2000B0E802205AEB022060EB02205CEB02205D
:107C30005EEB0220AEE802200009006CF2EB0220AD
:107C4000B9E80220BAE80220D6E80220BEE8022005
:107C5000BCE80220CEE80220D0E80220F0EB0220AF
:107C60000004006C89B5F814A6E80220E05E48C361
:107C700039460122BFE739463A46BCE726B1BEF194
:107C8000000F08D0032200E0324637B115F4806FB0
:107C900005D0032129E70222F7E7394625E702212B
:107CA00023E7704B5862704B586224E76D4B586263
:107CB00083B26D4C63621EE7002F3FF434AF6B4B11
:107CC0004FF400671F802EE760450AD8BCFBF0F335
:107CD0009AB267490A8000FB13C32BB901320A80AC
:107CE00002E0634B01221A80BCFBF0F39AB26149B7
:107CF0000A8000FB13C3002B3FF43DAF01320A8022
:107D000039E75B4B01221A8030E75B4B00221A8077
:107D100002E0594B00221A80574B1B8823B9574A5F
:107D20001278002A40F0998023B1544B1B78002B25
:107D300000F095802CB126B14C4A138843F480633F
:107D4000138000234E4A13804E4A13804E4A1380FC
:107D50004E4A13804E4A13704E4A13704E4A138097
:107D6000414A82F840303F4A82F84030138515F48A
:107D7000007F14D050B14309484AA2FB0323DB091A
:107D8000474A904215D83E4B01221A8015F4806F65
:107D900005D0604516D93A4B1A883C4B1A80002E04
:107DA0002DD1404B1B8873BBFFF782F90020BDE843
:107DB000F8835B009BB23C4AA2FB0323DB08304AFA
:107DC0001380E3E74FEA5C13344AA2FB0323DB0989
:107DD000334A94450AD82D4B01221A802B4A284B4E
:107DE0001988138803EB51031380D8E75B009BB21B
:107DF0002D4AA2FB0323DB08244A1380EEE702206E
:107E0000FFF73BFCCDE70320FFF737FCCCE71E2054
:107E1000CDE71E20CBE71D20C9E71D20C7E71D20A9
:107E2000C5E73020C3E73020C1E73020BFE730206E
:107E3000BDE73620BBE73020B9E73020B7E7302078
:107E4000B5E73020B3E73020B1E73020AFE730208E
:107E5000ADE72920ABE72920A9E71F20A7E71F20CE
:107E6000A5E700BFACEB022068EB0220A0E80220EF
:107E7000CEE80220BEE80220A6E80220D7E80220D1
:107E8000C4E80220C6E80220C2E80220C0E80220BE
:107E9000D2E80220CCE80220CAE80220C55A7C0AB7
:107EA0001FA10700B0E80220CDCCCCCC094B1B7839
:107EB00053B9094B1B7853B1084BC8221A80084BA1
:107EC00000221A80FF207047064B18887047FF2059
:107ED000704700BFB8E80220D6E80220CAE80220B6
:107EE000C8E80220B6E802200023024A1370024AC2
:107EF00013707047D8E80220DAE8022008B51D4B5D
:107F00001B88002B2ED11C4B1B88002B2ED14FF22F
:107F1000F330FFF753FB0023184A1370184A13700D
:107F2000184A1370184A1370184A1370184A1380AD
:107F3000184A1380184A1380184A1380184A13806D
:107F4000184A1380184A1380184A1380184A82F876
:107F50004030184A1380184A1370184A1370184A90
:107F6000137008BD0220FFF76FFBCCE70320FFF77B
:107F70006BFBCCE7AEE80220B0E80220D8E8022094
:107F8000BAE80220D6E80220D2E80220CCE802209B
:107F9000CEE80220D0E80220C4E80220C6E8022091
:107FA000C2E80220C0E80220BEE80220BCE80220AD
:107FB00068EB0220CAE80220D7E80220D9E80220B4
:107FC000F2EB0220014B00221A707047F2EB022004
:107FD000084B1B78834201D0064B18704FF6FF7395
:107FE000994201D0044B9986024B1A78024B1A86AB
:107FF000704700BFA8E802200001006C2DE9F041A5
:108000000E467D4B4FF6FF721A807C4B01221A7090
:1080100010F010072BD07A4A137823F01003137056
:10802000012700F00F05764B1C782401E4B22C44A4
:10803000E4B2482C2FD8222C28D3A4F12203262BDB
:1080400051D8DFE803F03150365050505050505066
:108050005050505050505050505050505050505020
:1080600050505050505031503C5050503C00644B98
:108070001B7813F0100F04D000F00F02012A40F01B
:10808000D68103F00F035E4A1370CAE7122C0BD09F
:108090004FF0000829E0842C11D0882C0FD0822CBE
:1080A00002D04FF0000820E00220FFF7FFFA8046E0
:1080B0000AE054495448FEF71FFE804638B9534B36
:1080C0001878FFF7F3FA8046B8F1000F0DD04C4B4B
:1080D0001B78042B00F06F81082B00F06881022BC5
:1080E00000F06D8171E14FF00008494B00221A80C9
:1080F000A4F11103772B00F2C881DFE813F02E0101
:108100008B00C9015501C601C601C6015501C60152
:10811000C601C601C601C601C601C601C6012601C7
:1081200030015501B300C601C601C6015501C601A3
:10813000C601C601C601C601C601C601C601780056
:108140005501C6015501C601C601C6015501C6014A
:10815000C601C601C601C601C601C601C6011A0193
:10816000060155013001C601C601C601D500C60190
:10817000C601C601C601C601C601C601C601C601C7
:10818000C601C601C601C601C601C601C601C601B7
:10819000C601C601C601C601C601C601C601C601A7
:1081A000C601C601C601C601C601C601C601C60197
:1081B000C601C601C601C601C601C601C601C60187
:1081C000C601C601C601C601C601C601C601C60177
:1081D000C601C601C601C601C601C601C6010E011F
:1081E000FA005501F200C601C601C6013001FFF7D1
:1081F000E9FE4FF01308EBE0D4E80220B5E80220D6
:10820000A8E80220AEE80220B0E80220ACE8022094
:10821000B2E80220FFF7F2F9AA4B1B78002B00F01E
:108220001081B8F1000F40F0D08000F0C7FC80460C
:1082300048B1B8F1FF0F00F00781A34B1B7873B171
:1082400000F008FDC1E0A04B00221A70FEF747FDC8
:1082500080460028EDD19D4B01221A70B8E0FEF750
:1082600040FDEDE7FFF78CFB804648B1B8F1FF0F0A
:1082700000F0EA80944B1B789BB1FFF73FFEA4E02F
:10828000914B00221A709248FEF72DFD804600287F
:10829000ECD18F4B1888FFF7A1F98E4B01221A7091
:1082A00096E0FEF722FDE8E7FFF700FE804648B1C2
:1082B000B8F1FF0F00F0C880834B1B7873B1FFF754
:1082C00013FE82E0804B00221A70FEF710FD8046FC
:1082D0000028EDD1804B01221A7079E0FEF709FDEC
:1082E000EDE7FEF706FDFFF7FFFD774B00221A7062
:1082F0006BE0FEF7FEFC8046FFF7F6FD724B0022B6
:108300001A70B8F1000F60D14224FEF7EEFCFFF7BF
:10831000F5FD6D4B00221A7057E0FEF7EAFC80462F
:10832000FFF7E2FD684B00221A70B8F1000F4CD144
:108330004124FEF7DAFC8046FFF7E0FD624B0022A5
:108340001A70B8F1000F40D1212400F083FCFEF731
:10835000C8FC8046FFF736FE37E0FFF733FE9FB9D3
:108360005E4B1B78002B40F096805D4B1B7813F022
:108370000C0F00F093805B4B1B884BB95A4B1B884A
:1083800063B94FF0FE0823E02046FEF7A7FCE7E7BD
:108390000220FFF772F94FF0FE0819E00320FFF703
:1083A0006CF94FF0FE0813E04FF0110810E0FEF7F3
:1083B000A0FCFFF799FDFEF798FCFFF79FFDB8F1D1
:1083C000160F36D0464B02221A70B8F1FF0F3BD081
:1083D000434B187800F00F039D4200F09480B8F1F1
:1083E000000F00D17EB1284310F0080F0BD03A4B9C
:1083F0001B78002B55D13B4B1B88002B56D13A4B99
:108400001B88002B56D1B8F1000F75D0344B1B7868
:10841000082B53D0324A137843F010031370334BB8
:1084200000221A7041462E4B1878FFF7D1FDBDE8A7
:10843000F08100F00FFCFEF754FC294B01221A706A
:10844000C3E74FF05108C0E7284B01221A70284AB1
:108450001480242C14D00DD8A4F112039BB2012B4C
:108460000AD8244B4FF4FA621A80224A1388323B0E
:108470001380DCE7482C03D01E4BC8221A80F4E797
:108480001C4B42F228321A80EFE74FF012089FE7A8
:108490004FF013089CE74FF0FE0899E74FF0FE08F5
:1084A00096E7FEF726FCFFF71FFDA4E70220FFF783
:1084B000CBF8A8E70320FFF7C7F8A4E7084B04228E
:1084C0001A70A7E790E80220B5E8022063EB0220CB
:1084D000A0E80220D9E80220DAE80220B8E8022069
:1084E000A8E80220AEE80220B0E80220B4E80220AA
:1084F000B2E80220D4E8022016B145F01005B046DB
:10850000044B1D708BE70021034B1970FFF760FDD2
:108510008DE700BFA8E80220B4E8022038B5764B0A
:108520001B78002B5CD0754BB3F90030002B61D168
:10853000734B1B88C3F30714242B28D011D8123B8C
:108540009BB2012B00F2D2806E4B1B78E3B100F09E
:1085500081FB6D4B1B78002B00F0CA806B4B1D8894
:1085600033E0482B0ED16A4B1B7803B3694B1B7861
:108570002BB3694B1B78002B33D1684B1B8893BB03
:108580001A251DE0002520E0FEF7ABFBDFE75D4B81
:108590001B784BB1FFF7B2FC5B4B1B78002B00F054
:1085A000A9805A4B1D8810E0FEF79FFBF2E75B4B5A
:1085B0001D88D5B95A4B01221A70082405E02D25D3
:1085C000504B1B789BB1FFF78FFC4CB14A4B0022FC
:1085D0001A700DB144F0100429462046FFF7F8FC4C
:1085E00038BD1A25ECE71B25EAE71B25E8E7FEF76F
:1085F00080FBE8E7424B1B88242B40D016D8123B67
:108600009BB2012BECD83F4B1B78002BE8D03D4BA5
:1086100000221A70FEF763FB054648BB414B01225E
:108620001A70374B1C7804F00F04CEE7482BD7D1D3
:10863000344B1B78002BD3D0354B1B78002B3DD00F
:10864000394BB3F90030002BCADD384AB2F90020AB
:108650009342C5DC0023344A1380344A1380FEF76A
:1086600046FB054618BB2E4B01221A700824ADE7C5
:10867000FF28B5D0FEF735FB00F0ECFAB0E7214B50
:108680001B78002BACD01F4B00221A702848FEF735
:108690002AFB054620B9274B01221A70042495E7CE
:1086A000FF289DD0FEF721FBFFF728FC98E7FF2865
:1086B00096D0FEF71EFBFFF717FC91E7174B1B88C0
:1086C0001BB1154B1B78002B8AD0FEF710FB05461B
:1086D00020B9134B01221A70082477E7FF283FF4D2
:1086E0007FAFFEF706FBFFF7FFFB79E700256CE79E
:1086F00001256AE7012568E7B4E80220D4E80220F2
:10870000B2E80220B5E80220B8E80220B6E802206C
:10871000D6E80220D2E80220D8E80220AEE8022003
:10872000DAE8022063EB0220CAE80220C8E802204F
:10873000A0E80220D9E802202C4B1B78002B54D053
:108740002B4B1B883BB12B4A1288934203D82A4BF0
:1087500000221A7009E0274A1288934202D9013296
:10876000244B1A80244B01221A70234B1B784BB1E7
:10877000224B1B8833B1224A1288934218D9013206
:108780001F4B1A801C4B1B784BB31E4B1A8D1E4B74
:108790001B899A4210D21D4B01221A701C4BB3F94F
:1087A0000030002B21DD1B4A1388013313807047F2
:1087B000114B00221A70E5E7144B1B78ABB1134B39
:1087C00000221A700F4B012283F84020104BB3F99E
:1087D0000030002B09DD0F4B00221A8070470B4B35
:1087E0001B7813B1094B00221A707047D6E802209B
:1087F000C4E80220C6E80220D2E80220C0E8022035
:10880000C2E80220ACEB0220803E0020CCE802202F
:10881000CAE80220C8E8022008B5174B1B8873B1CC
:10882000164BB3F8403013F0010F08D1144B1B88DE
:108830002BB1144B1B787BB9134B00221A70134BCE
:108840001B7843B10F4B1B782BB1114B1B7843B1F5
:10885000104B1B7853B108BD1B210420FFF7CEFB42
:10886000F9E72C210420FFF7C9FBF4E71A210420C3
:10887000FFF7C4FBEFE700BFA6E802200004006C8E
:10888000AEE80220DAE80220D8E80220D6E802208A
:10889000D2E80220CCE8022010B54FF0D8429388ED
:1088A000C3F3072324490B70D3889BB29B029BB26E
:1088B00003F6FF73214A1380FEF7A0FE002404E0B4
:1088C0002046FEF7C1FE0134E4B21B4B1B78A342E5
:1088D000F6D800F019F90024194B1C70194B1C70C4
:1088E000194B1C70194B1C70194B1C70194B1C70C8
:1088F000194B1C80194B1C80194B1C80194B1C8078
:10890000194B1C80194B1C70194B1C70194B1C8087
:10891000194B1C80194B1C80194B1C800120194BD2
:1089200018702146FFF754FB174B1C80174B1C7027
:10893000FEF704FE10BD00BFACE80220AAE802204A
:10894000B5E80220B4E80220D8E80220DAE80220E4
:10895000D9E80220D7E80220A6E80220C6E80220D3
:10896000C4E80220C2E80220C0E80220D6E80220C3
:10897000B8E80220B6E80220A0E80220AEE8022013
:10898000B0E80220A8E80220B2E80220BAE80220FB
:1089900038B500F0CDFB3E4B1B78002B3ED03D4B55
:1089A000DC89A4B23C4B1B8C9DB213F0010F03D0A9
:1089B0003A4B1B78002B33D015F0100F0BD0374BF0
:1089C0001B7843B9364B187810F0100F03D120F004
:1089D0001003012B2ED1314B1B78002B33D12C4BA4
:1089E0001B78D3B114F0010F30D015F4007F35D1CE
:1089F00014F0020F3FD12B4B1B784BB100F068FAFB
:108A0000284B1B78002B3BD044F40074214BDC81B5
:108A1000214B1B8C13F4807F36D138BD0124C1E774
:108A2000214B188C25F01105ADB20021C0B2FFF723
:108A3000E5FAC1E725F01005ADB2002100F00F0006
:108A4000FFF7DCFAC7E7FFF769FDC8E7144B1878B2
:108A5000002100F00F00FFF7D1FAC6E7134A002308
:108A60001380134B1B8803F1D843128892B21A80EB
:108A700000F0E4F9BCE70B4B1B78002BC8D1BDE735
:108A800024F40074A4B2C1E700F0CEFAC5E700BF39
:108A900063EB02200008006C0002006CB4E80220C6
:108AA000A8E8022062EB02200001006C9EE8022090
:108AB0005AEB02204A88531C9BB2B1F804C09C4573
:108AC00009D0B1F800C09C4507D0023241F822001D
:108AD0004B80002070470023F3E7072070470246D1
:108AE000038841888B420CD0991C50F82100013337
:108AF0009BB213809188994200D070470023138065
:108B000070470020F9E700001A4B22221A801A4B06
:108B10004FF480721A804FF48053184A1380184A19
:108B20001380184A0023138053800A219180164A2B
:108B3000138053809180154A1360154A1360154ABB
:108B40001360154A1360154A13701549CA8992B209
:108B500022F4007292B2CA81124A1370124A137040
:108B6000124A1370124A1370124A1370124A137089
:108B7000704700BF5EEB022060EB02205CEB02203E
:108B80005AEB0220DCE8022010E9022050E9022022
:108B900048E902204CE9022044E9022062EB02206D
:108BA0000008006C63EB022064EB022065EB0220FE
:108BB00054E9022059EB022058EB022038B500207E
:108BC000FEF732FD43881D4C238003881C4D2B800B
:108BD0000120FEF729FD43881A4A138001881A4AAA
:108BE00011802888228802448A4202DD0B44984280
:108BF00022DB0020FEF741FD0120FEF73EFD0F4B7A
:108C00001888E8F711FD114B186030B10024104BA3
:108C10001C70E8F711FD204638BD0D4B01221A707B
:108C20000A20E8F701FD094B186018B10024E8F7A5
:108C300003FDF0E70224FAE71624ECE75EEB0220DE
:108C40005CEB022060EB02205AEB022050E902208C
:108C5000DBE8022010B50020294B1870FEF7F4FC69
:108C60000120FEF7F1FC274B186808B1E8F7E4FC97
:108C7000254B186828B1234B1B68984201D0E8F7B0
:108C8000DBFC224B186848B11E4B1B68984205D08C
:108C90001D4B1B68984201D0E8F7CEFC0023194A0F
:108CA00013601A4A1360184A1360194A137019495D
:108CB000CA8992B222F4007292B2CA81164A137023
:108CC000164A1370164A1370164A1370164A137018
:108CD00003E0E8F7B1FC002454B11448FFF7FFFEAD
:108CE00004460028F5D1F7E7E8F7A6FC234633B1A0
:108CF0000F48FFF7F4FE03460028F5D1F7E710BD53
:108D000063EB022048E9022044E902204CE90220FA
:108D100062EB02200008006C64EB022065EB02208D
:108D200054E9022059EB022058EB0220DCE8022033
:108D300010E9022008B5838803F47063B3F5407F1F
:108D400001D0022008BDFEF703FCFBE7F0B583B0BD
:108D5000304B1B7803F00F03012B57D004462E4BEA
:108D60001B78002B54D02D4B1D781DB107252846AC
:108D700003B0F0BD07882A4B1888BE1D3246214635
:108D800000F1D840E8F760FC0023ADF80630254B31
:108D90009B899BB2ADF80630BDF806309BB2ADF8AA
:108DA0000630BDF8063013F4006F16D11E4B1A883A
:108DB000D21BD2B2063AD2B21C4B00211980012A32
:108DC00017D9174B1B88184A1288134403F1D8434C
:108DD000164A128892B223F8022C154B1B688BB1ED
:108DE000144B00221A60124B1C600C4B01221A70AB
:108DF000BDE726F00101C2F1020221441846E8F75E
:108E000023FCDEE70B4B0C4A1A60ECE7F025AEE7DB
:108E1000F025ACE7A8E8022063EB022064EB022017
:108E20005AEB02200008006C60EB02209EE8022052
:108E30004CE9022050E9022058EA022008B51D4BF7
:108E400000221A701C4B186810B11C4B1B6893B1A0
:108E50001B4B1A68184B1A60184B186888B1FFF73B
:108E600075FF164B00221A60164B1B7813B113F0D6
:108E7000020F0ED108BDE8F7DFFB0F4B00221A608E
:108E8000E6E71148FFF72BFE0028EDD0FFF75EFF65
:108E9000EAE723F002030B4A13700C4B1868FEF745
:108EA0006DFB0028E6D0074A137843F002031370E5
:108EB000E0E700BF64EB022048E9022044E9022019
:108EC0004CE9022054E9022010E9022050E9022076
:108ED00010B5124B1C685CB1114B1B7813B1114BD0
:108EE0001B6863B12046FFF731FF0C4B00221A606C
:108EF0000D4A1378B3FA83F35B09137010BD012098
:108F0000FEF7A2FB094B1A68064B1A600120FEF718
:108F1000B4FB034B00221A70E4E700BF48E90220CB
:108F200064EB022044E9022062EB02204CE90220BB
:108F300038B51D4B1B7803F00F03012B32D00446CC
:108F40000D468388C3F30B038380184A127812F00E
:108F5000070F02D1154A01211170144A127843EA11
:108F60000233A3802046FFF7F1FE38B90F4A137889
:108F70000133137015F0800F0DD138BD0C49204618
:108F8000FFF798FD10B145F08005F3E7074A137825
:108F900001331370EEE7074A137805F07F052B4382
:108FA0001370EAE7F020E8E7A8E8022058EB022077
:108FB00010E9022054E9022010B504468388018894
:108FC000B1F5807F0DD81A0B1AB1154B1B7893425F
:108FD00022D0134B1A7013492046FFF76BFD68B976
:108FE00010BD0422028023F4706383800123C380B8
:108FF000082303810021FFF79BFFF1E70422228071
:10900000A28822F47062A2800122E28020810021E5
:109010002046FFF78DFFE3E7E8F70EFBE0E700BF30
:1090200059EB0220DCE8022030B583B0374B1B88B7
:1090300003F1D8431C88A4B2354B1B78012B0CD00C
:109040000634A4B2334B1B7813B9334B1B7803B3EC
:10905000324B01221A7003B030BD0A20E8F7E4FA5F
:1090600005460028ECD00A220021E7F7EDF804239A
:109070002B80AB8823F47063AB800123EB80072344
:109080002B8100212846FFF753FF2846E8F7D4FA42
:10909000D6E7224B00221A70214B1888A04200D23A
:1090A0000446E8F7C1FA1F4B186058B3174B1988EC
:1090B000224601F1D841E8F7C7FA0023ADF806309F
:1090C000194B9B889BB2ADF80630BDF806309BB2B9
:1090D000ADF80630BDF8063013F4006F0DD0134A1A
:1090E00000231380094B1B880D4909880B4403F1A9
:1090F000D84333F8023C9BB213800A4B1868FFF741
:109100005BFFA8E7054B01221A70A4E75CEB022085
:10911000DBE8022064EB022054E9022065EB022028
:109120005EEB022050E902200008006C9EE802205D
:1091300010B500E0BCB10F48FFF7D1FC0446002891
:10914000F8D0FFF7F7FD0028F4D004222280A2888F
:1091500022F47062A2800122E28020810021204658
:10916000FFF7E6FEE6E7044B1B7803B910BDFFF7F7
:109170005BFFFBE7DCE8022065EB022010B504464C
:10918000FDF756FE00E0406810B10389A342FAD112
:1091900010BD10B5B2F80CE0CEF3032023B35FFA94
:1091A0008EFE072838D0082802D00123002014E0C2
:1091B0009369187813691B8903FB00F00730C00816
:1091C000F9B902301DE003EB430C146904EB4C0CBD
:1091D000BCF802C060440133DBB27345F3D90730F9
:1091E000C00871B902300CE007280BD0B1B10828D3
:1091F0000DD0136901EB410103EB4103588807309F
:10920000C01010BD136958880730C010F9E7136902
:1092100018890730C010F4E70020F2E70120F0E7DA
:109220003023837002780E4BA3FB01C34FEA531C1B
:1092300002EB53130370642303FB1C11C9B290F8B3
:1092400001C0084AA2FB0132D3080CEBD2024270E3
:1092500003EB8303A1EB430130318170704700BF02
:109260001F85EB51CDCCCCCC2DE9F04184B01D460F
:1092700054699389C3F30323C1B10F46072B15D05B
:10928000092B22D0002D4ED00D2228496846E8F740
:10929000DBF939460DF10900FFF7C2FF0D226946DF
:1092A0002846E8F7D1F94FF00C080AE02046E7F726
:1092B000C7FF1FFA80F825B1424621462846E8F745
:1092C000C3F9404604B0BDE8F0812046E7F7B8FF97
:1092D000461C26440124BC421FD83378FD2B19D8E4
:1092E000BC4207D00134A4B23046E7F7A9FF0130F1
:1092F0000644F0E73046E7F7A3FF1FFA80F8002D99
:10930000C0D0B8F1000FBDD0424631462846E8F73C
:109310009BF904E04FF0000801E04FF00008B8F1BD
:10932000000FCED1AEE74FF00C08CAE7703E002028
:109330008389C3F30323082B05D0006901EB4101A6
:1093400000EB4100704709B90069704700690630B9
:1093500070472DE9F04782464FF0200808FA00F8E0
:109360001FFA88F8FDF764FD0546002714E0013474
:10937000A4B26EB15FFA89F39C4209D8E1B22846E3
:10938000FFF7D6FF838813EA080FF0D00026EEE738
:109390000EB90137BFB26D685DB12B89B3F5805F3F
:1093A000F9D3BAF1000FF4D0B5F80C90564600246A
:1093B000DFE73846BDE8F0872DE9F04F83B0009035
:1093C000019116469A464FF0200909FA00F91FFA52
:1093D00089F90B88B3F5805F0DD0254B1D68002DF2
:1093E0002FD14FF6FF73019A13803046204B1D603A
:1093F00003B0BDE8F08FFDF71BFD05460028EED158
:109400000C9B002BEBD01B230C9A1370E7E7013465
:10941000E4B2B8F1000F0CD05C450AD821462846CA
:10942000FFF786FF838813EA090FF0D04FF000089A
:10943000EDE7B8F1000F03D12AF8027B023EB6B285
:109440006D686DB1012E0BD92F89B7F5805FF7D309
:10945000009B002BF0D095F80CB098460024D8E77C
:10946000002DBED02B89019A13803046BEE700BF85
:1094700010EC02200A30704770B5B1F80CE0CEF362
:10948000032E844600B11020BEF1070F67D00123E0
:1094900027E00C6906342EE0A2F11F05102D13D829
:1094A000DFE805F03D4A12121212121212121212C5
:1094B0001212123D4A00B2F5187F30D004D3A2F246
:1094C0006225ADB2012D37D99C4508D96288024486
:1094D00090B204E06288024490B2103080B201334E
:1094E0009BB29C453CD3BEF1080FD2D00C6903EB74
:1094F000430204EB420422882F2ADCD81F2ACBD255
:109500000B2AE1D8032ADFD3D61EB6B20125B54017
:1095100015F0320F10D140F209163542D4D00F3079
:1095200080B220F00F0080B29C45D8D90B2AD1D050
:10953000B2F5187FD1D1CDE71F3080B220F01F00E7
:1095400080B29C45CBD9A2F2622292B2012A02D902
:10955000203080B2C3E76288024490B2BFE70020A7
:1095600070BD000022297AD8DFE801F012144961A9
:10957000797979797979797979797979797979795B
:109580007979797979797979797979797979380005
:109590000020704741F63243984205D041F63343EC
:1095A00098420CD012207047354B1B88002BF5D009
:1095B000344B9B8913F0020FF0D000207047324BE0
:1095C0009B8913F0020F4CD02D4B1B88002B4AD1E6
:1095D0002E4B1B88002B48D11220704741F6334395
:1095E000984201D012207047274B9B8913F0020F3D
:1095F0003DD0234B1B88002B3BD11220704741F6F6
:109600003243984205D041F63343984208D01220A5
:1096100070471C4B9B8913F0040FF4D00020704757
:10962000194B9B8913F0040F25D11220704741F686
:109630003243984205D041F63343984208D0122075
:109640007047104B9B8913F0080FF4D0002070472F
:109650000D4B9B8913F0080F0FD112207047122079
:109660007047122070471220704700207047122068
:10967000704700207047002070470020704700BFEF
:10968000AEE80220ACEB022068EB0220B0E802203A
:109690002DE9F04F8BB00490069114461F46149E9E
:1096A0009DF854300393BB89C3F303220892DBB2C5
:1096B00007938B46072A05D0B0F5805F02D3BB69BC
:1096C0001B780793039BC3B1089B072B00F0FE8117
:1096D000049BB3F5805FC0F0FB81079B0293FD699B
:1096E0005DB3039B00933346224606990498A8472E
:1096F000014608460BB0BDE8F08F079B5B45C0F004
:10970000E98106993846FFF713FE82887AB1D3B211
:109710005B00A949097803F00E0301F00F018B42A9
:1097200008D212F0070F40F0D7810621E1E7CDF80B
:1097300008B0D4E7CDF808B0D1E7049BB3F5805F5B
:1097400080F0B081069D002D00F0B381BC692946F0
:109750003846FFF7EDFD40880730C210C00805F11C
:109760008043013B54F8231011F0010F21D021F068
:1097700001010904090C00220AE00B881B0A33804E
:1097800031F8024F43EA042326F8023B013292B239
:10979000B2EB500FF1D310F0010F00F09F8133882E
:1097A00003F47F4333800A8843EA12233380002185
:1097B0009FE70B8833804B887380043A0431301D57
:1097C000E7F742FF002194E7A046C8F30F1A09EB20
:1097D0004A0BE1B23846FFF7ABFD054603795B0063
:1097E000754A127803F00E0302F00F029342C0F0A4
:1097F0001681059B9C4206D0039A002A00F0318115
:109800009C42C0F02E817CB32B88B3F5E06F04D36B
:109810006A88082A2FD82F3293B21B2B5AD8092BCB
:109820003DD2002B00F09080082B00F259811AB233
:109830009AB3012202FA03F313F4C87F1FD113F085
:10984000260F40F0958013F0480F41D018F00F0F0D
:1098500040F04E8139F81A3026F8023B0123069376
:10986000FFE04FF00008B0E7089B072BCCD0079B28
:1098700026F8023BF5E0102AE8D0202ACDD118F0D6
:109880000F0F40F0378139F81A303380BBF80230BF
:109890007380043601230693E3E0182129E7093B8E
:1098A000122B00F21F81DFE813F0A300370037000E
:1098B0001D011D011D011D011D018F001D011D0147
:1098C0001D018F001D011D011D011D011D018F00C6
:1098D00018210EE7372B19D81E2B15D31E3B9BB230
:1098E000012202FA03F302F17F7202F500421A40EC
:1098F000002A3DD1314A1A40002AC0D1304A1A40CC
:10990000002AA3D11821F4E61821F2E6A3F5187372
:109910009BB2032B00F2E88018F00F0F40F0EE80AE
:109920006A880732D21059463046E7F78DFE6B88B9
:109930001A0906EB420613F00F0F00F0AA803378E5
:109940003380012306938CE0039B002B00F0CE8034
:109950006B8813F00F0F04D0984418F00F0F00D14C
:109960000236C3F3031306EB43060123069378E0A4
:109970006A88144B33F8123008F00F0293401FFA34
:1099800083FC39F81A000AB9002131803188039B21
:1099900063B10CEA00030B4333806B88434413F03C
:1099A0000F0F73D10236012306935AE00CEA00032D
:1099B000134119433180F0E7A8E8022004000200B7
:1099C00002000100D8CE010818F00F0F40F094807B
:1099D00039F81A303380BBF802307380BBF804309A
:1099E000B380BBF80630F38008360123069338E0D5
:1099F00018F00F0F40F084806A880732D210594661
:109A00003046E7F721FE6B881A0906EB420613F091
:109A10000F0F41D0337833800123069321E018F0F3
:109A20000F0F01D1002333806B8813F00F0F06D086
:109A3000434413F00F0F02D100237380023600233A
:109A400004E0002226F8022F0133DBB26A88C2F359
:109A500003129342F5DBAB8813F0070F1FD10623E7
:109A600009930134A4B2029B9C4228D8D7F81890DD
:109A7000002C3FF4A9AE049BB3F5805FFFF4F1AE78
:109A80003946E0B2FFF7F8FC80469EE601230693D4
:109A9000E7E701230693E4E701230693E1E71A23AE
:109AA0000993DEE75C4600210691CDF814B00991D8
:109AB000D9E706995C46CDF814B00991D3E7099926
:109AC000069B002B3FF415AE002112E6052110E69F
:109AD00005210EE611210CE61A210AE6002108E60E
:109AE000182106E6182104E6182102E6182100E6EE
:109AF0000521FEE50521FCE50521FAE50521F8E54E
:109B00000521F6E52DE9F04F8BB005908846144607
:109B10001E46149F9DF854300393B389C3F3032268
:109B20000692DBB20793072A1AD0B36993F800A014
:109B3000BAF1000F16D1A0F5E052103A92B21F2AE6
:109B40001DD9A0F5B05292B2B2F5007F1AD3A0F59C
:109B5000D05292B2B2F5007F04D2DDF81CA001E031
:109B60004FF0000A039B83B1069B072B00F018827D
:109B7000B8F1000F25D10CB397F800A01EE0DDF876
:109B80001CA0EFE7DDF81CA0ECE7C245C0F00B829B
:109B900041463046FFF7CCFB81888A1002F00E0266
:109BA000A94B1B7803F00F039A4206DA11F0380F25
:109BB00040F0FC814FF0070E28E0C246B8F1000FDC
:109BC00018D0059BA3F5E052103A92B21F2A0BD988
:109BD000A3F5B05292B2B2F5007F05D3A3F5D052EF
:109BE00092B2B2F5007F15D2B2691278AAB90023F9
:109BF000099301E0CDF82480356A8DB1039B009371
:109C00003B46224641460598A847864670460BB01B
:109C1000BDE8F08F00230993EEE701230993EBE7FA
:109C2000002C00F0C68144464FF0070E0023089335
:109C3000CDF810E0BB4625E1069B072B00F04A81DA
:109C4000BBF80030DAB207999142C0F0B5813B8091
:109C50000BF1020B0123089312E1102A00F062813C
:109C6000202A40F0418110F00F0F40F0C081099B85
:109C70005BB13A88BBF800309A4240F0BB817A88E9
:109C8000BBF802309A4240F0B881BBF800303B800C
:109C9000BBF802307B800BF1040B01230893EFE04B
:109CA0004FF0180EB2E7093B122B00F28B81DFE870
:109CB00013F0B8003B003B0089018901890189014B
:109CC0008901A300890189018901A3008901890112
:109CD000890189018901A3004FF0180E96E7372BFF
:109CE0001CD81E2B17D31E3B9BB2012202FA03F392
:109CF00002F17F7202F500421A40002A3BD1534A1A
:109D00001A40002AAFD1524A1A40002A40F00A8174
:109D10004FF0180E7AE74FF0180E77E7A3F5187397
:109D20009BB2032B00F2518110F00F0F40F06E81B7
:109D30006A880732D21059463846E7F785FC6B88A7
:109D40001B090BEB430B0123089399E0039B002BAA
:109D500000F03E816B8813F00F0F05D0184410F00F
:109D60000F0F01D10BF1020BC3F303130BEB430BEA
:109D70000123089384E06A88364B33F8121000F010
:109D80000F0E01FA0EF21FFA82FC3B8823EA02034F
:109D90001AB29946039B8BB1BBF8002002EA0C0271
:109DA00049EA02033B806B88034413F00F0F40F035
:109DB000EB800BF1020B0123089361E0BBF800304C
:109DC00033EA010C40F007810B4003FA0EF3134312
:109DD0009BB2E7E7012C40F0CC803B88AB4207D038
:109DE00029460598FFF7BEFB0490002840F011813A
:109DF000194B01221A70BCE010F00F0F40F00081E7
:109E0000BBF800303B80BBF802307B80BBF80430ED
:109E1000BB80BBF80630FB800BF1080B01230893D5
:109E20002EE010F00F0F40F0EE806A880732D2105B
:109E300059463846E7F708FC6B881B090BEB430BC8
:109E4000012308931CE000BFA8E8022004000200E0
:109E500002000100D8CE0108F2EB0220002C00F035
:109E60008E806B8813F00F0F05D0184410F00F0F81
:109E700001D10BF1020B1B090BEB430B18230493CD
:109E80000134A4B2544500F28280B7695FFA84F9C4
:109E900049463046FFF74CFA054631464846FFF73B
:109EA000EBFAAB889B1003F00E035B4A127802F0CA
:109EB0000F029342D2DB1CB1C0F30F1307EB430731
:109EC000444504D0039B002BDAD04445D8D3002C62
:109ED0003FF4B2AE2B88B3F5E06F05D36A88082A49
:109EE0003FF6BBAE2F3293B21B2B3FF6F8AE092BD9
:109EF000BFF4D9AE002B3FF429AF082B5FD81AB2BC
:109F0000002A3FF4CDAE012202FA03F313F4C87F16
:109F10007FF4A9AE13F0260F7FF42DAF13F0480F96
:109F20003FF4DAAE10F00F0F58D1BBF80050099B88
:109F300013B13B88AB4254D1059BA3F5E053103BD2
:109F40009BB21F2B0DD8A5F5B0539BB2B3F5007F84
:109F500007D3A5F5D0539BB2B3F5007F01D3002DF5
:109F600042D1059BA3F5E153123B9BB2012B7FF637
:109F700031AF3D800BF1020B0123089380E70BF119
:109F8000020B182304937BE70123089378E7DDF89D
:109F900010E0089B002B3FF439AE4FF0000E35E681
:109FA0004FF0050E32E64FF0110E2FE64FF01A0E6D
:109FB0002CE64FF0000E29E64FF0130E26E64FF088
:109FC000180E23E64FF0180E20E64FF0180E1DE68F
:109FD0004FF0180E1AE64FF0120E17E64FF0050E6E
:109FE00014E64FF01C0E11E64FF0120E0EE64FF085
:109FF000050E0BE64FF01C0E08E64FF01C0E05E6B2
:10A000004FF0050E02E64FF0050EFFE54FF0050E8E
:10A01000FCE5DDF810E0F9E5A8E80220027A02F09C
:10A020001002474B1B78934200F0878070B50446BE
:10A03000444B1B88093B9BB241490A701D46424A6A
:10A0400010680344414A1268934212D9151A404BD2
:10A0500000221A70237A238110F0010F0DD14008DD
:10A060003C4A166836F8102043EA02232381002375
:10A0700024E0374B01221A70ECE7364A1168400899
:10A0800031F8102022F0FF021343238101306A1EB1
:10A0900001EB400104F10A00E7F7D6FA11E01A18C3
:10A0A00036F81210013236F81220120242EA11225A
:10A0B000191D04EB41014A8001339BB2B3EB550FEC
:10A0C000EDD3E388C3F30B03E38043F44053E38011
:10A0D000238903F47F4323811D4A1278BAB11849BA
:10A0E00009780B432381062D18D80A232380218960
:10A0F000C5F107039BB25B009BB20B432381012A8E
:10A1000010D1114A13682B441360002070BD0C4914
:10A11000097841F001010B432381E4E7ABB203333B
:10A120002380ECE70B4C2068E7F786FA00202060DC
:10A13000054B1860084B1870E8E70120704700BF16
:10A14000FCEB022060EB022000EC0220F8EB022086
:10A1500009EC022018EC02200AEC0220F0B583B0D2
:10A160000189824B1B7801F010029A4200F0E380D3
:10A1700004467F4B1B88093B9BB27C4802707D4A9A
:10A180001668002E00F0EB807B4A12687B4800685E
:10A19000121A11F0010F18D09342C0F0A980238841
:10A1A000033B934205D36FEA610505F0070595422D
:10A1B00006D0072A40F2D580934201D00E26BBE09C
:10A1C0006F4B00251D70154608E06D4D4FF0010CDA
:10A1D00085F800C01D46934280F0C58010F0010F45
:10A1E00021D162894308120242EA112226F8132083
:10A1F00001236A1CB3EB520F32D2DA1C04EB420289
:10A2000056881A1D04EB420252885C49096803EB28
:10A21000510158480068120242EA162220F8112023
:10A2200001339BB2E5E7430816F8132026F8132004
:10A230005048524E33685B08076837F8132021896D
:10A2400021F0FF010A4327F81320006833685B08F8
:10A2500001336A1E04F10A0100EB4300E7F7F4F949
:10A26000474B1B780BB1002644E0464B1B7801930B
:10A27000404B1B680093444B1B683F4A126843499C
:10A28000097843480088FFF73DFC0646FF2806D0C2
:10A29000384F3868E7F7D0F900233B602AE03D4BA0
:10A2A00002221A70374B1A783B4B1A70374B1A78C8
:10A2B0003A4B1A70364B1A88394B1A802E4B1A6853
:10A2C000384B1A602B4B1A68374B1A602E4B1B68A1
:10A2D0001A6A364B1A60364B01221A70354B1C60D5
:10A2E0000023274A1370344A1370244A136033E062
:10A2F00015460E2606BB0A232380E388C3F30B030F
:10A30000E38043F44053E380184B1B785BB1302368
:10A3100023811B4B1B78012B08D00023174A1360A5
:10A32000254A137018E020232381F2E7134A1368AB
:10A330002B44136010E001260023114A13701E4ABB
:10A3400013700C4B186820B1E7F776F9094B00221F
:10A350001A600A4B00221A60304603B0F0BD032693
:10A36000EAE70E26E8E70E26E6E700BFFCEB022050
:10A370005EEB022018EC0220F8EB022000EC022039
:10A3800009EC022008EC0220F4EB022004EC02208D
:10A3900006EC02203CEC02203BEC02203AEC0220CE
:10A3A00038EC022034EC022030EC02202CEC0220AD
:10A3B0000BEC02200CEC02200AEC022010B5039CEE
:10A3C000602906D029B1B4F808C02CF0FF0CA4F81D
:10A3D00008C0002842D1E088C0F30B00E08040F4C0
:10A3E0004050E080402908D000292ED10A23238044
:10A3F000238943F0200323813FE002990139032997
:10A400000FD80A23238023890299C9B2C1F104011C
:10A4100042F0030242EA8102134343F040032381E6
:10A420002BE002998B420BD20A332380029BA3813B
:10A430001B0CE381238942F04102134323811CE07A
:10A44000029B9BB20A332380F0E7602915D00A23D0
:10A450002380238943F0600323810EE00A232380B5
:10A46000E388C3F30B03E38043F40053E3808023CA
:10A470002381064B53F82030E36002212046FEF78B
:10A4800057FD08B1024B1C6010BD00BFF8CE01089B
:10A490008CE802202DE9F04F89B00789B0F80080E0
:10A4A000964B1E78002E40F0FD8104465FFA87FB34
:10A4B00007F0E005402D16D00BD8002D00F0B88134
:10A4C000202D10D04FF00009CDF808904FF0030870
:10A4D000B8E1602D00F0AC814FF00009CDF8089094
:10A4E0004FF00308AEE163894FEA032A0AEB172A0B
:10A4F0001FFA8AFA1B0A03935046FEF73FFE0490A8
:10A50000002800F0B9810BF01002059213460246B4
:10A5100003995046FEF73DFE0290402D11D00BF0FE
:10A5200002030696DDF8089000220792202D2DD018
:10A53000059B002B58D0039B012B53D94FF00508E6
:10A5400080E1B8F10A0F40F0AF81431E032B09D818
:10A5500004F10C0307930023A381E381069681464F
:10A560000123E3E7664BB3F80090A9F11009029BC1
:10A570004B4505D804F11003079306963346D5E7FB
:10A5800033460122069200220792CFE75BB1B8F171
:10A590000A0F40F08B81CBF38109C9F1040904F162
:10A5A0000C030793C4E7E389B4F80C9009EB034963
:10A5B00009F11002534B1B889A420DD9063B98456E
:10A5C00040F0768104F110030793A8F10A034B458C
:10A5D000AED201230693ABE709F10A039845F1D007
:10A5E000082632E101230593069B002B00F0B08082
:10A5F0000123454A1370454A1370454B059A1A705A
:10A60000444BA3F800A0444B039A1A70434B049A9E
:10A610001A60402D25D0424BC3F80090414B18687A
:10A6200020B1E7F709F83F4B00221A603C4B18684D
:10A63000013020F00100E6F7F7FF3A4B1860A0B1B7
:10A64000402D19D0A8F10A094A4604F11001E6F795
:10A65000FBFF354B00221A70B046344BC3F8009014
:10A66000F0E02F4B029A1A60D8E7059B002B00F010
:10A670000A814FF00508E5E0059B01930090049BDB
:10A68000029A03995046FFF703F88046002829D024
:10A69000FF28E2D1264B04221A70264B059A1A7025
:10A6A000254B039A1A70254BA3F800A0244B029A5D
:10A6B0001A601C4B1A68234B1A60049BDA69224B00
:10A6C0001A600E4B01221A70204B1C60238903F480
:10A6D0007F43238107F0F0073B432381124B602225
:10A6E0001A70B2E04A460F4B196804F11000E6F701
:10A6F000ABFF0D4B60221A70AFE700BF0BEC0220DE
:10A7000060EB02205EEB022009EC0220FCEB022051
:10A7100008EC022006EC022004EC0220F4EB0220FC
:10A72000F8EB022018EC02200AEC022000EC0220D8
:10A730003CEC02203BEC02203AEC022038EC0220F8
:10A7400034EC022030EC02202CEC02200CEC022035
:10A75000029B43B9574BA3F800A0574B039A1A70BA
:10A76000564B049A1A60402D30D0059B0193079BED
:10A770000093049B4A4603995046FFF7C3F980466D
:10A78000FF285FD101234E4A13704E4A059911707C
:10A790004D4A039911704D4AA2F800A04C4AC2F8E4
:10A7A00000904C4A07991160049A116A4A4A116054
:10A7B0004A4A13704A4B1C60238903F47F43238168
:10A7C00007F0F0073B432381069E3EE0059B019383
:10A7D000079B0093049B029A03995046FEF758FF8B
:10A7E0008046FF282ED1364B03221A70354B059A2E
:10A7F0001A70354B039A1A70344BA3F800A0344BEF
:10A80000029A1A60334B079A1A60049BDA69324B3A
:10A810001A60324B01221A70314B1C60238903F4F9
:10A820007F43238107F0F0073B432381069E0CE022
:10A830002C4B1B78AB420CD04FF00009CDF80890A0
:10A840004FF00308B8F1FF0F20D1304609B0BDE842
:10A85000F08F45B92046FFF781FC80464FF0000994
:10A86000CDF80890EEE72046FFF7D8FB80464FF082
:10A870000009CDF80890E5E74FF00009CDF8089001
:10A880004FF00808DEE74FF00408DBE70194029B75
:10A8900000931FFA89F30BF0100229464046FFF798
:10A8A0008DFDD2E70926D0E70826CEE70826CCE7BB
:10A8B0000826CAE706EC022004EC0220F4EB022092
:10A8C0003CEC02203BEC02203AEC022038EC022067
:10A8D00034EC022030EC02202CEC02200BEC0220A5
:10A8E0000CEC02200AEC0220294B1B78002B4DD0E7
:10A8F0002DE9E04382B006460D461146254B186807
:10A90000027A02F0E00902F01008B9F1400F10D00D
:10A9100000271F4B00221A701E4B1B6801930095E5
:10A920003B46424649463046FFF748FD02B0BDE887
:10A93000E083194B1F88103FBFB2AF4209D36B1E93
:10A94000032B1CD80C308842E3D02A46E6F77CFE65
:10A95000DFE70123114A1370114A1370114B83F87A
:10A960000080114B1D60114B60221A70104B196052
:10A970003A461030E6F768FE0E4B1F60C9E710300C
:10A980008842C6D02A46E6F75FFEC2E7704700BF9E
:10A990000BEC02200CEC022060EB022009EC022000
:10A9A000FCEB022008EC0220F8EB02200AEC02206B
:10A9B00018EC022000EC02202DE9F04184B004469E
:10A9C00000238DF80F30057A05F07F05052D11D095
:10A9D0000388072B40F24A81032D00F08980052D62
:10A9E00000F08680012D40F01881A589052D06D93B
:10A9F000022116E10388092BEED806202DE1EDB2E5
:10AA00000E2221469A48E6F71FFE681EC6B26DBBAD
:10AA1000984B00221A8008E02846FEF79AFCA31DF6
:10AA20002A1D23F812000135EDB2042DF4D91223AA
:10AA300023809DF80F30002B40F01281228922F0F4
:10AA40007F039BB2238143F002032381894B1B8840
:10AA50006381002B00F0068102F47F4242F0020382
:10AA6000238142F0820222818221DAE0814B19881F
:10AA7000F1B1814B1A880C3A92B204F10C037F4871
:10AA80000088ADF80C0001397A4801800DF10F0102
:10AA9000009103A93046FEF78FFC784BBDF80C20DF
:10AAA0001A80754B1B881B1A9BB2063B9BB2BFE7F3
:10AAB0003046FEF74EFC4FF48053ADF80C306E4B31
:10AAC0001988A1F10E0292B204F10E034500B2EB17
:10AAD000400F09DA0C3989B2A81A4D1E284490FBA0
:10AAE000F1F164480180D1E7624900200880CDE798
:10AAF000A089ADF80C00B0F5805F04D205238DF875
:10AB00000F3002218DE0FEF739FB064600287FD08A
:10AB1000032D1AD0A77BFEF7ADFC83789F423AD96C
:10AB200011238DF80F3000239DF80F20002A40F0EC
:10AB30009B8062812380238923F07F039BB2238142
:10AB400001352B43238102216BE004F10E07FEF750
:10AB500091FC014604223846E6F776FD0023324692
:10AB60001946BDF80C00FEF77FFB00F10C039BB209
:10AB7000414A1288063A934201D90C23D4E704F1E2
:10AB8000120332460021BDF80C00FEF76DFB00F108
:10AB90000C039BB2C8E704F1100839463046FEF7B3
:10ABA000C7FB014606224046E6F74EFDA37BE38144
:10ABB0003046FEF75FFC4388C3F30323083B9BB298
:10ABC000012B00D887B1002332463946BDF80C006E
:10ABD000FEF74AFB00F110039BB2274A1288063A9F
:10ABE000934209D910239FE70D22254904F116004D
:10ABF000E6F72AFD1C2397E704F11603324639468F
:10AC0000BDF80C00FEF730FB00F110039BB28BE7A0
:10AC100008238DF80F30022103E003238DF80F3055
:10AC200002219DF80F208AB10A232380238923F073
:10AC30007F039BB2238143F00703238100236381B9
:10AC4000104850F82220E2600A4A13802046FEF79E
:10AC50006FF910B10C4B1C60002004B0BDE8F0810E
:10AC60000221DEE70221DCE70221DAE70620F4E731
:10AC70001CEC022016EC022060EB022014EC0220F7
:10AC8000703E0020F8CE01088CE802207047704723
:10AC9000704770477047704770477047F8B500BFFE
:10ACA000F8BC08BC9E467047F8B500BFF8BC08BCAD
:10ACB0009E467047000000005FF800F04100002051
:10ACC0005FF800F0AD0300205FF800F07B02002089
:10ACD0005FF800F0890100205FF800F01900002003
:10ACE0000018024010000000001802402000000080
:10ACF00000180240400000000018024080000000E0
:10AD0000000000000000000001020304060708091B
:10AD10000000000001020304002020202020202049
:10AD200020202828282828202020202020202020FB
:10AD3000202020202020202020881010101010100B
:10AD40001010101010101010100404040404040457
:10AD500004040410101010101010414141414141F1
:10AD600001010101010101010101010101010101D3
:10AD700001010101101010101010424242424242E3
:10AD800002020202020202020202020202020202A3
:10AD9000020202021010101020000000000000004B
:10ADA00000000000000000000000000000000000A3
:10ADB0000000000000000000000000000000000093
:10ADC0000000000000000000000000000000000083
:10ADD0000000000000000000000000000000000073
:10ADE0000000000000000000000000000000000063
:10ADF0000000000000000000000000000000000053
:10AE00000000000000000000000000000000000042
:10AE100000000000000000000000000020202020B2
:10AE200020202020202020202020202030303030E2
:10AE30003030303030303030303030302020202052
:10AE400020202020202020202020202030303030C2
:10AE50003030303030303030303030302020202032
:10AE600020202020202020202020202030303030A2
:10AE70003030303030303030303030300000000092
:10AE800005000000190000007D0000000000000027
:10AE9000000000000000F03F00000000000024401F
:10AEA00000000000000059400000000000408F40FA
:10AEB000000000000088C34000000000006AF84065
:10AEC0000000000080842E4100000000D012634189
:10AED0000000000084D797410000000065CDCD41FF
:10AEE000000000205FA00242000000E876483742E0
:10AEF000000000A2941A6D42000040E59C30A2427E
:10AF00000000901EC4BCD64200003426F56B0C43F2
:10AF10000080E03779C3414300A0D8855734764399
:10AF200000C84E676DC1AB43003D9160E458E143FA
:10AF3000408CB5781DAF154450EFE2D6E41A4B446F
:10AF400092D54D06CFF08044F64AE1C7022DB544B4
:10AF5000B49DD9794378EA44BC89D897B2D29C3C55
:10AF600033A7A8D523F649393DA7F444FD0FA532F0
:10AF70009D978CCF08BA5B25436FAC642806C80A3E
:10AF80000080E03779C34143176E05B5B5B89346E5
:10AF9000F5F93FE9034F384D321D30F94877825AB1
:10AFA0003CBF737FDD4F157541804292814582839E
:10AFB00084854B864D484F8750435488BD58898AB5
:10AFC0008B8C8D8E628FACAD41A042A1E045A3A4D5
:10AFD000A5A64BA74D484FA8504354A9AA58E1AB8A
:10AFE000ACE2ADAE62AFB0B16D656D705F6D616CBE
:10AFF0006C6F633A2074797065203C204D454D504C
:10B000005F4D4158000000006D656D705F667265B0
:10B01000653A2074797065203C204D454D505F4D58
:10B0200041580000504255465F504F4F4C000000C1
:10B03000504255465F5245462F524F4D000000008A
:10B040005359535F54494D454F555400465241475B
:10B050005F5042554600000052454153534441540D
:10B06000410000005443505F534547005443505F34
:10B070005043425F4C495354454E00005443505F87
:10B08000504342005544505F504342006E6574691E
:10B09000665F6164643A20696E76616C6964206EF3
:10B0A00065746966000000006E657469665F6164BE
:10B0B000643A204E6F20696E69742066756E637401
:10B0C000696F6E20676976656E0000006E65746951
:10B0D000665F7365745F75703A20696E76616C693E
:10B0E00064206E65746966006E657469665F736579
:10B0F000745F646F776E3A20696E76616C69642064
:10B100006E65746966000000696E6372656D656ED8
:10B11000745F6D61676E6974756465203C3D207075
:10B120002D3E6C656E000000286820213D204E55A4
:10B130004C4C2920262620287420213D204E554C99
:10B140004C29202870726F6772616D6D6572207670
:10B15000696F6C61746573204150492900000000DB
:10B16000706275665F636F70795F70617274696138
:10B170006C5F706275663A20636F70795F6C656EA4
:10B1800020626967676572207468616E20736F75ED
:10B1900072636500706275665F636F70795F70617E
:10B1A000727469616C5F706275663A20746172676F
:10B1B0006574206E6F742062696720656E6F7567B5
:10B1C00068000000705F66726F6D20213D204E5553
:10B1D0004C4C0000705F746F20213D204E554C4C4C
:10B1E00000000000706275665F636F70795F706168
:10B1F000727469616C5F70627566282920646F657E
:10B2000073206E6F7420616C6C6F77207061636B5C
:10B2100065742071756575657321000070627566CF
:10B220005F636F70793A20696E76616C6964207330
:10B230006F75726365000000706275665F636F70A2
:10B24000795F7061727469616C3A20696E76616CC5
:10B250006964206275660000706275665F636F7076
:10B26000795F7061727469616C3A20696E76616CA5
:10B270006964206461746170747200007463705F4B
:10B2800062696E643A20696E76616C6964207063ED
:10B29000620000007463705F62696E643A206361EB
:10B2A0006E206F6E6C792062696E6420696E207307
:10B2B0007461746520434C4F534544007463705F60
:10B2C0006C697374656E5F776974685F6261636BE4
:10B2D0006C6F675F616E645F6572723A20696E764B
:10B2E000616C696420706362000000007463705FC9
:10B2F0006C697374656E5F776974685F6261636BB4
:10B300006C6F675F616E645F6572723A2070636232
:10B3100020616C726561647920636F6E6E65637421
:10B32000656400007463705F7265637665643A20DB
:10B33000696E76616C696420706362007463705F2B
:10B340007063625F70757267653A20696E76616CD2
:10B3500069642070636200007463705F6162616E93
:10B36000646F6E3A20696E76616C69642070636206
:10B37000000000007463705F636C6F73653A20694E
:10B380006E76616C69642070636200007463705F44
:10B39000726563765F6E756C6C3A20696E76616C6F
:10B3A00069642070636200007463705F70726F6321
:10B3B0006573735F726566757365645F64617461FC
:10B3C0003A20696E76616C696420706362000000E7
:10B3D000756E61636B656400756E73656E740000F5
:10B3E0007463705F77726974653A20696E76616C18
:10B3F00069642070636200007463705F77726974BF
:10B40000653A20617267203D3D204E554C4C202806
:10B4100070726F6772616D6D65722076696F6C61B5
:10B420007465732041504929000000006E657469FD
:10B430006620213D204E554C4C0000006970345F61
:10B440006672616728293A207062756620746F6F92
:10B450002073686F7274000045544845524E45543D
:10B4600000000000485454502F312E31203230302B
:10B47000204F4B0D0A436F6E74656E742D547970B6
:10B48000653A20746578742F68746D6C3B2063682E
:10B4900061727365743D5554462D380D0A436F6EC5
:10B4A00074656E742D4C656E6774683A2035303063
:10B4B0000D0A4C6F636174696F6E3A206874747022
:10B4C000733A2F2F62617A69736165726F2E72759C
:10B4D0002F0D0A436F6E6E656374696F6E3A206359
:10B4E0006C6F73650D0A0D0A3C68746D6C3E3C62AE
:10B4F0006F6479207374796C653D276261636B6753
:10B50000726F756E643A233165336337323B636F14
:10B510006C6F723A236666663B666F6E742D666169
:10B520006D696C793A73616E732D73657269662704
:10B530003E3C6831207374796C653D27636F6C6F96
:10B54000723A236666646435373B746578742D619E
:10B550006C69676E3A63656E746572273E42617A04
:10B560006973204165726F3C2F68313E3C702073D7
:10B5700074796C653D27746578742D616C69676EAC
:10B580003A63656E7465723B6D617267696E3A32DB
:10B59000307078273ED0A0D0BED181D181D0B8D034
:10B5A000B9D181D0BAD0BED0B520D0BFD180D0BE65
:10B5B000D0B8D0B7D0B2D0BED0B4D181D182D0B2C1
:10B5C000D0BE20D0B0D18DD180D0BED0B4D180D06B
:10B5D000BED0BCD0BDD18BD18520D0B8D181D18295
:10B5E000D0BED187D0BDD0B8D0BAD0BED0B23C2F5B
:10B5F000703E3C646976207374796C653D27746590
:10B6000078742D616C69676E3A63656E7465722734
:10B610003E3C6120687265663D2768747470733AB9
:10B620002F2F62617A69736165726F2E72752F2791
:10B63000207461726765743D275F626C616E6B2771
:10B64000207374796C653D27646973706C61793A15
:10B65000696E6C696E652D626C6F636B3B706164C3
:10B6600064696E673A3130707820323070783B62AE
:10B6700061636B67726F756E643A23666636663611
:10B68000313B636F6C6F723A77686974653B626FC8
:10B69000726465722D7261646975733A3870783BB3
:10B6A000746578742D6465636F726174696F6E3A46
:10B6B0006E6F6E65273ED09FD0B5D180D0B5D0B922
:10B6C000D182D0B820D0BDD0B020D181D0B0D0B9F7
:10B6D000D1823C2F613E3C2F6469763E3C666F6FA1
:10B6E000746572207374796C653D27746578742D68
:10B6F000616C69676E3A63656E7465723B6D617209
:10B7000067696E2D746F703A323070783B666F6E79
:10B71000742D73697A653A302E38656D3B6F7061B0
:10B72000636974793A302E37273EC2A9203C6120E4
:10B73000687265663D2768747470733A2F2F626172
:10B740007A69736165726F2E72752F27207461722A
:10B750006765743D275F626C616E6B272073747937
:10B760006C653D27636F6C6F723A2366666464355F
:10B7700037273E42617A6973204165726F2032300B
:10B7800032333C2F613E3C2F666F6F7465723E3CD6
:10B790002F626F64793E3C2F68746D6C3E00000030
:10B7A0004D6F64627573536C61766554435000004D
:10B7B0004D6F64627573536C617665525455000029
:10B7C00045737461727400004D617374657200009A
:10B7D00050616E656C0000004B6579626F61726448
:10B7E0000000000045746865724341540000000089
:10B7F00048617274626561740000000054656D7088
:10B800006D6573004D617374657253746174657313
:10B8100000000000C1C0C7C8D120C0DDD0CE0000EC
:10B82000202020202A25313073202A2020202000AB
:10B8300020202020202020202020202020253664A9
:10B840002000000020202020202020202020202058
:10B850002535640020444325316420202020202009
:10B86000257353202020202020202020202020204D
:10B8700020202020202045202020552C4220202040
:10B8800020202533642C25316420202054202020C2
:10B890004C696D492C412020202534642020200053
:10B8A0004E554C4C20504F494E5445522045525213
:10B8B0004F520000CAC0D2C0CBCEC3002573202097
:10B8C0002531642020202020202025732573202569
:10B8D000316420202025356420202573202020205D
:10B8E00020202573257320202020202020202020A8
:10B8F00020000000CCCECDC8D2CED0C8CDC3000031
:10B90000D1CED5D0C0CDC8D2DC000000CDC0C7C0DC
:10B91000C4000000CFC0D0C0CCC5D2D00000000011
:10B920004443200041432000C0C2C0D0C8DF000013
:10B9300020253673202573202533640020444325B9
:10B9400031642020202573202025732020202020F2
:10B9500020202020202020202020202020202055B2
:10B960002C4220202532642C2531642020502C6B61
:10B97000425420393020492C4120202534640000D5
:10B9800020414320202025732020257320552C4260
:10B990002020202533642020253364202025336493
:10B9A00020492C4120202025336420202533642089
:10B9B0002025336420462C487A20202533642050EB
:10B9C0002C6B4241202533640000000020414320BD
:10B9D0002020202020202573532020552C42202079
:10B9E0002020202533642C25316420202020452070
:10B9F00020462C487A202020202533642C253164D1
:10BA0000202020205420204C696D492C41202025E5
:10BA10003364202020202000C2CDC8CCC0CDC8C5B2
:10BA2000000000007C2020202020257320202020E2
:10BA300020207C7C202020202573202020207C7C3E
:10BA400020202025732020207C7C202020202020E6
:10BA500020204F4B20202020202020207C20000070
:10BA6000CDC520C7C0CFC8D1C0CDCDDB21000000DF
:10BA7000CFC0D0C0CCC5D2D0DB0000002020202019
:10BA800020202020202020202020202020202020B6
:10BA90002020202025733F2020202020202020202F
:10BAA0002020253373202020202533732020000000
:10BAB000CDC5D200C4C020002A00000020253130AE
:10BAC000732573202025356420202531307325739C
:10BAD000202025356420202531307325732025361C
:10BAE0006420204170706C792020202020202020AC
:10BAF0002045786974202000446973706C61795521
:10BB00007064617465720000255800003935383260
:10BB100036396420000000007463705F736E6462E5
:10BB2000756628207078504342436C69656E7420B6
:10BB300029203E3D2075735443504C656E677468F0
:10BB4000000000002F686F6D652F7365726765795F
:10BB50002F7265706F2F62617369735F63702F64FA
:10BB60007269766572732F6D6F646275732F706F73
:10BB700072742F706F72747463702E630000000013
:10BB800062617369735F70700000000046726571D6
:10BB90002072656600000000566F6C742072656646
:10BBA00000000000436F6E74726F6C20776F7264D8
:10BBB00000000000566F6C7420550000566F6C74C6
:10BBC00020490000566F6C74205700004375727254
:10BBD000204900004375727220550000437572724F
:10BBE0002057000052656646000000005265665509
:10BBF000000000004374726C000000004B750000F0
:10BC00005575000055760000557700004975000015
:10BC1000497600004977000041766172537461747F
:10BC200065310000417661725374617465320000C1
:10BC3000536F7572636500004964726566000000A9
:10BC4000556472656600000046776400436F6E7449
:10BC5000726F6C0049642030000000005564203091
:10BC60000000000041494E32000000004964204BB2
:10BC7000000000005564204B0000000041696E3256
:10BC8000204B000049646C696D00000055446C69EC
:10BC90006D0000004964666C7400000050574D6DE3
:10BCA000617800005564700049647000556472004A
:10BCB00049646761696E000055646761696E0000E0
:10BCC000496474696D650000556474696D650000B0
:10BCD0004661756C7400000044696E00446F7574B1
:10BCE0000000000050636E746C00000049647261D3
:10BCF00077000000556472617700000041696E3280
:10BD0000726177005374617465000000496400003B
:10BD100055640000464F4E0050574D0049444C4575
:10BD200000000000546D725100000000546D72203C
:10BD3000537663002C2066756E6374696F6E3A20CB
:10BD400000000000617373657274696F6E202225B4
:10BD50007322206661696C65643A2066696C6520AF
:10BD6000222573222C206C696E652025642573259D
:10BD7000730A0000494E4600696E66004E414E004F
:10BD80006E616E00303132333435363738394142E6
:10BD900043444546000000003031323334353637F5
:10BDA000383961626364656600000000286E756C56
:10BDB0006C29000030000000496E66696E69747974
:10BDC000000000004E614E0042616C6C6F63207396
:10BDD0007563636565646564000000002E2E2F2E78
:10BDE0002E2F2E2E2F2E2E2F2E2E2F2E2E2F6E65F7
:10BDF000776C69622F6C6962632F7374646C69621B
:10BE00002F64746F612E63002E2E2F2E2E2F2E2E58
:10BE10002F2E2E2F2E2E2F2E2E2F6E65776C6962D1
:10BE20002F6C6962632F7374646C69622F6D70721A
:10BE300065632E630000000043000000504F53492B
:10BE4000580000002E000000ECBE0108DCBE010816
:10BE5000CCBE0108BCBE0108ACBE01089CBE0108F6
:10BE60008CBE01087CBE01086CBE010824B001082C
:10BE7000EC050F00609800205C98002030B00108AD
:10BE8000100005003CF1002038F1002040B001080E
:10BE900010000A0094F1002090F100204CB001083D
:10BEA00018000F003CF2002038F2002058B00108C2
:10BEB00020000500ACF30020A8F3002064B00108C6
:10BEC00014000C0054F4002050F400206CB0010861
:10BED0001C0006004CF5002048F500207CB001084D
:10BEE000B0000A00FCF50020F8F5002084B001083D
:10BEF00020000600E4FC0020E0FC0020BCFD002047
:10BF0000C0FD0020B8FD0020B4FD002003060C1881
:10BF100030607800010203040506070707070707DA
:10BF2000070000000000000000000000000000000A
:10BF3000FFFFFFFFFFFF000064000000000065003E
:10BF40000000000066000000000067000000000024
:10BF500068000100000068000101000068000102A3
:10BF600000006800010300006800010400000000F8
:10BF700000000000000000000000000000000000C1
:10BF800000000000000000000000000000000000B1
:10BF900000006E00000000006F0000000000700054
:10BFA00000000000710000000000720000000000AE
:10BFB000730000000000000000000000000000000E
:10BFC0000000000000000000000000000000000071
:10BFD0000000000000000000000000000000000061
:10BFE00000000000000000000000000078000000D9
:10BFF00000007900000000007A00000000007B00D3
:10C00000000000007C00000000007D000000000037
:10C010007E000000000000000000000000000000A2
:10C020000000000000000000000000000000000010
:10C030000000000000000000000000000000000000
:10C0400000000000000082000000000083000000EB
:10C0500000008400000000008500000000000000D7
:10C0600000000000000000000000000000000000D0
:10C0700000000000000000000000000000000000C0
:10C0800000000000000000000000000000000000B0
:10C0900000000000000000000000000000000000A0
:10C0A0008C00010000008C00010100008C000102E6
:10C0B00000008C00010300008C00010400008C00D3
:10C0C000010500008C00010600008C000107000043
:10C0D0008C000108000000000000000000000000CB
:10C0E0000000000000000000000000000000000050
:10C0F00000000000000000000000960001000000A9
:10C1000096000101000096000102000000000000FE
:10C11000000000000000000000000000000000001F
:10C12000000000000000000000000000000000000F
:10C1300000000000000000000000000000000000FF
:10C1400000000000000000000000000000000000EF
:10C1500000000000A00001000000A000010100009C
:10C16000A00001020000A00001030000A0000104E3
:10C170000000A10001000000A10001010000A100D9
:10C1800001020000A10001030000A1000104000061
:10C19000000000000000000000000000000000009F
:10C1A0000000000000000000000000000000AA00E5
:10C1B00001000000AA0001010000AA000102000025
:10C1C000000000000000000000000000000000006F
:10C1D000000000000000000000000000000000005F
:10C1E000000000000000000000000000000000004F
:10C1F000000000000000000000000000000000003F
:10C200000000000000000000B40000000000B500C5
:10C2100000000000B6000000000000000000000068
:10C22000000000000000000000000000000000000E
:10C2300000000000000000000000000000000000FE
:10C2400000000000000000000000000000000000EE
:10C2500000000000000000000000000000000000DE
:10C260000000BE0001000000BE0001010000BE0091
:10C2700001020000BE0001030000BE000104000036
:10C28000BE0001050000BE0001060000BE0001075F
:10C29000000000000000000000000000000000009E
:10C2A000000000000000000000000000000000008E
:10C2B000000000000000000000000000C8000100B5
:10C2C0000000C80001010000C80001020000C80011
:10C2D00001030000C800010400000000000000008D
:10C2E000000000000000000000000000000000004E
:10C2F000000000000000000000000000000000003E
:10C30000000000000000000000000000000000002D
:10C31000000000000000D20000000000D300000078
:10C320000000D40000000000D50000000000000064
:10C3300000000000000000000000000000000000FD
:10C3400000000000000000000000000000000000ED
:10C3500000000000000000000000000000000000DD
:10C3600000000000000000000000000000000000CD
:10C37000DC0001000000DC0001010000DC00010223
:10C380000000DC0001030000DC0001040000DC0010
:10C3900001050000DC0001060000DC0001070000D0
:10C3A000000000000000000000000000000000008D
:10C3B000000000000000000000000000000000007D
:10C3C00000000000000000000000E6000000000087
:10C3D000E700000000000000000000000000000076
:10C3E000000000000000000000000000000000004D
:10C3F000000000000000000000000000000000003D
:10C40000000000000000000000000000000000002C
:10C41000000000000000000000000000000000001C
:10C42000000000006600000000006700010000003E
:10C4300067000101000067000102000067000103BE
:10C4400000006700010400006700010500006700AC
:10C450000106000067000107000000000000000066
:10C4600000000000000000000000000000000000CC
:10C4700000000000000000000000000000006E004E
:10C48000000000006F0000000000700000000000CD
:10C4900071000000000072000000000000000000B9
:10C4A000000000000000000000000000000000008C
:10C4B000000000000000000000000000000000007C
:10C4C000000000000000000000000000000000006C
:10C4D00000000000000000007900000000007A0069
:10C4E000000000007B00000000007C000000000055
:10C4F0007D00000000007E00000000000000000041
:10C50000000000000000000000000000000000002B
:10C51000000000000000000000000000000000001B
:10C52000000000000000000000000000000000000B
:10C530000000820000000000830000000000840072
:10C540000000000085000000000000000000000066
:10C5500000000000000000000000000000000000DB
:10C5600000000000000000000000000000000000CB
:10C5700000000000000000000000000000000000BB
:10C5800000000000000000000000000004000000A7
:10C59000140000004E756C6C20706F696E740000A2
:10C5A000000000000000000000000000000000008B
:10C5B000000000000000000000000000000000007B
:10C5C0000000000001000000020000000000000068
:10C5D00001000000802500000096000000C201005C
:10C5E00000840300342D0000E80364000A00010009
:10C5F000E80364000A00010064000A000100000072
:10C600001F202123333435374748490001000100FA
:10C610001027E80364000A00010000000000000089
:10C62000091D2122232425332C45000001000A0086
:10C630006400E80301000A006400E803383635347A
:10C640004C4B4A49010000000A0000006400000051
:10C65000E80300001027000000000000242322212E
:10C66000200000000000000091130108B113010830
:10C670006D1101084D110108784D42544350506F1F
:10C68000727453656E64526573706F6E73650000EB
:10C6900000C0C101C30302C2C60607C705C5C40462
:10C6A000CC0C0DCD0FCFCE0E0ACACB0BC90908C8D2
:10C6B000D81819D91BDBDA1A1EDEDF1FDD1D1CDCC2
:10C6C00014D4D515D71716D6D21213D311D1D01032
:10C6D000F03031F133F3F23236F6F737F53534F422
:10C6E0003CFCFD3DFF3F3EFEFA3A3BFB39F9F83892
:10C6F00028E8E929EB2B2AEAEE2E2FEF2DEDEC2C82
:10C70000E42425E527E7E62622E2E323E12120E0F1
:10C71000A06061A163A3A26266A6A767A56564A4E1
:10C720006CACAD6DAF6F6EAEAA6A6BAB69A9A86851
:10C7300078B8B979BB7B7ABABE7E7FBF7DBDBC7C41
:10C74000B47475B577B7B67672B2B373B17170B0B1
:10C7500050909151935352929656579755959454A1
:10C760009C5C5D9D5F9F9E5E5A9A9B5B9959589811
:10C77000884849894B8B8A4A4E8E8F4F8D4D4C8C01
:10C780004484854587474686824243834181804071
:10C7900000C1814001C0804101C0804100C1814091
:10C7A00001C0804100C1814000C1814001C0804181
:10C7B00001C0804100C1814000C1814001C0804171
:10C7C00000C1814001C0804101C0804100C1814061
:10C7D00001C0804100C1814000C1814001C0804151
:10C7E00000C1814001C0804101C0804100C1814041
:10C7F00000C1814001C0804101C0804100C1814031
:10C8000001C0804100C1814000C1814001C0804120
:10C8100001C0804100C1814000C1814001C0804110
:10C8200000C1814001C0804101C0804100C1814000
:10C8300000C1814001C0804101C0804100C18140F0
:10C8400001C0804100C1814000C1814001C08041E0
:10C8500000C1814001C0804101C0804100C18140D0
:10C8600001C0804100C1814000C1814001C08041C0
:10C8700001C0804100C1814000C1814001C08041B0
:10C8800000C1814001C0804101C0804100C18140A0
:10C89000534D20696E70757420706172616D65749E
:10C8A00065720053796E6368726F6E697A6174693C
:10C8B0006F6E2054797065004379636C652054690C
:10C8C0006D65000053796E6368726F6E697A61748A
:10C8D000696F6E20547970657320737570706F7214
:10C8E000746564004D696E696D756D204379636C84
:10C8F000652054696D650043616C6320616E64203E
:10C90000436F70792054696D65000047657420435A
:10C9100079636C652054696D650044656C617920AC
:10C9200054696D650053796E6330204379636C659B
:10C930002054696D6500534D2D4576656E74204D0C
:10C940006973736564004379636C652054696D6530
:10C9500020546F6F20536D616C6C0053686966746E
:10C960002054696D6520546F6F2053686F72740096
:10C9700000000000000000000000000000000000B7
:10C98000000053796E63204572726F7200FF0000E1
:10C99000534D206F757470757420706172616D6590
:10C9A0007465720053796E6368726F6E697A617430
:10C9B000696F6E2054797065004379636C6520540B
:10C9C000696D65000053796E6368726F6E697A6194
:10C9D00074696F6E20547970657320737570706F11
:10C9E00072746564004D696E696D756D204379637D
:10C9F0006C652054696D650043616C6320616E64F1
:10CA000020436F70792054696D650000476574207C
:10CA10004379636C652054696D650044656C617988
:10CA20002054696D650053796E6330204379636CDF
:10CA3000652054696D6500534D2D4576656E7420F3
:10CA40004D6973736564004379636C652054696D47
:10CA50006520546F6F20536D616C6C00536869667C
:10CA6000742054696D6520546F6F2053686F727421
:10CA700000000000000000000000000000000000B6
:10CA800000000053796E63204572726F7200FF00E0
:10CA9000050008000700060010000F000700200036
:10CAA000070000002000000006001000070007003B
:10CAB0002000070007002000070000002000000001
:10CAC000060010003F0007002000070007002000BC
:10CAD0003F000600100007000600100007000000DD
:10CAE0001000000000001000000000002000000006
:10CAF00000002000000000002000000000002000D6
:10CB00000000000000000000000000000000000025
:10CB10000000000000000000000000000000000015
:10CB20000000000000000000000000000000000005
:10CB300000000000000000000000000000000000F5
:10CB400000000000000000000000000000000000E5
:10CB5000010001000700000053796E63206D616ED3
:10CB60006167657220747970650000000500080037
:10CB700007000500080007004572726F72205365B8
:10CB80007474696E6773004C6F63616C20457272D8
:10CB90006F72205265616374696F6E0053796E63C2
:10CBA000204572726F7220436F756E746572204CEF
:10CBB000696D697400FF00000500080007000700A8
:10CBC00020003F00060010003F0000004964656E31
:10CBD000746974790056656E646F72204944005020
:10CBE000726F6475637420636F6465005265766963
:10CBF00073696F6E0053657269616C206E756D624A
:10CC0000657200FF00000000050008000700070033
:10CC10002000070007002000070007002000070091
:10CC20000700200007000000536F6674776172658B
:10CC30002076657273696F6E0000000009002000A5
:10CC40000700000048617264776172652076657242
:10CC500073696F6E000000000900200007000000EB
:10CC6000446576696365206E616D6500090070003A
:10CC7000070000004572726F7220726567697374F5
:10CC80006572000005000800070000004465766931
:10CC900063652074797065000700200007000000BC
:10CCA000436F6E74726F6C20756E697400436F6EA3
:10CCB00074726F6C00FF0000050008000700070099
:10CCC00020007F00536C61766520446174610041EF
:10CCD00043315F566F6C74616765004143325F5644
:10CCE0006F6C74616765004443315F566F6C7461AB
:10CCF0006765004443325F566F6C7461676500413D
:10CD000043315F43757272656E74004143325F4315
:10CD10007572726E6574004443315F43757272655B
:10CD20006E74004443325F43757272656E740053D3
:10CD30007461746500FF000005000800070008002A
:10CD400020008700080020008700080020008700DE
:10CD5000080020008700080020008700080020004D
:10CD600087000800200087000800200087000700D7
:10CD70002000870053796E634D616E616765722094
:10CD8000332061737369676E6D656E7400FF000018
:10CD900005000800070006001000070053796E63C5
:10CDA0004D616E6167657220322061737369676ED1
:10CDB0006D656E7400FF00000500080007000600A6
:10CDC00010000700536C6176652044617461207027
:10CDD000726F636573732064617461206D6170703C
:10CDE000696E6700537562496E6465782030303132
:10CDF00000537562496E6465782030303200537597
:10CE000062496E6465782030303300537562496E34
:10CE10006465782030303400537562496E646578FB
:10CE20002030303500537562496E646578203030AB
:10CE30003600537562496E64657820303037005390
:10CE40007562496E646578203030380053756249E8
:10CE50006E6465782030303900FF0000050008005E
:10CE60000700070020000700070020000700070058
:10CE7000200007000700200007000700200007002F
:10CE8000070020000700070020000700070020001F
:10CE90000700070020000700436F6E74726F6C205C
:10CEA000756E69742070726F63657373206461744A
:10CEB00061206D617070696E6700537562496E64C0
:10CEC00065782030303100FF0000000005000800C8
:10CED0000700070020000700000001000300070012
:10CEE0000F001F003F007F00FF00FF01FF03FF074F
:10CEF000FF0FFF1FFF3FFF7F000000000000030542
:10CF000000000405010004050500040500000106F9
:10CF100001000106020001060000020641000406AD
:10CF2000420004064300040647000406000006060B
:10CF30001000070612000706130007061100090675
:10CF400030000906310009063200090633000906DF
:10CF50003600090600000008200000082100000833
:10CF60002200000823000008030001060400010657
:08CF7000D042FE7F0100000029
:08CF7800C57D00082902000834
:04CF800001020008A2
:10CF8400044AD2F8003C23F00F030343C2F8003CE8
:10CF9400704700BF00300240074BD3F8103C002B11
:10CFA40000DB7047044B054AC3F8042C02F18832B5
:10CFB400C3F8042CF5E700BF0030024023016745A5
:10CFC400034AD2F8103C43F00043C2F8103C7047C7
:10CFD40000300240074BD3F8143C13F0010F07D084
:10CFE400044B054AC3F8082C02F14432C3F8082C58
:10CFF400704700BF003002403B2A1908034AD2F8A8
:10D00400143C43F00103C2F8143C70470030024062
:10D01400034AD2F8143C43F00203C2F8143C7047AC
:10D0240000300240044AD2F8143C23F00C030343BA
:10D03400C2F8143C704700BF00300240044AD2F8E2
:10D04400143C23F010030343C2F8143C704700BFA0
:10D0540000300240024BD3F8140CC0F34210704766
:10D0640000300240024BD3F8140CC0F30B4070475D
:10D0740000300240024BD3F8180CC0F30B40704749
:10D0840000300240064BD3F8143C002B05DA044B65
:10D09400D3F8140CC0F30B4070474FF47040704742
:10D0A40000300240064BD3F8143C002B05DA044B45
:10D0B400D3F8180CC0F30B4070474FF4704070471E
:10D0C40000300240054BD3F8143CC3F30723AA2BCA
:10D0D40001D0012070470020704700BF003002409B
:10D0E400024BD3F8140C00F00C00704700300240DF
:10D0F400044BD3F80C3C034201D1002070470120BB
:10D10400704700BF00300240014BC3F80C0C70475D
:10D1140000300240034AD2F8103C0343C2F8103CEA
:10D12400704700BF00300240034AD2F8103C23EAA3
:10D134000003C2F8103C70470030024001280CD0B4
:10D14400104BD3F8103C13F0007F17D00D4BD3F8DD
:10D154000C3C034214D1002070470A4BD3F8103C16
:10D1640013F0807F06D0074BD3F80C3C034203D165
:10D17400002070470020704701207047002070474E
:10D184000120704700300240014BC3F80C0C70477B
:10D1940000300240114BD3F80C3C13F4803F12D101
:10D1A40013F4807F11D113F0800F10D113F0400FCE
:10D1B4000FD113F0100F0ED113F0020F01D1002084
:10D1C40070470620704701207047022070470320F3
:10D1D4007047042070470520704700BF00300240AC
:10D1E40010B50446FFF7D6FF013C012801D1002CFD
:10D1F400F8D104B110BD0720FCE738B505466FF03F
:10D204003040FFF7EDFF00B138BD124CD4F8103CAC
:10D2140023F0F803C4F8103CD4F8103C2B4343F03B
:10D224000203C4F8103CD4F8103C43F48033C4F82F
:10D23400103C6FF03040FFF7D3FFD4F8103C23F0DC
:10D244000203C4F8103CD4F8103C23F0F803C4F8EB
:10D25400103CD9E70030024010B56FF03040FFF7C2
:10D26400BFFF00B110BD0E4CD4F8103C43F4004392
:10D2740043F00403C4F8103CD4F8103C43F4803366
:10D28400C4F8103C6FF03040FFF7AAFFD4F8103C0C
:10D2940023F4004323F00403C4F8103CE2E700BF86
:10D2A4000030024010B56FF03040FFF799FF00B135
:10D2B40010BD0C4CD4F8103C43F00403C4F8103CEB
:10D2C400D4F8103C43F48033C4F8103C6FF0304081
:10D2D400FFF786FFD4F8103C23F00403C4F8103C95
:10D2E400E6E700BF0030024010B56FF03040FFF7B2
:10D2F40077FF00B110BD0C4CD4F8103C43F400434C
:10D30400C4F8103CD4F8103C43F48033C4F8103C07
:10D314006FF03040FFF764FFD4F8103C23F400436F
:10D32400C4F8103CE6E700BF0030024070B5054683
:10D334000C466FF03040FFF753FF00B170BD0F4E45
:10D34400D6F8103C23F44073C6F8103CD6F8103CD1
:10D3540043F40073C6F8103CD6F8103C43F00103C4
:10D36400C6F8103C2C606FF03040FFF739FFD6F858
:10D37400103C23F00103C6F8103CDFE70030024004
:10D3840070B505460C466FF03040FFF729FF00B139
:10D3940070BD0F4ED6F8103C23F44073C6F8103C11
:10D3A400D6F8103C43F48073C6F8103CD6F8103C11
:10D3B40043F00103C6F8103C2C806FF03040FFF7B7
:10D3C4000FFFD6F8103C23F00103C6F8103CDFE74A
:10D3D4000030024070B505460C466FF03040FFF750
:10D3E400FFFE00B170BD0E4ED6F8103C23F440731E
:10D3F400C6F8103CD6F8103CC6F8103CD6F8103CE1
:10D4040043F00103C6F8103C2C706FF03040FFF776
:10D41400E7FED6F8103C23F00103C6F8103CE1E720
:10D424000030024008B56FF03040FFF7D9FE0C4BD6
:10D43400D3F8142CD3F8183C80B922F0404222F0DF
:10D44400100208491143064AC2F8141C43F07F63D2
:10D4540043F47023C2F8183CC2F8141C08BD00BF82
:10D4640000300240EC00FF0F70B5104BD3F8146C81
:10D47400D3F8185CD3F8143C002B12DB04466FF08D
:10D484003040FFF7ADFE70B926EA0446200C0004D4
:10D4940025EA0005054BC3F8146CC3F8185C012099
:10D4A40000E0002070BD0020FCE700BF0030024017
:10D4B40070B50F4BD3F8145CD3F8186CD3F8143C44
:10D4C400002B11DB04466FF03040FFF789FE68B98A
:10D4D40045EA0445200C00043043054BC3F8145CB2
:10D4E400C3F8180C012000E0002070BD0020FCE708
:10D4F40000300240F8B50446114BD3F8145CD3F85D
:10D50400186CD3F8147CD3F8142CD3F8183C6FF0AF
:10D514003040FFF765FE88B9002F03DB6FF31B452E
:10D524006FF31B4645EA044545F000456FF30F04CD
:10D534003443034BC3F8145CC3F8184CF8BD00BF64
:10D544000030024038B5164BD3F8144CD3F8185CAD
:10D554006FF03040FFF744FE90B9C4F30723AA2BC1
:10D564000FD024F0004424F47F440E4B23430C4A90
:10D57400C2F8143C45F07F6545F47025C2F8185C88
:10D5840038BD24F47F4444F42B44054BC3F8144CB5
:10D59400D3F8142C42F00202C3F8142CE1E700BFC4
:10D5A4000030024000AAFF0F10B504466FF030406F
:10D5B400FFF716FE40B9054AD2F8143C23F47F4322
:10D5C40043EA0423C2F8143C10BD00BF00300240FB
:10D5D400F8B506460D4614466FF03040FFF700FEDE
:10D5E40058B9064FD7F8143C23F0E00343EA060089
:10D5F40040EA05012143C7F8141CF8BD003002407D
:10D6040000000000030000003C4000200000000077
:10D614009806002000000000000000003C400020AC
:10D62400A44000200C410020000000000000000085
:10D6340000000000000000000000000000000000E6
:10D6440000000000000000000000000000000000D6
:10D6540000000000000000000000000000000000C6
:10D6640000000000000000000000000000000000B6
:10D6740000000000000000000000000000000000A6
:10D684000000000000000000000000000000000096
:10D694000000000000000000000000000000000086
:10D6A4000000000000000000000000000000000076
:10D6B40001000000000000000E33CDAB34126DE613
:10D6C400ECDE05000B00000000000000000000007C
:10D6D4000000000000000000000000000000000046
:10D6E4000000000000000000000000000000000036
:10D6F4000000000000000000000000000000000026
:10D704000000000000000000000000000000000015
:10D714000000000000000000000000000000000005
:10D7240000000000000000000000000000000000F5
:10D7340000000000000000000000000000000000E5
:10D74400B8070020B8070020C0070020C007002049
:10D75400C8070020C8070020D0070020D0070020F9
:10D76400D8070020D8070020E0070020E0070020A9
:10D77400E8070020E8070020F0070020F007002059
:10D78400F8070020F8070020000800200008002007
:10D7940008080020080800201008002010080020B5
:10D7A4001808002018080020200800202008002065
:10D7B4002808002028080020300800203008002015
:10D7C40038080020380800204008002040080020C5
:10D7D4004808002048080020500800205008002075
:10D7E4005808002058080020600800206008002025
:10D7F40068080020680800207008002070080020D5
:10D804007808002078080020800800208008002084
:10D814008808002088080020900800209008002034
:10D824009808002098080020A0080020A0080020E4
:10D83400A8080020A8080020B0080020B008002094
:10D84400B8080020B8080020C0080020C008002044
:10D85400C8080020C8080020D0080020D0080020F4
:10D86400D8080020D8080020E0080020E0080020A4
:10D87400E8080020E8080020F0080020F008002054
:10D88400F8080020F8080020000900200009002002
:10D8940008090020080900201009002010090020B0
:10D8A4001809002018090020200900202009002060
:10D8B4002809002028090020300900203009002010
:10D8C40038090020380900204009002040090020C0
:10D8D4004809002048090020500900205009002070
:10D8E4005809002058090020600900206009002020
:10D8F40068090020680900207009002070090020D0
:10D90400780900207809002080090020800900207F
:10D91400880900208809002090090020900900202F
:10D924009809002098090020A0090020A0090020DF
:10D93400A8090020A8090020B0090020B00900208F
:10D94400B8090020B8090020C0090020C00900203F
:10D95400C8090020C8090020D0090020D0090020EF
:10D96400D8090020D8090020E0090020E00900209F
:10D97400E8090020E8090020F0090020F00900204F
:10D98400F8090020F8090020000A0020000A0020FD
:10D99400080A0020080A0020100A0020100A0020AB
:10D9A400180A0020180A0020200A0020200A00205B
:10D9B400280A0020280A0020300A0020300A00200B
:10D9C400380A0020380A0020400A0020400A0020BB
:10D9D400480A0020480A0020500A0020500A00206B
:10D9E400580A0020580A0020600A0020600A00201B
:10D9F400680A0020680A0020700A0020700A0020CB
:10DA0400780A0020780A0020800A0020800A00207A
:10DA1400880A0020880A0020900A0020900A00202A
:10DA2400980A0020980A0020A00A0020A00A0020DA
:10DA3400A80A0020A80A0020B00A0020B00A00208A
:10DA4400B80A0020B80A0020C00A0020C00A00203A
:10DA5400C80A0020C80A0020D00A0020D00A0020EA
:10DA6400D80A0020D80A0020E00A0020E00A00209A
:10DA7400E80A0020E80A0020F00A0020F00A00204A
:10DA8400F80A0020F80A0020000B0020000B0020F8
:10DA9400080B0020080B0020100B0020100B0020A6
:10DAA400180B0020180B0020200B0020200B002056
:10DAB400280B0020280B0020300B0020300B002006
:10DAC400380B0020380B0020400B0020400B0020B6
:10DAD400480B0020480B0020500B0020500B002066
:10DAE400580B0020580B0020600B0020600B002016
:10DAF400680B0020680B0020700B0020700B0020C6
:10DB0400780B0020780B0020800B0020800B002075
:10DB1400880B0020880B0020900B0020900B002025
:10DB2400980B0020980B0020A00B0020A00B0020D5
:10DB3400A80B0020A80B0020B00B0020B00B002085
:10DB4400FFFFFFFF00000200430000000000000090
:10DB540000000000000000000000000000000000C1
:10DB6400000000000000000043000000000000006E
:10DB740000000000000000000000000000000000A1
:10DB8400000000000000000043000000000000004E
:10DB94000000000000000000000000000000000081
:10DBA400000000000000000043000000000000002E
:10DBB4000000000000000000000000000000000061
:10DBC400000000000000000043000000000000000E
:10DBD4000000000000000000000000000000000041
:10DBE40000000000000000004300000000000000EE
:10DBF4000000000000000000000000000000000021
:10DC040000000000000000004300000000000000CD
:10DC14000000000000000000000000000000000000
:10DC24000000000000000000CD6D0008616C0008D9
:10DC34000000000018AD010844BE010840BD010801
:10DC440040BD010840BD010840BD010840BD0108B8
:10DC540040BD010840BD010840BD010840BD0108A8
:10DC6400FFFFFFFFFFFFFFFFFFFFFFFFFFFF0000BE
:10DC74000100415343494900000000000000000036
:10DC84000000000000000000000000000000000090
:10DC94000000415343494900000000000000000017
:10DCA4000000000000000000000000000000000070
:10DCB400000000006E19000000C0000055F30008C9
:10DCC40055F3000855F30008486561746572000057
:10DCD4000000000064FF00200000000000000000BD
:10DCE400000000000100000000000000000000002F
:10DCF400E1F300085265626F6F74000000000000D9
:10DD040068FF002000000000000000000000000088
:10DD1400010000000000000000000000D9F300082A
:10DD240041433120656E61626C6500005C06012030
:10DD340000000000000000000000000000000000DF
:10DD4400CCC501080200000000000000414332205D
:10DD5400656E61626C6500006006012000000000D1
:10DD6400000000000000000000000000CCC5010815
:10DD7400020000000000000044433120656E61622F
:10DD84006C65000064060120000000000000000033
:10DD94000000000000000000CCC5010802000000E3
:10DDA4000000000044433220656E61626C6500002F
:10DDB40068060120000000000000000000000000D0
:10DDC40000000000CCC501080200000000000000B3
:10DDD4004D42204164647265737300007405012030
:10DDE400FA00000001000000000000000001000033
:10DDF4000000000000000000000000005254552004
:10DE0400656E61626C650000E4050120000000009D
:10DE1400000000000000000000000000CCC5010864
:10DE24000200000000000000525455205370656544
:10DE340064000000B40501200000000000000000A0
:10DE44000000000000000000D4C501080400000028
:10DE5400000000005254552050617269747900002A
:10DE6400B8050120000000000000000000000000D0
:10DE740000000000C0C5010803000000000000000D
:10DE840054435020656E61626C6500001C060120DD
:10DE9400000000000000000000000000000000007E
:10DEA400CCC50108020000000000000045435420D6
:10DEB400656E61626C65000054060120000000007C
:10DEC400000000000000000000000000CCC50108B4
:10DED40002000000000000005443502049505B3011
:10DEE4005D000000F8050120FF00000000000000B4
:10DEF400000000000001000000000000000000001D
:10DF0400000000005443502049505B315D00000084
:10DF1400FC050120FF0000000000000000000000DC
:10DF240000010000000000000000000000000000EC
:10DF34005443502049505B325D000000000601202C
:10DF4400FF000000000000000000000000010000CD
:10DF540000000000000000000000000054435020B6
:10DF640049505B335D00000004060120FF000000FF
:10DF7400000000000000000000010000000000009C
:10DF84000000000000000000544350204D535B305B
:10DF94005D0000000C060120FF00000000000000EE
:10DFA400000000000001000000000000000000006C
:10DFB40000000000544350204D535B315D000000CD
:10DFC40010060120FF000000000000000000000017
:10DFD400000100000000000000000000000000003C
:10DFE400544350204D535B325D0000001406012061
:10DFF400FF0000000000000000000000000100001D
:10E004000000000000000000000000005443502005
:10E014004D535B335D00000018060120FF00000033
:10E0240000000000000000000001000000000000EB
:10E03400000000000000000064B4010814000000A7
:10E04400140000002F00000094C50108337C000078
:10E05400790501080000000000005C420000AE42A7
:10E0640000002C4300809D430040064400005344BC
:10E074000020994400A0CD4400A0004500C01745ED
:10E0840000E02A4500E039450040454500B04D45D3
:10E0940000F053450090584500F05B4500705E4524
:10E0A4000050604500C0614500D0624500C0624533
:10E0B40000409C4500C079C400C079C4000020C25F
:10E0C4000000F0C10000A0C1000020C10000000059
:10E0D400000020410000A0410000F0410000204267
:10E0E400000048420000704200008C420000A04240
:10E0F4000000B4420000C8420000DC420000F042CC
:10E104000000024300000C430000164300C07944A1
:10E1140000C07944007A030A0CBB01080300000024
:10E1240091410108100000003D4101080600000073
:10E134001141010817000000F94101082B000000FB
:10E144003943010814000000994201081600000038
:10E15400F142010818000000D14201081900000032
:10E16400154301081A000000B94301081B00000010
:10E17400C94301081C000000154401080000000008
:10E18400000000000000000000000000000000008B
:10E194000000000000000000000000000200000079
:10E1A40080BB01086EFF0020000000008CBB01084A
:10E1B400000000006EFF002000000000000080400E
:10E1C4000000803F01000000154A010870FF002094
:10E1D4000000000098BB01080100000070FF00204F
:10E1E40000000000000080400000803F01000000AB
:10E1F400154A01086CFF002000000000A4BB0108C0
:10E20400020000006CFF00200000000000008040BD
:10E214000000803F01000000154A010872FF002041
:10E2240000000100B4BB01080300000072FF0020DD
:10E2340000000000000000000000000000000000DA
:10E244000000000074FF002000000100BCBB0108B6
:10E254000400000074FF0020000000000000000023
:10E2640000000000000000000000000076FF002015
:10E2740000000100C4BB01080500000076FF002077
:10E28400000000000000000000000000000000008A
:10E294000000000078FF002000000100CCBB010852
:10E2A4000600000078FF00200000000000000000CD
:10E2B4000000000000000000000000007AFF0020C1
:10E2C40000000100D4BB0108070000007AFF002011
:10E2D400000000000000000000000000000000003A
:10E2E400000000007CFF002000000100DCBB0108EE
:10E2F400080000007CFF0020000000000000000077
:10E304000000000000000000000000000000000009
:10E3140000000000000000000000000000000000F9
:10E3240000000000000000000000000000000000E9
:10E3340000000000000000000000000000000000D9
:10E3440000000000000000000000000000000000C9
:10E3540000000000000000000000000000000000B9
:10E3640000000000000000000000000000000000A9
:10E374000000000000000000000000000000000099
:10E384000000000000000000000000000000000089
:10E394000000000000000000000000000000000079
:10E3A4000000000000000000000000000000000069
:10E3B4000000000000000000000000000000000059
:10E3C4000000000000000000000000000000000049
:10E3D4000000000000000000000000000000000039
:10E3E4000000000000000000000000000000000029
:10E3F4000000000000000000000000000000000019
:10E404000000000000000000000000000000000008
:10E4140000000000000000000000000000000000F8
:10E4240000000000000000000000000000000000E8
:10E4340000000000000000000000000000000000D8
:10E4440000000000000000000000000000000000C8
:10E4540000000000000000000000000000000000B8
:10E4640000000000000000000000000000000000A8
:10E474000000000000000000000000000000000098
:10E484000000000000000000000000000000000088
:10E494000000000000000000000000000000000078
:10E4A4000000000000000000000000000000000068
:10E4B4000000000000000000000000000000000058
:10E4C4000000000000000000000000000000000048
:10E4D4000000000000000000000000000000000038
:10E4E4000000000000000000000000000000000028
:10E4F4000000000000000000000000000000000018
:10E504000000000000000000000000000000000007
:10E5140000000000000000000000000000000000F7
:10E5240000000000000000000000000000000000E7
:10E5340000000000000000000000000000000000D7
:10E5440000000000000000000000000000000000C7
:10E5540000000000000000000000000000000000B7
:10E5640000000000000000000000000000000000A7
:10E574000000000000000000000000000000000097
:10E584000000000000000000000000000000000087
:10E594000000000000000000000000000000000077
:10E5A4000000000000000000000000000000000067
:10E5B4000000000000000000000000000000000057
:10E5C4000000000000000000000000000000000047
:10E5D4000000000000000000000000000000000037
:10E5E4000000000000000000000000000000000027
:10E5F4000000000000000000000000000000000017
:10E604000000000000000000000000000000000006
:10E6140000000000000000000000000000000000F6
:10E6240000000000000000000000000000000000E6
:10E6340000000000000000000000000000000000D6
:10E6440000000000000000000000000000000000C6
:10E6540000000000000000000000000000000000B6
:10E6640000000000000000000000000000000000A6
:10E674000000000000000000000000000000000096
:10E684000000000000000000000000000000000086
:10E694000000000000000000000000000000000076
:10E6A4000000000000000000000000000000000066
:10E6B4000000000000000000000000000000000056
:10E6C4000000000000000000000000000000000046
:10E6D4000000000000000000000000000000000036
:10E6E4000000000000000000000000000000000026
:10E6F4000000000000000000000000000000000016
:10E704000000000000000000000000000000000005
:10E7140000000000000000000000000000000000F5
:10E7240000000000000000000000000000000000E5
:10E7340000000000000000000000000000000000D5
:10E7440000000000000000000000000000000000C5
:10E7540000000000000000000000000000000000B5
:10E7640000000000000000000000000000000000A5
:10E774000000000000000000000000000000000095
:10E784000000000000000000000000000000000085
:10E794000000000000000000000000000000000075
:10E7A4000000000000000000000000000000000065
:10E7B4000000000000000000000000000000000055
:10E7C4000000000000000000000000000000000045
:10E7D4000000000000000000000000000000000035
:10E7E4000000000000000000000000000000000025
:10E7F4000000000000000000000000000000000015
:10E804000000000000000000000000000000000004
:10E8140000000000000000000000000000000000F4
:10E8240000000000000000000000000000000000E4
:10E8340000000000000000000000000000000000D4
:10E8440000000000000000000000000000000000C4
:10E8540000000000000000000000000000000000B4
:10E8640000000000000000000000000000000000A4
:10E874000000000000000000000000000000000094
:10E884000000000000000000000000000000000084
:10E894000000000000000000000000000000000074
:10E8A4000000000000000000000000000000000064
:10E8B4000000000000000000000000000000000054
:10E8C4000000000000000000000000000000000044
:10E8D4000000000000000000000000000000000034
:10E8E4000000000000000000000000000000000024
:10E8F4000000000000000000000000000000000014
:10E904000000000000000000000000000000000003
:10E9140000000000000000000000000000000000F3
:10E9240000000000000000000000000000000000E3
:10E9340000000000000000000000000000000000D3
:10E9440000000000000000000000000000000000C3
:10E9540000000000000000000000000000000000B3
:10E9640000000000000000000000000000000000A3
:10E974000000000000000000000000000000000093
:10E984000000000000000000000000000000000083
:10E994000000000000000000000000000000000073
:10E9A4000000000000000000000000000000000063
:10E9B4000000000000000000000000000000000053
:10E9C400000000000900000000000000A8FF002073
:10E9D40000000000E4BB010865100000A8FF00204F
:10E9E4000000000000004040000040400100000022
:10E9F400154A0108AAFF002000000000ECBB010832
:10EA040066100000AAFF0020000000000000804003
:10EA14000000803F01000000154A0108ACFF0020FF
:10EA240000000000F4BB010867100000ACFF0020E8
:10EA340000000000000080400000803F0100000052
:10EA4400154A0108AEFF002000000000FCBB0108CD
:10EA54006E100000AEFF0020000000000000000067
:10EA64000000000000000000154A0108B2FF002069
:10EA74000000000040BD010870100000B2FF00203B
:10EA84000000000000000000000000000000000082
:10EA9400154A0108B0FF00200000000040BD010835
:10EAA4006F100000B0FF0020000000000000000014
:10EAB4000000000000000000154A0108B4FF002017
:10EAC4000000000040BD010871100000B4FF0020E8
:10EAD4000000000000000000000000000000000032
:10EAE400154A0108B6FF00200000000040BD0108DF
:10EAF40072100000B6FF00200000000000000000BB
:10EB04000000000000000000154A0108B8FF0020C2
:10EB14000000000040BD010879100000B8FF00208B
:10EB240000000000000000000000000000000000E1
:10EB3400154A0108BAFF00200000000040BD01088A
:10EB44007A100000BAFF002000000000000000005E
:10EB54000000000000000000154A0108DEFF00204C
:10EB64000000000040BD01087B100000DEFF002013
:10EB74000000000000000000000000000000000091
:10EB8400154A0108BCFF00200000000040BD010838
:10EB94007C100000BCFF002000000000000000000A
:10EBA4000000000000000000154A0108BEFF00201C
:10EBB4000000000040BD01087D100000BEFF0020E1
:10EBC4000000000000000000000000000000000041
:10EBD400154A0108C0FF00200000000040BD0108E4
:10EBE4007E100000C0FF00200000000000000000B4
:10EBF4000000000000000000154A0108C2FF0020C8
:10EC04000000000040BD010882100000C2FF002087
:10EC140000000000000000000000000000000000F0
:10EC2400154A0108C4FF00200000000040BD01088F
:10EC340083100000C4FF002000000000000000005A
:10EC44000000000000000000154A0108C6FF002073
:10EC54000000000040BD010884100000C6FF002031
:10EC640000000000000000000000000000000000A0
:10EC7400154A0108C8FF00200000000040BD01083B
:10EC840085100000C8FF0020000000000000000004
:10EC94000000000000000000154A0108CAFF00201F
:10ECA4000000000040BD01088C100000CAFF0020D5
:10ECB4000000000000000000000000000000000050
:10ECC400154A0108CCFF00200000000040BD0108E7
:10ECD4008D100000CCFF00200000000000000000A8
:10ECE4000000000000000000154A0108CEFF0020CB
:10ECF4000000010000BC0108F0100000CEFF00205D
:10ED040000000000000000000000000000000000FF
:10ED140000000000D0FF00200000010004BC010836
:10ED2400F1100000D0FF00200000000000000000EF
:10ED3400000000000000000000000000D2FF0020DE
:10ED44000000010008BC0108F2100000D2FF0020FE
:10ED540000000000000000000000000000000000AF
:10ED640000000000D4FF0020000001000CBC0108DA
:10ED7400F3100000D4FF0020000000000000000099
:10ED8400000000000000000000000000D6FF00208A
:10ED94000000010010BC0108F4100000D6FF0020A0
:10EDA400000000000000000000000000000000005F
:10EDB40000000000D8FF00200000010014BC01087E
:10EDC400F5100000D8FF0020000000000000000043
:10EDD400000000000000000000000000DAFF002036
:10EDE4000000010018BC01080E110000DAFF002029
:10EDF400000000000000000000000000000000000F
:10EE040000000000DCFF00200000010024BC010819
:10EE14000F110000DCFF00200000000000000000D3
:10EE240000000000000000000000000000000000DE
:10EE340000000000000000000000000000000000CE
:10EE440000000000000000000000000000000000BE
:10EE540000000000000000000000000000000000AE
:10EE6400000000000000000000000000000000009E
:10EE7400000000000000000000000000000000008E
:10EE8400000000000000000000000000000000007E
:10EE9400000000000000000000000000000000006E
:10EEA400000000000000000000000000000000005E
:10EEB400000000000000000000000000000000004E
:10EEC400000000000000000000000000000000003E
:10EED400000000000000000000000000000000002E
:10EEE400000000000000000000000000000000001E
:10EEF400000000000000000000000000000000000E
:10EF040000000000000000000000000000000000FD
:10EF140000000000000000000000000000000000ED
:10EF240000000000000000000000000000000000DD
:10EF340000000000000000000000000000000000CD
:10EF440000000000000000000000000000000000BD
:10EF540000000000000000000000000000000000AD
:10EF6400000000000000000000000000000000009D
:10EF7400000000000000000000000000000000008D
:10EF8400000000000000000000000000000000007D
:10EF9400000000000000000000000000000000006D
:10EFA400000000000000000000000000000000005D
:10EFB400000000000000000000000000000000004D
:10EFC400000000000000000000000000000000003D
:10EFD400000000000000000000000000000000002D
:10EFE400000000000000000000000000000000001D
:10EFF400000000000000000000000000000000000D
:10F0040000000000000000000000000000000000FC
:10F0140000000000000000000000000000000000EC
:10F0240000000000000000000000000000000000DC
:10F0340000000000000000000000000000000000CC
:10F0440000000000000000000000000000000000BC
:10F0540000000000000000000000000000000000AC
:10F06400000000000000000000000000000000009C
:10F07400000000000000000000000000000000008C
:10F08400000000000000000000000000000000007C
:10F09400000000000000000000000000000000006C
:10F0A400000000000000000000000000000000005C
:10F0B400000000000000000000000000000000004C
:10F0C400000000000000000000000000000000003C
:10F0D400000000000000000000000000000000002C
:10F0E400000000000000000000000000000000001C
:10F0F400000000000000000000000000000000000C
:10F1040000000000000000000000000000000000FB
:10F1140000000000000000000000000000000000EB
:10F1240000000000000000000000000000000000DB
:10F1340000000000000000000000000000000000CB
:10F1440000000000000000000000000000000000BB
:10F1540000000000000000000000000000000000AB
:10F16400000000000000000000000000000000009B
:10F17400000000000000000000000000000000008B
:10F18400000000000000000000000000000000007B
:10F19400000000000000000000000000000000006B
:10F1A400000000000000000000000000000000005B
:10F1B400000000000000000000000000000000004B
:10F1C400000000000000000000000000000000003B
:10F1D400000000000000000000000000000000002B
:10F1E4000000000000000000000000001C000000FF
:10F1F40000100000E4FF002000000000E4BB010850
:10F2040065200000E4FF00200000000000004040F2
:10F214000000404001000000154A0108E6FF0020FC
:10F2240000000000ECBB010866200000E6FF00209F
:10F2340000000000000080400000803F010000004A
:10F24400154A0108E8FF002000000000F4BB010893
:10F2540067200000E8FF002000000000000080405C
:10F264000000803F01000000154A0108EAFF002069
:10F2740000000000FCBB01086E200000EAFF002033
:10F28400000000000000000000000000000000007A
:10F29400154A0108EEFF00200000000040BD0108EF
:10F2A40070200000EEFF00200000000000000000BD
:10F2B4000000000000000000154A0108ECFF0020D7
:10F2C4000000000040BD01086F200000ECFF00209A
:10F2D400000000000000000000000000000000002A
:10F2E400154A0108F0FF00200000000040BD01089D
:10F2F40071200000F0FF002000000000000000006A
:10F304000000000000000000154A0108F2FF002080
:10F314000000000040BD010872200000F2FF002040
:10F3240000000000000000000000000000000000D9
:10F33400154A0108F4FF00200000000040BD010848
:10F3440079200000F4FF002000000000000000000D
:10F354000000000000000000154A0108F6FF00202C
:10F364000000000040BD01087A200000F6FF0020E4
:10F374000000000000000000000000000000000089
:10F38400154A01081A0001200000000040BD0108D0
:10F394007B2000001A000120000000000000000093
:10F3A4000000000000000000154A0108F8FF0020DA
:10F3B4000000000040BD01087C200000F8FF002090
:10F3C4000000000000000000000000000000000039
:10F3D400154A0108FAFF00200000000040BD0108A2
:10F3E4007D200000FAFF0020000000000000000063
:10F3F4000000000000000000154A0108FCFF002086
:10F404000000000040BD01087E200000FCFF002039
:10F4140000000000000000000000000000000000E8
:10F42400154A0108FEFF00200000000040BD01084D
:10F4340082200000FEFF0020000000000000000009
:10F444000000000000000000154A0108000001202F
:10F454000000000040BD01088320000000000120DE
:10F464000000000000000000000000000000000098
:10F47400154A0108020001200000000040BD0108F7
:10F4840084200000020001200000000000000000B1
:10F494000000000000000000154A010804000120DB
:10F4A4000000000040BD0108852000000400012088
:10F4B4000000000000000000000000000000000048
:10F4C400154A0108060001200000000040BD0108A3
:10F4D4008C20000006000120000000000000000055
:10F4E4000000000000000000154A01080800012087
:10F4F4000000000040BD01088D200000080001202C
:10F5040000000000000000000000000000000000F7
:10F51400154A01080A0001200000010000BC01088E
:10F52400F02000000A00012000000000000000009C
:10F534000000000000000000000000000C0001209A
:10F544000000010004BC0108F12000000C000120AF
:10F5540000000000000000000000000000000000A7
:10F56400000000000E0001200000010008BC01089A
:10F57400F22000000E000120000000000000000046
:10F584000000000000000000000000001000012046
:10F59400000001000CBC0108F32000001000012051
:10F5A4000000000000000000000000000000000057
:10F5B40000000000120001200000010010BC01083E
:10F5C400F4200000120001200000000000000000F0
:10F5D40000000000000000000000000014000120F2
:10F5E4000000010014BC0108F520000014000120F3
:10F5F4000000000000000000000000000000000007
:10F6040000000000160001200000010018BC0108E1
:10F614000E21000016000120000000000000000080
:10F62400000000000000000000000000180001209D
:10F634000000010024BC01080F2100001800012073
:10F6440000000000000000000000000000000000B6
:10F6540000000000000000000000000000000000A6
:10F664000000000000000000000000000000000096
:10F674000000000000000000000000000000000086
:10F684000000000000000000000000000000000076
:10F694000000000000000000000000000000000066
:10F6A4000000000000000000000000000000000056
:10F6B4000000000000000000000000000000000046
:10F6C4000000000000000000000000000000000036
:10F6D4000000000000000000000000000000000026
:10F6E4000000000000000000000000000000000016
:10F6F4000000000000000000000000000000000006
:10F7040000000000000000000000000000000000F5
:10F7140000000000000000000000000000000000E5
:10F7240000000000000000000000000000000000D5
:10F7340000000000000000000000000000000000C5
:10F7440000000000000000000000000000000000B5
:10F7540000000000000000000000000000000000A5
:10F764000000000000000000000000000000000095
:10F774000000000000000000000000000000000085
:10F784000000000000000000000000000000000075
:10F794000000000000000000000000000000000065
:10F7A4000000000000000000000000000000000055
:10F7B4000000000000000000000000000000000045
:10F7C4000000000000000000000000000000000035
:10F7D4000000000000000000000000000000000025
:10F7E4000000000000000000000000000000000015
:10F7F4000000000000000000000000000000000005
:10F8040000000000000000000000000000000000F4
:10F8140000000000000000000000000000000000E4
:10F8240000000000000000000000000000000000D4
:10F8340000000000000000000000000000000000C4
:10F8440000000000000000000000000000000000B4
:10F8540000000000000000000000000000000000A4
:10F864000000000000000000000000000000000094
:10F874000000000000000000000000000000000084
:10F884000000000000000000000000000000000074
:10F894000000000000000000000000000000000064
:10F8A4000000000000000000000000000000000054
:10F8B4000000000000000000000000000000000044
:10F8C4000000000000000000000000000000000034
:10F8D4000000000000000000000000000000000024
:10F8E4000000000000000000000000000000000014
:10F8F4000000000000000000000000000000000004
:10F9040000000000000000000000000000000000F3
:10F9140000000000000000000000000000000000E3
:10F9240000000000000000000000000000000000D3
:10F9340000000000000000000000000000000000C3
:10F9440000000000000000000000000000000000B3
:10F9540000000000000000000000000000000000A3
:10F964000000000000000000000000000000000093
:10F974000000000000000000000000000000000083
:10F984000000000000000000000000000000000073
:10F994000000000000000000000000000000000063
:10F9A4000000000000000000000000000000000053
:10F9B4000000000000000000000000000000000043
:10F9C4000000000000000000000000000000000033
:10F9D4000000000000000000000000000000000023
:10F9E4000000000000000000000000000000000013
:10F9F4000000000000000000000000000000000003
:10FA040000000000000000000000000000000000F2
:10FA1400000000001C00000000200000360001204F
:10FA24000000000030BC01086430000036000120F2
:10FA34000000000000000040000000000100000081
:10FA4400154A0108380001200000000038BC0108F4
:10FA54006530000038000120000000000000C842AA
:10FA64000000000001000000154A01083A000120CE
:10FA74000000000040BC0108663000003A0001208C
:10FA8400000000000000C842000000000100000067
:10FA9400154A01083C0001200000000048BC010890
:10FAA400673000003C000120000000000000803F9F
:10FAB4000000000001000000154A01083E0001207A
:10FAC400000000004CBC0108683000003E0001202A
:10FAD40000000000000000000000803F0000000063
:10FAE400154A0108400001200000010054BC01082F
:10FAF4006E30000040000120000000000000000003
:10FB0400000000000000000000000000420001208E
:10FB1400000001005CBC01086F30000042000120BD
:10FB240000000000000000000000000000000000D1
:10FB340000000000440001200000010064BC010832
:10FB440070300000440001200000000000000000AC
:10FB5400000000000000000000000000460001203A
:10FB6400000001006CBC0108713000004600012057
:10FB74000000000000000000000000000000000081
:10FB840000000000480001200000010074BC0108CE
:10FB94007230000048000120000000000000000056
:10FBA4000000000000000000000000004A000120E6
:10FBB400000001007CBC0108733000004A000120F1
:10FBC4000000000000000000000000000000000031
:10FBD400000000004C0001200000010084BC01086A
:10FBE400783000004C0001200000000000000000FC
:10FBF4000000000000000000000000004E00012092
:10FC0400000001008CBC0108793000004E00012086
:10FC140000000000000000000000000000000000E0
:10FC240000000000500001200000010094BC010805
:10FC34007A300000500001200000000000000000A5
:10FC4400000000000000000000000000520001203D
:10FC5400000000009CBC01087B3000005200012021
:10FC6400000000000000E14400C0DA44010000008C
:10FC7400154A01085400012000000000A4BC01083A
:10FC84007C3000005400012000000000000000400F
:10FC94000000803F01000000154A010856000120C1
:10FCA40000000000A8BC01087D30000056000120BF
:10FCB40000000000000000400000000001000000FF
:10FCC400154A01085800012000000000ACBC0108DE
:10FCD4007E300000580001200000803F003C1C469C
:10FCE40000007A4401000000154A01086400012064
:10FCF40000000000B0BC0108823000006400012054
:10FD04000000000000C07944000020410100000010
:10FD1400154A01086600012000000000B8BC010873
:10FD240083300000660001200000000000C0794418
:10FD34000000A04101000000154A010868000120EC
:10FD440000000000C0BC01088430000068000120ED
:10FD54000000000000C079440000A0410100000040
:10FD6400154A01086A00012000000000C8BC01080F
:10FD7400853000006A0001200000000000C07944C2
:10FD84000000A04101000000154A01086C00012098
:10FD940000000000D0BC01088C3000006C00012081
:10FDA40000000000000000000000803F0000000090
:10FDB400154A01087000012000000000D8BC0108A9
:10FDC40096300000700001200000000000000000D8
:10FDD4000000000000000000154A01087200012024
:10FDE40000000000DCBC0108A0300000720001200B
:10FDF40000000000000000000000000000000000FF
:10FE0400154A01087400012000000000DCBC010850
:10FE1400A130000074000120000000000000000078
:10FE24000000000000000000154A010876000120CF
:10FE340000000000E4BC0108AA30000076000120A4
:10FE440000000000000000000000000000000000AE
:10FE5400154A01088200012000000100ECBC0108E1
:10FE6400B430000082000120000000000000000007
:10FE740000000000000000000000000084000120D9
:10FE840000000100F4BC0108B5300000840001202A
:10FE9400000000000000000000000000000000005E
:10FEA400000000008600012000000100FCBC0108E5
:10FEB400B6300000860001200000000000000000B1
:10FEC4000000000000000000000000008800012085
:10FED4000000010004BD0108BE30000088000120BC
:10FEE400000000000000000000000000000000000E
:10FEF400000000008A00012000000100DCBC0108B1
:10FF0400C83000008A00012000000000000000004A
:10FF14000000000000000000000000008C00012030
:10FF2400000001000CBD0108D23000008C0001204B
:10FF340000000000000000000000000000000000BD
:10FF4400000000008E0001200000010010BD010827
:10FF5400D33000008E0001200000000000000000EB
:10FF640000000000000000000000000090000120DC
:10FF74000000010038BC0108D430000090000120CA
:10FF8400000000000000000000000000000000006D
:10FF940000000000920001200000010040BC0108A4
:10FFA400D530000092000120000000000000000095
:10FFB4000000000000000000000000009600012086
:10FFC4000000010004BD0108DC300000960001209F
:10FFD400000000000000000000000000000000001D
:10FFE40000000000980001200000010014BD010879
:0CFFF400E6300000980001200000000032
:020000040802F0
:1000000000000000000000000000000000000000F0
:100010009A0001200000010018BD0108E73000002F
:100020009A00012000000000000000000000000015
:1000300000000000000000009C0001200000010002
:10004000D0BC0108F03000009C000120000000003E
:1000500000000000000000000000000000000000A0
:100060000000000000000000000000000000000090
:100070000000000000000000000000000000000080
:100080000000000000000000000000000000000070
:100090000000000000000000000000000000000060
:1000A0000000000000000000000000000000000050
:1000B0000000000000000000000000000000000040
:1000C0000000000000000000000000000000000030
:1000D0000000000000000000000000000000000020
:1000E0000000000000000000000000000000000010
:1000F0000000000000000000000000000000000000
:1001000000000000000000000000000000000000EF
:1001100000000000000000000000000000000000DF
:1001200000000000000000000000000000000000CF
:1001300000000000000000000000000000000000BF
:1001400000000000000000000000000000000000AF
:10015000000000000000000000000000000000009F
:10016000000000000000000000000000000000008F
:10017000000000000000000000000000000000007F
:10018000000000000000000000000000000000006F
:10019000000000000000000000000000000000005F
:1001A000000000000000000000000000000000004F
:1001B000000000000000000000000000000000003F
:1001C000000000000000000000000000000000002F
:1001D000000000000000000000000000000000001F
:1001E000000000000000000000000000000000000F
:1001F00000000000000000000000000000000000FF
:1002000000000000000000000000000000000000EE
:1002100000000000000000000000000000000000DE
:1002200000000000000000000000000000000000CE
:1002300000000000000000000000000000000000BE
:100240002800000000300000AE0001200000000087
:1002500030BC010864400000AE0001200000000036
:10026000000000400000000001000000154A0108E5
:10027000B00001200000000038BC0108654000000B
:10028000B0000120000000000000C8420000000093
:1002900001000000154A0108B20001200000000022
:1002A00040BC010866400000B200012000000000D0
:1002B0000000C8420000000001000000154A0108CB
:1002C000B40001200000000048BC010867400000A5
:1002D000B4000120000000000000803F000000008A
:1002E00001000000154A0108B600012000000000CE
:1002F0004CBC010868400000B6000120000000006E
:10030000000000000000803F00000000154A0108C6
:10031000B80001200000010054BC01086E4000003C
:10032000B8000120000000000000000000000000F4
:100330000000000000000000BA00012000000100E1
:100340005CBC01086F400000BA0001200000000002
:10035000000000000000000000000000000000009D
:10036000BC0001200000010064BC010870400000D6
:10037000BC000120000000000000000000000000A0
:100380000000000000000000BE000120000001008D
:100390006CBC010871400000BE000120000000009C
:1003A000000000000000000000000000000000004D
:1003B000C00001200000010074BC01087240000070
:1003C000C00001200000000000000000000000004C
:1003D0000000000000000000C20001200000010039
:1003E0007CBC010873400000C20001200000000036
:1003F00000000000000000000000000000000000FD
:10040000C40001200000010084BC01087840000005
:10041000C4000120000000000000000000000000F7
:100420000000000000000000C600012000000100E4
:100430008CBC010879400000C600012000000000CB
:1004400000000000000000000000000000000000AC
:10045000C80001200000010094BC01087A4000009F
:10046000C8000120000000000000000000000000A3
:100470000000000000000000CA0001200000000091
:100480009CBC01087B400000CA0001200000000065
:100490000000E14400C0DA4401000000154A0108F0
:1004A000CC00012000000000A4BC01087C4000003A
:1004B000CC00012000000000000000400000803F50
:1004C00001000000154A0108CE00012000000000D4
:1004D000A8BC01087D400000CE0001200000000003
:1004E000000000400000000001000000154A010863
:1004F000D000012000000000ACBC01087E400000DC
:10050000D00001200000803F003C1C4600007A44DF
:1005100001000000154A0108DC0001200000000075
:10052000B0BC010882400000DC0001200000000097
:1005300000C079440000204101000000154A010874
:10054000DE00012000000000B8BC0108834000006C
:10055000DE0001200000000000C079440000A0413E
:1005600001000000154A0108E00001200000000021
:10057000C0BC010884400000E00001200000000031
:1005800000C079440000A04101000000154A0108A4
:10059000E200012000000000C8BC01088540000006
:1005A000E20001200000000000C079440000A041EA
:1005B00001000000154A0108E400012000000000CD
:1005C000D0BC01088C400000E400012000000000C5
:1005D000000000000000803F00000000154A0108F4
:1005E000E800012000000000D8BC0108964000008F
:1005F000E8000120000000000000000000000000F2
:1006000000000000154A0108EA0001200000000077
:10061000DCBC0108A0400000EA000120000000004E
:10062000000000000000000000000000154A010862
:10063000EC00012000000000DCBC0108A14000002B
:10064000EC0001200000000000000000000000009D
:1006500000000000154A0108EE0001200000000023
:10066000E4BC0108AA400000EE00012000000000E8
:10067000000000000000000000000000154A010812
:10068000FA00012000000100ECBC0108B4400000A9
:10069000FA0001200000000000000000000000003F
:1006A0000000000000000000FC000120000001002C
:1006B000F4BC0108B5400000FC000120000000006F
:1006C000000000000000000000000000000000002A
:1006D000FE00012000000100FCBC0108B640000043
:1006E000FE000120000000000000000000000000EB
:1006F00000000000000000000001012000000100D7
:1007000004BD0108BE4000000001012000000000FF
:1007100000000000000000000000000000000000D9
:100720000201012000000100DCBC0108C8400000FB
:100730000201012000000000000000000000000095
:100740000000000000000000040101200000010082
:100750000CBD0108D240000004010120000000008F
:100760000000000000000000000000000000000089
:10077000060101200000010010BD0108D340000067
:100780000601012000000000000000000000000041
:10079000000000000000000008010120000001002E
:1007A00038BC0108D440000008010120000000000E
:1007B0000000000000000000000000000000000039
:1007C0000A0101200000010040BC0108D5400000E2
:1007D0000A010120000000000000000000000000ED
:1007E00000000000000000000E01012000000100D8
:1007F00004BD0108DC4000000E01012000000000E3
:1008000000000000000000000000000000000000E8
:10081000100101200000010014BD0108E6400000A5
:100820001001012000000000000000000000000096
:100830000000000000000000120101200000010083
:1008400018BD0108E740000012010120000000006F
:100850000000000000000000000000000000000098
:100860001401012000000100D0BC0108F04000008C
:100870001401012000000000000000000000000042
:100880000000000000000000000000000000000068
:100890000000000000000000000000000000000058
:1008A0000000000000000000000000000000000048
:1008B0000000000000000000000000000000000038
:1008C0000000000000000000000000000000000028
:1008D0000000000000000000000000000000000018
:1008E0000000000000000000000000000000000008
:1008F00000000000000000000000000000000000F8
:1009000000000000000000000000000000000000E7
:1009100000000000000000000000000000000000D7
:1009200000000000000000000000000000000000C7
:1009300000000000000000000000000000000000B7
:1009400000000000000000000000000000000000A7
:100950000000000000000000000000000000000097
:100960000000000000000000000000000000000087
:100970000000000000000000000000000000000077
:100980000000000000000000000000000000000067
:100990000000000000000000000000000000000057
:1009A0000000000000000000000000000000000047
:1009B0000000000000000000000000000000000037
:1009C0000000000000000000000000000000000027
:1009D0000000000000000000000000000000000017
:1009E0000000000000000000000000000000000007
:1009F00000000000000000000000000000000000F7
:100A000000000000000000000000000000000000E6
:100A100000000000000000000000000000000000D6
:100A200000000000000000000000000000000000C6
:100A300000000000000000000000000000000000B6
:100A400000000000000000000000000000000000A6
:100A50000000000000000000000000000000000096
:100A6000000000000000000028000000004000001E
:100A7000F88F0100AAAAAAAA00005C4301000000A6
:100A8000000000000900000000000000000000005D
:100A90000000000000000000000000000000000056
:100AA0000000000000000000000000000100001A2B
:100AB0000100001609000000200100602002006013
:100AC0002003006020040060200500602006006014
:100AD000200700602008006020090060010000007D
:100AE000200100700000000000000000001007005E
:100AF0000007000098CC01088CCC0108543D002070
:100B000000000000000000000000000000000000E5
:100B100000000000011005000007000084CC01085F
:100B200074CC0108F4E7022000000000000000007F
:100B30000000000000000000000000000810090094
:100B4000000700006CCC010860CC0108443D002087
:100B50000000000000000000000000000000000095
:100B600000000000091009000007000058CC01082F
:100B700044CC01083C3D00200000000000000000C3
:100B80000000000000000000000000000A10090042
:100B9000000700003CCC010828CC0108343D0020AF
:100BA0000000000000000000000000000000000045
:100BB00000000000181023000409000008CC010800
:100BC000CCCB0108203D0020000000000000000008
:100BD000000000000000000000000000F1102A00EA
:100BE00002090000B8CB010878CB0108803E002044
:100BF00000000000000000000000000000000000F5
:100C000000000000001C0500040800006CCB010877
:100C100058CB0108183D0020000000000000000033
:100C2000000000000000000000000000321C29004D
:100C30002009000090CA010890C90108ACEB02200D
:100C400000000000000000000000000000000000A4
:100C500000000000331C29002009000090CA010890
:100C600090C8010868EB02200000000000000000AE
:100C7000000000000000000000000000FFFF000076
:100C80000000000000000000000000000000000064
:100C9000000000000000000000000000040001024D
:100CA00003040000040000003713000001000000EE
:100CB0000300000025071600352E3131000000002A
:100CC0006E2E612E0000000042415A4953414952A4
:100CD0005F504F574552000089130000000000008C
:100CE000000000000016050001090000CCCE01083C
:100CF00098CE0108583B00200000000000000000D2
:100D0000000000000000000000000000001A0500C4
:100D1000090900005CCE0108C4CD0108303B002069
:100D200000000000000000000000000000000000C3
:100D300000000000121C060001080000B8CD0108E8
:100D40009CCD01082C3B00200000000000000000AA
:100D5000000000000000000000000000131C06005E
:100D60000108000090CD010874CD0108283B002047
:100D70000000000000000000000000000000000073
:100D800000000000006005000909000038CD0108DE
:100D9000C4CC0108003B002000000000000000005F
:100DA00000000000000000000000000000700500CE
:100DB00001090000B8CC0108A0CC0108F83A0020D5
:100DC0000000000000000000000000000000000023
:100DD00000000000FFFF0000000000000000000015
:100DE0000000000000000000000000000000000003
:100DF00000000000537562496E6465782030303021
:100E000000000000020000000100000004000000DB
:0400000508007DD999
:00000001FF
